IN 67357",East Tracey,nicoledunn@example.org,180318
288947,Hannah Clark,Glover Group,"6440 Cobb Avenue Suite 024
West Alexa, MO 04896",Morrisbury,philipzamora@example.org,163137
288948,David Vang,Miller PLC,"9828 Autumn Fords Apt. 383
South Ethanburgh, DC 04162",South Juliaborough,teresa99@example.org,114857
288949,Jesse Mills,"Terry, Richardson and Duncan","78290 Medina Plains Suite 773
New Alexis, RI 37194",Davismouth,nicolewarner@example.net,152472
288950,James Santiago,Williamson-Bass,"342 Serrano Squares Suite 128
Lake Angiechester, MD 29473",Mendozaburgh,jamesgomez@example.net,59503
288951,Justin Jacobson,Rangel-Cuevas,"81861 Lewis Hill
Ericaborough, ID 73639",New Kenneth,katie03@example.net,165247
288952,Mr. Travis Espinoza,"Ortiz, Crawford and Shaw","Unit 4120 Box 7723
DPO AE 48527",New Pamela,estradaralph@example.com,111378
288953,Lindsay Stewart,Anderson-Cunningham,"46203 Ortega Spur
Brentstad, OR 03252",Ericaberg,martinjoseph@example.net,107850
288954,Grace Robinson,Barnett-Marshall,"8596 Short Rapids Apt. 270
Lake Tyler, LA 49028",Lake Douglasland,melaniefernandez@example.com,180585
288955,Michele Barrett,Barnes-Rice,"Unit 0167 Box 3356
DPO AA 50894",Mossside,jcunningham@example.com,78172
288956,David Sanford,"Phelps, Vang and Gardner","6208 Samantha Mountain
Port Spencer, ND 24922",Bartonport,barrettjennifer@example.org,155101
288957,Andrew Duran,Williams-Hernandez,"0496 Barnett Village Apt. 207
South Emilyfurt, IA 72341",East Samantha,oconnorjoseph@example.net,86898
288958,John Collins,Beck Ltd,"PSC 2681, Box 5338
APO AE 87717",Garciaview,daviddenise@example.org,190147
288959,William Hatfield,"Payne, Hicks and Hart","09033 Harris Tunnel Apt. 910
Port Angelachester, RI 60113",Millerland,heatherthornton@example.org,157803
288960,Autumn Harvey,"Gray, Chung and Hernandez","2603 Guerra Road
Onealland, SD 38726",West Victoria,brianwhite@example.net,50950
288961,Dustin Lane,Brown-Bradford,"PSC 9556, Box 0080
APO AE 66254",Lake Conniehaven,whunter@example.org,114765
288962,Robert King,Wallace and Sons,"723 Rogers Fork
West Michaela, CT 46619",North Abigail,wallslarry@example.com,72226
288963,James Knight,James-Romero,"8511 Andrew Pass Suite 097
Racheltown, IL 36872",North Christopherhaven,emily97@example.org,155472
288964,Deborah Green,"Rodriguez, Johnson and Holder","39650 Nash Centers
New Jeremy, VI 02415",Millerville,brandonbarnett@example.com,119561
288965,Rachel Romero,Blackburn LLC,"084 Greene Fall
North Cheryl, DC 24807",Pamelaton,smarshall@example.com,154456
288966,Eric Willis,Sharp-Mason,"4117 King Street
South Kimberly, MD 35043",East Lindseyville,kelly22@example.net,88686
288967,Dwayne Gibson,Johnston-Cline,"4234 Estes Plaza Apt. 975
Ashleyside, GU 77115",Lake Crystaltown,elizabeth07@example.net,147615
288968,Bradley Olson DDS,Sullivan-Franco,"617 Victor Harbors
Josephton, AR 99062",Alexandertown,pughrobert@example.org,191594
288969,Sarah Clayton,Todd-Ortiz,"40737 Joseph Alley Apt. 553
Lorrainechester, SC 25130",Gouldmouth,jacksoncurtis@example.net,83910
288970,Joshua Shepherd,Franco Group,"1982 Pena Square
North Markmouth, CA 69799",Meredithfort,ebaxter@example.org,121587
288971,Barbara Smith,Hamilton Ltd,"77570 Williams Inlet
West Charles, ME 65397",Shahburgh,anne69@example.net,134109
288972,Samuel Bryant,Torres Inc,"1541 Anthony Road Apt. 585
Lake Adam, SD 35064",North Williamstad,ericperez@example.net,125483
288973,Angela Maxwell,Bright Ltd,"0854 Angela Roads Suite 533
North Stephen, UT 63682",Port Wesleyhaven,ddeleon@example.net,192154
288974,Thomas Mendoza,"Duarte, Daugherty and Martinez","7814 Patel Wall Suite 312
Mirandafurt, AR 06401",North Tonyfort,cmitchell@example.com,51565
288975,Brian Kelly,Cox Inc,"35124 Russell Lane
Scottchester, SC 88071",Marytown,marytran@example.org,115268
288976,Matthew Horn,Quinn LLC,"7453 Anderson Greens
Mackchester, VI 63090",Martinezhaven,smithwilliam@example.org,155548
288977,Judith Wright,Ho-Fuller,"7590 Spencer Pines
Lake Joseph, CT 44716",Isaachaven,mackenzie97@example.org,78992
288978,Robert Kim,"Schultz, Young and Morrison","5338 Mary Views Apt. 807
South Kennethland, NY 44057",North Brittany,yrodriguez@example.net,84852
288979,Alexis Wilson,Wagner PLC,"6076 Bullock Ports Suite 850
Gaytown, VT 42110",Hoganhaven,trevormckinney@example.net,95891
288980,Anne Bradshaw,"Nelson, Case and Browning","27427 Miller Court
Davisburgh, WI 91483",Port Kellihaven,burnsmaria@example.net,116354
288981,David Morris,"Gonzales, Frazier and Jones","67847 Fuller Islands Apt. 195
East Sharon, VA 53993",North Kristinview,michelle34@example.org,186856
288982,Peter Smith,Hall LLC,"83815 David Keys
West Justinfurt, TN 15316",North Kyle,yatkinson@example.com,199021
288983,Tammie Luna,"Garcia, Jordan and Shelton","9640 Vega Run
Port Oliviafort, MO 56696",Jameschester,luis73@example.com,102126
288984,Carmen Holder,Powell-Hayes,"28215 Lauren Mills
Scottchester, AR 68541",New Amy,cummingschristopher@example.net,157909
288985,Hannah Brown,Ortiz Group,"79142 Joseph Island Apt. 759
Lake Davidchester, NM 14482",West Jamesberg,jaredcastillo@example.net,70299
288986,Jessica Gray,"Hodge, Shepard and Berry","57791 Jeffrey Station Apt. 106
West Donna, AL 71762",Gloverville,ycoleman@example.net,170970
288987,John Hill,Adkins-Reynolds,"916 Buckley Road Suite 679
East Shirleyberg, NH 96907",Port Juliahaven,stephanie70@example.net,86463
288988,Erin Phillips,Blevins Group,"USCGC Murphy
FPO AP 45741",Port Danielfort,nathan79@example.net,92317
288989,Robert Henderson,Dickson Group,"9050 Christine Land Suite 819
West Jonathan, NY 17991",North Jamesview,seansweeney@example.net,165770
288990,Michael Stanley,Merritt-Sanchez,"Unit 9442 Box 3378
DPO AE 83087",Lake Laura,zquinn@example.org,182846
288991,James Barnett,Fowler-Robertson,"6821 April Ports Apt. 144
South Nathaniel, AL 11392",Alvaradoland,andrecalderon@example.org,198442
288992,Angela Church,Fuentes-Johnson,"Unit 5447 Box 2382
DPO AE 73749",North Joseph,andersondaniel@example.com,199022
288993,Kimberly Smith,Cook-Wang,"996 Bradshaw Orchard Suite 959
Lake Rebecca, MI 56015",Wendyport,cdelgado@example.net,118162
288994,Gabriella Rojas,Orozco Inc,"82065 Prince Square
Suebury, VT 69448",Jillburgh,williamabbott@example.org,181217
288995,Michael Cohen,"Weeks, Morris and Leonard","132 Howard Club
South Melissatown, VA 82635",North Thomas,rdavis@example.net,143163
288996,Alan Rodgers,Martin Inc,"Unit 7021 Box 7054
DPO AP 28416",Josetown,christensentodd@example.com,195152
288997,Jimmy Olson,Scott-Miller,"568 Moore Stravenue Apt. 183
East Sheila, AS 76534",Woodardfurt,yangshawn@example.org,146671
288998,Steven Ross,Moreno-Miller,"484 Sanchez Overpass
New Lisaton, VA 91406",Bondfort,mhoffman@example.org,161687
288999,April Payne,Guzman Inc,"539 Park Light Suite 569
Donnaville, WI 22380",New Natalie,cantrelljessica@example.org,134924
289000,Trevor Davis,Bradley-Wang,"9521 Nichols Camp Suite 417
Christophermouth, WV 00997",Daviston,kristen08@example.org,155464
289001,Jason Soto,Underwood and Sons,"Unit 0149 Box 9312
DPO AA 05949",Sarafurt,martingregory@example.net,101496
289002,David Russell,"Mitchell, Marquez and Anderson","305 Christopher Alley
North Kimberg, WA 06760",Michelleland,zshields@example.org,181212
289003,Scott Johnson,"Lee, Butler and Gardner","36433 Joel Rapid
Amyfort, WI 32314",Choitown,tcook@example.org,118198
289004,Damon Stanley,Mendez PLC,"808 Park Inlet
Sharonland, SD 24055",Hendersonfort,sarahcortez@example.net,86983
289005,Diane Huffman,Marshall-Phillips,"530 Liu Hollow Apt. 000
Port Lorraine, TN 59777",Lake Kimberlyhaven,christina01@example.com,192492
289006,Deanna Davis,Little and Sons,"PSC 1107, Box 6303
APO AA 30904",Brendabury,daniel49@example.com,192498
289007,Hailey Jenkins,"Ware, Young and Pierce","874 Debra Greens Apt. 204
Christieville, WA 88212",Staceytown,ycasey@example.net,156721
289008,Chris White,"Wall, Williams and Mcguire","38631 James Drive Suite 368
Laurafurt, MH 59815",Greenfurt,toniriley@example.org,139334
289009,Dr. Ashley Castillo,Rivers Inc,"611 Lauren Row
Lake Michaelland, NY 35426",Lifurt,brownbruce@example.net,166413
289010,Edward Johnson,"Kennedy, Mitchell and Hernandez","193 Wood Pine Suite 048
West Brittany, KY 63684",Lake Kylehaven,leroyhill@example.net,118615
289011,Chelsea Scott,Weaver-Glenn,"27124 Williams Fort Apt. 755
Brandyborough, NJ 30791",Annahaven,iblake@example.net,87379
289012,Robert Hall,"Jefferson, Garcia and Hall","6716 Erica Gateway
Deniseton, MI 26983",Leahchester,epena@example.net,141833
289013,Preston Miller,"Flores, Chase and Wiley","5200 Kayla Union Apt. 471
Coffeymouth, NE 49564",Daisyton,christopher17@example.com,194402
289014,Heather Page,Anderson-Mccullough,"6571 Arnold Knoll Apt. 135
Lake Calvinberg, UT 89326",Annashire,steven47@example.com,160478
289015,Ryan Warner,Cruz-Cole,"16653 Guerra Drives
Amytown, IN 05083",Sandersville,jessicabrown@example.org,140422
289016,Nancy Gill,Long-Wagner,"200 Dana Course
Lake Laura, MD 70563",Jenniferland,aaguilar@example.org,78729
289017,Shannon Bailey,"Brown, Walls and Maldonado","71636 Zachary Street Suite 378
South Amanda, MT 66843",Maciaston,daltonchristopher@example.net,60633
289018,Sarah Lowe,Duncan-Taylor,"89832 Miller Walk Suite 610
Luceroshire, NV 12236",South Thomas,scottchristine@example.org,130143
289019,Debra Ortega,Miller-Barrett,"8550 Amanda Highway
North Bryanborough, MI 88078",North Sarah,rachel68@example.org,127318
289020,Chelsea Kim,Wallace-Garcia,"Unit 0439 Box 3303
DPO AP 62085",Laurieton,hknox@example.com,63080
289021,Dalton Brennan,Zamora and Sons,"85759 Snyder Points
Lake Lauren, VI 51409",New Benjamin,justintaylor@example.com,76819
289022,Michael Clark,Martin and Sons,"946 Erin Lane
New Timothy, PW 27186",Robinsonburgh,randyalexander@example.com,74121
289023,Amanda Valenzuela,Miller-Randall,"895 Goodman Skyway
Jerryview, NV 68620",Turnerland,ryan72@example.org,156494
289024,Michael Fischer,Marsh-Sullivan,"452 Gonzalez Crest
Christopherfurt, MS 92022",Port Ryan,michele58@example.net,197296
289025,Tracey Stark,Rodriguez and Sons,"348 Joseph Streets Apt. 095
Millerside, MD 24836",West Douglas,kathyking@example.com,123261
289026,Alfred Carrillo,Garcia Inc,"11144 Amy Extensions Apt. 830
Evanburgh, MS 74823",Richardland,joshua20@example.net,173421
289027,Christopher Nash,Perez and Sons,"PSC 7229, Box 1814
APO AP 36963",Lake Heatherchester,sarahmurphy@example.com,160720
289028,Tasha Sandoval,Bautista and Sons,"1389 Amanda Summit
West Thomasshire, UT 86345",Nguyenshire,scottbrent@example.org,194918
289029,Melissa Cline,"Munoz, Hansen and Tapia","31437 Peter Rapid
East Territown, LA 69532",Anthonyshire,dustinparrish@example.com,179512
289030,Jonathan Sanchez,Cox Ltd,"663 William Fall
Brownmouth, ID 14621",North Danielberg,campbellemily@example.net,78360
289031,Ryan Shaw,Miller-Dixon,"505 Burke Underpass
New Jenniferside, KS 87803",Lake Jeremyview,harrisalexander@example.com,101401
289032,Heather Wheeler,Webb-Graves,"90097 Mitchell Burgs
Everetttown, FL 75786",Monicaton,kimberly19@example.org,167402
289033,Amber Cox,Wilson-Soto,"5912 Wade Alley Suite 809
South Nancyhaven, WI 78914",North Amber,vkim@example.com,171413
289034,Angela Reyes,"Montgomery, Mcguire and Novak","909 Henry Freeway
Bakerstad, VA 63100",West Jason,anthonyroberts@example.net,83536
289035,Pamela Nash,Russell-Hicks,"37774 Kennedy Extension
Gabrielahaven, VA 88416",East Johnbury,matthew60@example.net,71559
289036,Brian Phillips,Holmes Ltd,"5295 David Ways Suite 467
North Devin, NJ 61760",West Garrettstad,ericsalinas@example.net,98670
289037,Angela Roach,"Rodriguez, Hill and Donaldson","6978 Garcia Crescent
New Daniel, MN 85305",Castilloton,joshua30@example.org,198667
289038,Mr. Daniel Miller MD,Coleman-Phillips,"2212 William Club
Caldwellburgh, SC 78139",West Diane,pmcknight@example.org,176534
289039,Robert Walton,Reed-Bryant,"8764 Scott Tunnel
East Jeremy, NE 93978",North Brandon,brianmahoney@example.net,82091
289040,Michael Henderson,Barron-Stevenson,"32831 Smith Hills
Savannahfort, AZ 88960",Cameronfurt,ramosbrian@example.org,103240
289041,Jessica Gonzalez,"Robinson, Meyer and Sheppard","71256 Knight Knoll
West Jessica, ID 05025",South Nathan,hannacrystal@example.com,70470
289042,Jenny Rich,Smith and Sons,"Unit 6645 Box 2202
DPO AE 94657",Millston,amberdavis@example.net,97023
289043,Mrs. Sara Hess PhD,Haynes-Brown,"952 Martinez Road Suite 170
North Rita, GA 52815",Brianaview,christopher86@example.com,162215
289044,William Perez,Mercer-Villa,"67524 Michelle Mill
Parkerbury, AL 65794",West Christopherchester,walshaaron@example.net,99884
289045,Samantha Hughes,"Olson, Johnston and Bradshaw","11221 Turner Crest Suite 279
Matthewsland, KY 01112",Jacquelineburgh,john09@example.com,98670
289046,Johnny Price,Myers and Sons,"92076 Samuel Branch Apt. 874
Michaelstad, ME 36084",Christineville,bhill@example.com,69453
289047,Richard Williams,Brown-Clarke,"11929 Reynolds Crescent Suite 745
Michaelburgh, MT 27061",East Rachaelview,cooperrachael@example.com,162975
289048,Kathryn Berry,Vega Inc,"1411 Madison Creek Suite 666
Ericborough, AK 29023",Patriciastad,sandrarich@example.net,63403
289049,Gregory Taylor,Orr-Davis,"24220 Mcdonald Fall
Port Shannonhaven, VT 99506",West Amandafurt,jenniferjames@example.com,158577
289050,Heather Richardson,"Macias, Mcmahon and Harris","81234 Lee Hollow
Craigview, ID 31517",Thomasshire,lsweeney@example.net,160242
289051,Alyssa Stanley,"Gonzalez, Gay and Pierce","398 Kim Mission
Port Jenniferhaven, WY 29454",Michaelside,merrittnicholas@example.org,73217
289052,Samuel Huffman,"Anderson, Sanchez and Christensen","8435 Patton Village Apt. 182
Port Lindsey, AZ 51591",New Aaron,rodriguezteresa@example.com,169271
289053,Joshua Robinson,Wilson-Henderson,"8400 Curry Lane
Alexanderberg, GA 63198",Port Vickiberg,lindsey37@example.com,91623
289054,Jennifer Green,Scott LLC,"9849 Jackson Isle
Port Tinamouth, SD 79039",Hoffmanmouth,jsparks@example.org,190244
289055,Nicole Vaughn,Bauer-Campbell,"9652 Lauren Cliffs Apt. 246
Alistad, NM 57057",Chrisside,barbarajordan@example.com,83886
289056,Michele Ellis,Peterson-Gutierrez,"701 Robert Mews Suite 443
Melissaview, CO 88833",Loriton,iglover@example.com,171217
289057,Bradley Hanna,"Pruitt, Smith and Lopez","138 Jamie Port Apt. 908
East Johntown, AR 72099",Hillside,cassandrabrooks@example.com,186619
289058,Jake Hamilton,Andrade LLC,"978 Jacobson Views Suite 649
East Stevenchester, ND 20965",East Darrenmouth,nramirez@example.com,132588
289059,Christopher Salinas,Woods-Perry,"3530 Charles Forges
East Mackenzie, AL 34936",Kathleenchester,nathanielboyd@example.org,91370
289060,Andrea Jackson,Adams LLC,"75639 Owens Hills Suite 965
Romeroton, PW 14064",Haysfort,choibradley@example.net,90180
289061,Alejandro Williams,Gonzalez-Clay,"36802 Jonathan Spring
North George, SC 81841",Port Stephanieport,ifoster@example.net,66721
289062,Kathryn Chavez,Ward Ltd,"129 Rivera Walk
East Victoria, ID 11048",Mistyport,kayla96@example.net,64148
289063,Thomas Nelson,French-Patrick,"75106 Daniel Common
South Chad, VT 91068",Hudsonfort,davidyu@example.org,138282
289064,Linda Williams,Young Ltd,"USNS Lee
FPO AE 79289",West Ritabury,nsimmons@example.net,183989
289065,Albert Garcia,Soto-Frazier,"7566 Kendra Locks
Terrytown, WA 22520",East Anitaton,dylan12@example.net,135542
289066,Alexander Buchanan,"Young, David and Anderson","7484 Frederick Drive Suite 798
New Justinfurt, MD 46483",Charlesburgh,qsheppard@example.net,90801
289067,Sue Davies,Turner-Ballard,"32001 Kevin Oval
South Ashleyview, CT 29487",New Kathryntown,charles30@example.org,191143
289068,Charles Harris,Mays-Robinson,"397 Byrd Port
Port Jamesshire, HI 68497",West Ryanland,david62@example.net,87794
289069,Sierra Alvarado,"Mcpherson, Melton and Estes","722 Wheeler Terrace Suite 820
West Donald, HI 22955",Scottberg,fleach@example.org,90306
289070,Sonia Gibbs,Norris LLC,"Unit 0665 Box 6955
DPO AA 86354",Jenniferport,mariawatson@example.com,177330
289071,Kurt Jackson,"Taylor, Edwards and Murphy","Unit 8767 Box 3619
DPO AA 02267",West Laurentown,jamesmartinez@example.com,96053
289072,Samantha Gonzalez,Shaw Group,"85654 Nicole Landing Apt. 170
West Aprilmouth, LA 45128",Howardville,denisesanchez@example.com,193817
289073,Mark Rosario,Peters Group,"9422 Lynch Green
East Christopherchester, NE 01822",Stephenfort,kyle