n and Villa","351 Julia Streets
West Jay, MH 83313",Rileybury,wmartinez@example.com,60544
380679,Cheryl Jones,Rodriguez-Willis,"85421 Robin Harbors Suite 828
Maystown, OH 79233",Keithburgh,dbanks@example.net,78601
380680,Jorge Hicks,"Hunt, George and Ochoa","44238 Gregory Junctions Apt. 064
Lake Feliciatown, PW 48309",Munozview,mrios@example.net,99867
380681,Mr. Bryan Zamora,"Fleming, Hill and Young","75442 Roberts Fall
South Luis, OR 81178",Howardview,david29@example.net,127539
380682,Richard Murphy,Holloway-Price,"USNV Mercer
FPO AE 90318",Josephborough,lwilkinson@example.com,144282
380683,Karla Hamilton,"Bennett, House and Harris","Unit 3254 Box 6920
DPO AA 52699",West Anna,emily15@example.org,189002
380684,Eddie Bryan,Anderson-Anderson,"3240 Gregory Lakes
Brendanbury, SD 40427",Yorkville,bhayes@example.com,113925
380685,Chris Sanchez,Melendez-Warner,"30342 Keith Springs
Nelsonshire, TX 66744",South Brittneyburgh,nreed@example.com,74503
380686,Dorothy Winters,Robinson-Terry,"7256 Laura Curve
North Shannon, WA 43812",Stephaniefurt,blairashley@example.org,181723
380687,Sandra Wilson,"Hernandez, Johnson and Jones","23588 Melissa Mountains
North Clinton, PW 08968",Mayoshire,emiller@example.com,122607
380688,Pamela Gregory MD,Mccoy PLC,"787 Williams Square Suite 751
Port Tony, WA 37522",Jesusport,jsimmons@example.net,129567
380689,James Hill,Soto PLC,"6953 Kelly Springs Suite 901
New Johnathan, MT 14934",West Lynnville,joseph37@example.org,117765
380690,John Walter,"Ross, Rice and Holmes","4487 Julie Centers
South Brian, AS 59058",Greenbury,michele64@example.com,151206
380691,Ryan Estes,"Rodriguez, Jones and Drake","1854 Jones Spurs Apt. 638
South Helen, VI 55940",Tanyaton,katrina31@example.com,63223
380692,Chelsey Robinson,"Williams, Rodriguez and Stevenson","Unit 1445 Box 5929
DPO AA 18191",New Robert,john62@example.org,103770
380693,Nicholas Aguilar,Cummings-Myers,"USS Wallace
FPO AE 44467",Catherineburgh,ppalmer@example.com,79460
380694,Chad Spencer,"Yoder, Frank and Robinson","42722 James Route Apt. 237
Letown, PA 81348",Patriciafort,jessicatorres@example.org,138662
380695,Kathy Adams,Ramirez-Lewis,"482 Brian Glen Suite 274
New Ericshire, MP 59823",Heatherberg,anne08@example.net,75580
380696,Christine Townsend DDS,"Williams, Bradley and Cardenas","5517 Gallegos Via Suite 068
East Maryport, OH 90782",Karamouth,christine20@example.com,96933
380697,Monique Smith,Thompson-Mckee,"90362 Jeffrey Trail Suite 004
Brianberg, LA 13137",Lake Donna,robinsonnicole@example.net,121060
380698,Seth Taylor,"Figueroa, Porter and Meyers","051 Robinson Mount
South Randyborough, MT 36195",East Amberside,oscarjones@example.org,125984
380699,Nathan Gilbert,Green-Garza,"Unit 4302 Box 2720
DPO AE 92894",New Christopher,feliciaanderson@example.net,126936
380700,Collin Hayes,"Sanders, Williams and Bennett","97969 Williams View Suite 340
West Teresa, PA 62958",West Michaelchester,zbailey@example.com,190061
380701,Stephanie Holder,Bailey Inc,"117 Kenneth Place Apt. 415
North Thomas, PA 40648",Port Sierra,deborahcarlson@example.net,60847
380702,William Holland,Robinson-Randolph,"2340 Monroe Drives Apt. 725
East Jeffreyport, MT 84328",New Teresa,atkinsonandrew@example.net,76966
380703,Katrina Pham,Morris-Campbell,"9019 Michael Shoal Suite 541
Ericview, NY 32049",New Maria,franklin74@example.com,133213
380704,Philip Charles,"Price, Long and Rogers","PSC 1266, Box 8296
APO AP 45283",Lake Natalie,sharonlee@example.org,145235
380705,Adrienne Anderson,Aguilar-Mcdowell,"149 Wilcox Ranch
West Mathewstad, PA 83026",Port Donaldburgh,odouglas@example.org,135040
380706,Laurie Griffin,"Smith, Turner and Mccarthy","803 West Gateway
East David, MD 25106",Gillbury,oabbott@example.com,99749
380707,Justin Hall,"Brown, Brown and Reed","17699 Jesse Forks Suite 786
New Lisabury, ID 44107",Port Marymouth,eshepherd@example.com,167411
380708,Tiffany Horton,Bird-Palmer,"912 Erica River
South Denisehaven, FL 97856",Lewishaven,amy43@example.org,51836
380709,Stacey Meyer,"Wagner, Hahn and Wright","8984 Robin Crossing
East Michaelport, IL 23668",Heatherside,wilkinsonjohn@example.net,158830
380710,Robert Bell,"Austin, Robinson and Holloway","110 Samantha Lakes
Cannonland, MN 23115",Port Sarahtown,hannahgonzalez@example.com,127516
380711,Michael Watson,Scott Ltd,"6596 Jordan Dam Apt. 603
Port Lauren, NH 20976",Longburgh,brian61@example.com,53344
380712,Joshua Acosta,"Weber, Barnes and Jenkins","USNS Burns
FPO AE 62579",Hardingchester,ravery@example.com,158550
380713,Katherine Davis,Moore-Johnson,"07490 Paul Hollow Apt. 091
Boydshire, PA 79975",Gonzalezland,mrojas@example.org,129745
380714,Lori Brown,"Mcneil, Singh and Lewis","413 Dawn Motorway
Marybury, RI 87124",Jenniferchester,tiffany58@example.com,150003
380715,Dustin Holmes,Weaver-Taylor,"8254 Hodge Ways
Port Thomasfort, ND 47858",West Monicahaven,burkealicia@example.com,187130
380716,Shelly Holloway,Miller-Gardner,"05677 Cooper Circle
Port Kristenfurt, VI 83089",Lake Nathanhaven,pestes@example.org,189277
380717,Kelly Frazier,Moore-Collins,"812 Lisa Center Apt. 962
Allenport, WA 80600",Fordburgh,zcameron@example.net,107403
380718,Chad Clayton,Cooper Inc,"216 Graham Port
Lake Alexis, NM 70716",South Patriciamouth,qhunter@example.net,184371
380719,Adam Brown,Berger-Nelson,"654 Christine Manor
Edwardsfurt, KY 33693",Port Lee,carterjessica@example.com,104920
380720,Linda Reese,Leonard Group,"431 Hunter Parkways Apt. 370
West Rachel, AZ 29432",West Denise,yrobles@example.org,182987
380721,Joshua Klein,"Coleman, Dalton and Miller","55709 Nelson Springs Apt. 912
Johnsonmouth, AR 10274",East Michael,chapmanbruce@example.com,63034
380722,Christian Porter,Martinez PLC,"26398 Sutton Bypass Apt. 024
Davidville, SC 99692",Richardsborough,victoria62@example.net,195861
380723,Christopher Garcia,Wade-Grant,"79709 Danielle Inlet Suite 600
Cynthiaborough, VT 72859",Cynthiaborough,kyle66@example.net,77880
380724,Shelly Richmond,"Diaz, Mason and Webster","USNS Evans
FPO AP 78591",Whitestad,walterirwin@example.com,156551
380725,Andrew Sutton,Chen Ltd,"Unit 9808 Box 0470
DPO AP 97107",Nicholsborough,hortonmia@example.net,150605
380726,Craig White,Simon-Barry,"5670 Stephen Alley Suite 878
Lake Todd, AS 13027",Timothyland,joshuaswanson@example.com,143148
380727,Stacy Warner,Jones-Washington,"8882 Christopher Heights Suite 129
Ericberg, IN 39227",Jacquelinetown,kristin33@example.org,181049
380728,Mr. Eddie Mccarthy,Wright Ltd,"72903 Brandon Oval
West Kendrastad, LA 20087",Traceyborough,toddesparza@example.com,51874
380729,Elizabeth Coleman,"Gonzalez, Thompson and Jefferson","173 Brooks Burg
Jenniferport, UT 40659",Johnfort,miguelbrown@example.net,148744
380730,Paul Adams,"Nelson, Hale and Patterson","32459 Olivia Mission Suite 261
Reneefort, LA 51084",East Lindaland,alexapierce@example.com,171882
380731,Elaine Trevino,"Cummings, Robinson and Welch","16593 Sarah Circles Suite 176
Haydenton, AR 92079",North Nicoleview,brendanthompson@example.com,94312
380732,Brittany Hayes,Williams-Cook,"597 Holly Villages
East David, ID 26686",Lake Johnathanland,wdoyle@example.net,84220
380733,Christopher Meyer,Romero Inc,"372 Natalie Lock Suite 404
Mathewport, HI 58189",Mistyberg,nritter@example.net,115950
380734,Denise Lowe,"Hester, Peck and Nelson","9152 Robinson Mountain Suite 862
Jaredside, MI 57810",South Benjaminshire,carlajarvis@example.org,155514
380735,Megan Lee,Williams LLC,"6455 Jennings Field
East Andrewhaven, DC 47897",New Michael,diazsamuel@example.com,79075
380736,Elijah Hall,"Cooley, Potts and Shields","7224 Sarah Viaduct Suite 167
North Debra, MA 55127",Michaelhaven,timothy35@example.net,107805
380737,Laura West,Morris Ltd,"4146 Steven Branch
Brianside, GU 92506",New Jeffrey,reidhannah@example.org,181979
380738,Brian Ponce,Lopez-Hill,"PSC 4209, Box 1896
APO AP 76905",Bryanland,louis80@example.net,122100
380739,Gary Lawrence,Schmidt-White,"09145 Jeffrey Burg Apt. 945
Christianfurt, WI 96672",Juliechester,isabellaallen@example.net,186644
380740,Kevin Doyle,"Davidson, Barrett and Lopez","7782 Copeland Loaf
Wrightview, KS 78585",West Damon,sheenawest@example.org,138792
380741,Keith Doyle,"Schmidt, Allen and Baker","USNS Brown
FPO AP 50849",East Cynthiamouth,romerotravis@example.com,177218
380742,Maxwell Collins,Gallegos-Everett,"402 Stafford Forge Apt. 022
South Joseph, KS 13891",South Stevenfort,christian55@example.org,133079
380743,Anthony Hall,"Webb, Gilmore and Abbott","4156 Bailey Ridges Suite 151
West Michelleville, ID 49484",Port Kristenfurt,heathercochran@example.net,111345
380744,Joshua Cole,Perez Inc,"9662 Alvarez Heights
West Sarah, VI 22417",Randallfurt,hornthomas@example.net,189778
380745,Elizabeth Harris,"Sullivan, Salazar and Larson","512 Lee Path Suite 582
Port Karentown, AK 99536",Morrischester,william08@example.net,139997
380746,Jeremy Thomas,Castillo and Sons,"513 Martinez Mountains
Baileyfort, SC 58967",New Alan,ewest@example.com,129121
380747,Jesus Reynolds,"Williams, Powell and Schwartz","6135 Paul Locks Apt. 365
Adkinsbury, NE 25440",Kathleenburgh,carloshenry@example.net,136506
380748,Sandra Williams,"Malone, Ellis and Jensen","33836 Lewis Route Apt. 674
Jordantown, WV 62706",Heatherfurt,daniellegreen@example.org,70986
380749,Kevin Jackson,"Evans, Crane and Wallace","13851 Ryan Shoals
Spencertown, UT 19015",Clayfort,debra73@example.com,190394
380750,John Jones,"Long, Mcintosh and Park","PSC 6210, Box 9697
APO AE 84267",West Andrea,johnsonscott@example.org,171491
380751,Victoria Mitchell,White LLC,"0258 Hines Loaf
Lake Garymouth, WA 65997",New Penny,thomassims@example.org,145131
380752,Gabriel Romero,Robinson-Marshall,"Unit 6503 Box 8968
DPO AP 20697",Douglasmouth,isalas@example.org,57774
380753,Anna Schmidt,Green-Hodges,"5208 Tyler Spring
Johnsonview, MO 06353",North Kennethberg,melanie92@example.com,186690
380754,Marcus Clark,Robinson-Gaines,"56067 Vincent Canyon
Sarahtown, NY 07439",New Christinetown,thomas41@example.org,108566
380755,Natalie Jackson,Steele Group,"181 Stacey Club Suite 101
Port John, ME 33727",Scottville,xklein@example.com,73615
380756,Mr. James Hamilton DDS,Brown-Henderson,"640 Patrick Prairie Suite 971
East Ronaldmouth, OH 49953",North Ashley,samuelfox@example.com,145244
380757,Katherine Torres,Gill Ltd,"94060 Robinson Isle
South Stevenstad, KY 29940",Johnsonland,zmejia@example.com,101579
380758,John Taylor,Castaneda LLC,"9309 Rodgers Meadow Apt. 174
Lake Zachary, AZ 09308",Lake Margaretmouth,foxvincent@example.org,190542
380759,Elizabeth Miller,"Roberson, Hernandez and Ramos","6720 Nathan Forest Apt. 340
West Martinshire, MI 50463",Paulberg,jbraun@example.com,53225
380760,Christina Adams,Perez and Sons,"72092 George Plaza
Carterview, TX 84141",Port Kimview,tony08@example.net,101364
380761,Nicole Melton,Moore Inc,"51767 Moore Ways
West Dawn, WY 93659",East Maureentown,hannahbaker@example.org,199309
380762,Emily Sharp,Johnson-Ritter,"819 Allison Tunnel Apt. 829
South Allison, RI 12533",Bellside,ofrey@example.org,156308
380763,Jessica Smith,Hobbs LLC,"057 Mcpherson Crossroad
East Markville, WA 90564",Port Ronaldburgh,lisa91@example.org,183966
380764,Kelly Daniels,"Meyer, Davis and Shepard","427 Burns Turnpike Suite 604
New Michaelport, AS 36197",Hillmouth,shawn39@example.com,160504
380765,Devon Martin,Coleman PLC,"53195 Deanna Springs
South Bianca, CO 22572",Lake Jeffreymouth,ddixon@example.org,54717
380766,Timothy Robles,Berry-Jones,"654 Donna Course
Brooksstad, KS 90031",Juliefurt,jonespeter@example.org,107410
380767,Misty Moore,"Kidd, Vaughn and Schultz","8886 Dawn Roads
South Charlesberg, OR 93299",Petersonton,jbrown@example.net,171178
380768,Donna Collier,"Callahan, Johnson and Cruz","6330 Welch Flat
Chadmouth, PR 18910",Carpenterborough,deanparrish@example.org,102157
380769,Carla Cooper,Wilson Group,"06114 Tina Plain Suite 483
East Joshuaview, AR 81453",East Jasonside,estewart@example.com,94289
380770,Charles Miller,Mckay Group,"69640 Christina Corners
Tarachester, OH 61197",Lake Juan,ccannon@example.com,186324
380771,James Rodriguez,"Morales, Hoffman and Dixon","5164 Grimes Canyon Apt. 430
Port Andrea, NY 90409",East Judymouth,obriencourtney@example.net,58425
380772,Haley Cochran,Wilson-Bell,"61576 Elizabeth Islands Suite 605
Heidibury, IN 65115",Jenniferview,sharongomez@example.net,90904
380773,Kevin Gordon,Marshall-Clark,"Unit 7681 Box 5852
DPO AE 42796",Lake Stephen,daviddorsey@example.com,131167
380774,Steve Choi,Huynh PLC,"74416 Sarah Land
Kathrynmouth, VI 72744",New Stevenburgh,xfuentes@example.com,189716
380775,Sean Wheeler,"Marks, Alexander and White","81907 White Fall Apt. 091
Brooksberg, AK 34504",Kathleenberg,rsmith@example.net,156329
380776,William Cole,Cooper-Ramirez,"07654 Mcdonald Path
Roblesville, AR 89096",West Tracey,bryan72@example.com,108058
380777,Shelby Dixon,"Bell, Harris and Holland","190 Mandy Island
Brownbury, FM 77536",Teresaville,shannon09@example.com,169555
380778,Oscar Smith DDS,White and Sons,"53385 Thompson Landing Apt. 599
Lake Brittneyborough, UT 30960",South Matthewhaven,jamestaylor@example.org,147161
380779,Zachary Silva,Carroll and Sons,"1678 David Field Apt. 661
East Williamland, OK 99283",Curtisburgh,rryan@example.org,84768
380780,Wayne Mendoza,Kirk PLC,"92943 Alexandra Circle Apt. 703
Kristinahaven, PA 45032",Sandersshire,stephaniebaker@example.net,133852
380781,Steven Decker,Hines PLC,"26417 Williams Islands Suite 474
Gavinfort, SD 77686",Durhamview,sandra30@example.org,174722
380782,Zachary Mcdowell,Ramsey and Sons,"50723 David Courts
East Patriciahaven, ND 11517",West Olivia,farleyhenry@example.net,176761
380783,David Johnson,"Keller, Escobar and Gonzalez","58643 Mckee Mews Apt. 103
Myersburgh, NM 12845",Garzaview,stevenconner@example.com,185428
380784,Maria Hamilton,Burton-Christian,"42167 William Radial Apt. 840
Javiermouth, WA 20459",North Adamfurt,davismichelle@example.org,89918
380785,Stephanie Lewis,Gonzales-Garcia,"06265 Sutton Haven Suite 345
Huberbury, PW 85139",New Daniel,cristian02@example.org,93659
380786,Joseph Cook,Haynes Ltd,"USCGC Morrison
FPO AA 08366",North Elizabethville,yatesalex@example.com,85580
380787,Joseph Simmons,Harper-Brooks,"0804 David Oval
Port Waynefort, MD 51822",South Melissa,jonestammy@example.net,103648
380788,Joan Reed,Stephenson-Silva,"79039 Silva Circles
Lake Brianna, WI 99069",New Carrie,andrew02@example.com,90980
380789,Brandon Bell,Mcdowell-Clark,"258 Estes Corner
South Matthew, AR 70260",New Sarah,scottperez@example.net,63715
380790,Brian Cook,Clark Inc,"PSC 8942, Box 5279
APO AA 20253",New Brianland,richjennifer@example.com,50913
380791,Nicholas Gardner,Robles-Farmer,"362 Jason Falls
West Josephport, OH 09577",Susanport,shane93@example.net,148499
380792,Tammie White,"Brown, Mccarthy and Miller","67536 Russell Mountains
South John, IN 66997",Jessefort,cesar66@example.com,119473
380793,Laura Simmons,Beasley Inc,"3464 Hampton Estates
East Melindaberg, NC 42972",Lake Lauraside,karenfreeman@example.net,165768
380794,Jenna Juarez,Bailey-Stark,"73901 Jodi Prairie Suite 779
Stephaniechester, MO 12611",Port Amandaburgh,patriciaanderson@example.com,92527
380795,John Summers,"Turner, Flores and Murphy","1666 Catherine Parks
Aaronmouth, GA 05447",East Markmouth,carol43@example.com,56974
380796,Sally Franklin DVM,Morales Group,"161 Rasmussen Fall Suite 417
Lake Deborahchester, OH 84942",Chenberg,geoffreychavez@example.org,134208
380797,Christopher Cortez,Webb and Sons,"90972 John Route Suite 574
North Chrischester, PW 63841",North Debraland,donna49@example.net,175709
380798,Henry Robinson,"Graves, Miller and Scott","225 Glover Inlet
North Charles, IL 13007",Lake Erin,james77@example.org,133664
380799,Felicia Alvarado,Mays-Stafford,"Unit 3919 Box 6003
DPO AE 90287",West Amanda,xwelch@example.org,159230
380800,Robert Brown,Moore-Blankenship,"7961 Whitney Meadows Suite 518
North Dominique, MN 46459",Shannonbury,xavierbrown@example.org,55996
380801,Edward Sanford,Young Group,"724 James Glens
Mistyshire, DC 12224",East Veronica,daniel25@example.com,127704
380802,Karen Cook,Moore Inc,"1502 Little Spur
Stevenland, FL 43760",Allenmouth,clinekaren@example.org,187323
380803,Paula Davis,"Warren, Castillo and Brown","0474 Fernandez Brook Apt. 815
Shawmouth, GU 90667",New Julianton,nrichardson@example.net,131828
380804,Christina Waters,"Norris, Gregory and Arellano","685