909,Jill Meadows,Mclaughlin-Jones,"889 Richard Green Suite 570
Curryshire, VA 61891",Philipport,fbond@example.com,80749
342910,Patrick Hernandez,Sullivan-Hall,"95171 Brian Drive
Port Mary, VI 75148",South Mark,theodore24@example.net,70236
342911,Rebecca York,Leon Inc,"7827 David Camp
Randytown, ID 52761",Davidfort,williamsdeborah@example.net,155684
342912,Darlene Lee,Warner and Sons,"406 Erin Light
Rebeccashire, MH 06968",Gallegoschester,tom92@example.org,195114
342913,Deborah Hayes,Melton LLC,"96201 Mckinney Corner
Rodriguezville, VT 51433",North Victorhaven,villegassteven@example.org,62744
342914,Jose Hurley,"Sims, Campbell and Sanchez","308 Carson Bypass
Jessicamouth, MS 71828",Alisonmouth,megancantu@example.net,159775
342915,Amber Bowers,Meyer Group,"29123 Lauren Rue
West Lisahaven, UT 68238",Phillipbury,dalvarado@example.net,123757
342916,Ann Anderson,Mays-Fernandez,"4197 Mann Plain Apt. 916
New Kelly, MS 93418",Ericbury,davidhernandez@example.net,50760
342917,Mary Nguyen,"Brown, Turner and Chen","PSC 4555, Box 8506
APO AP 46536",Nicolemouth,walkercynthia@example.org,107413
342918,Aaron Smith,Smith-Cervantes,"4126 Rivera Walks
Port Sharonton, NV 43882",Port Cynthiafurt,brady82@example.com,78863
342919,Elizabeth Carpenter,Moody Inc,"912 Johnny Isle Apt. 072
Lake Nicholefurt, IA 60508",Lake Kaitlinview,mjohnson@example.com,154606
342920,David Marquez,Cruz LLC,"6639 David Island Suite 518
West Mark, LA 84615",West Danielfort,ptaylor@example.org,156825
342921,Ryan Lopez,Sanchez and Sons,"02015 Wells Tunnel
Coreyborough, MT 15993",New Steven,angeltaylor@example.net,165266
342922,Adam George,Montgomery-Gallegos,"48467 Caldwell Run Suite 735
New Stacey, VI 69664",Richardfurt,scottrivera@example.net,152324
342923,Jeffrey Schroeder,Cox PLC,"841 David Stream Suite 220
Lake Annview, RI 17425",Bellview,gholmes@example.net,141525
342924,Jeffrey Johnson,"Gardner, Brown and Johnston","PSC 8696, Box 5098
APO AA 86473",Lake Craigton,kathryn32@example.net,129948
342925,Donna Stephens,"Brown, Vargas and Williams","46088 Cochran Terrace
New Jon, AS 37713",South Georgefort,terrellkristi@example.com,115216
342926,Danny Wells,"Stewart, Barnes and Robinson","0347 Whitney Cape
Hawkinsview, MD 43378",North Collinberg,kenneththompson@example.com,187396
342927,Steven Richardson,"Dennis, Ward and Hawkins","753 Courtney Roads Suite 807
New Cathy, PW 12073",Davisville,brettsanders@example.org,137391
342928,Christopher Patrick,Clark Inc,"400 Hawkins Station Suite 378
Lake Christophermouth, IN 71702",Stephenston,yangjonathan@example.com,105765
342929,Keith Moore,Lester Ltd,"USCGC Peterson
FPO AA 73561",Munozfort,mmoore@example.org,69898
342930,Oscar Castro,Kirby Ltd,"97443 Taylor Haven
Bellborough, PW 59118",Ryanport,reyeskenneth@example.com,116427
342931,Patricia Hampton,"Fisher, Jennings and James","USCGC Lawrence
FPO AP 13723",Darrylberg,robertmiller@example.org,69025
342932,Jeremy Parsons,"Thompson, Garcia and Todd","610 Bush Village Apt. 830
Manuelville, RI 60288",Murphyberg,lauraguerra@example.org,159547
342933,Alec Ray,"Mccarthy, Hunt and Colon","14303 Jon Shoals Apt. 464
Priceside, OR 56712",South Monicaborough,jackieflores@example.net,143536
342934,Tina Schmidt,"White, Murphy and Medina","029 Paul Squares
Sherribury, IA 17212",Michelletown,fgibson@example.org,150176
342935,Ronald Hunt,Jackson PLC,"24078 James Park Apt. 855
Curtisborough, FL 85269",Lopezchester,palmerlisa@example.org,160670
342936,James Manning,Kirby-Freeman,"PSC 9427, Box 9337
APO AE 59880",New Brettview,joneskenneth@example.org,150422
342937,Ronnie Koch,Burns-Rogers,"248 Dave Burg
New Amanda, PW 55305",Lake Janet,kenneth96@example.com,114761
342938,Andrew Davis,Oconnell Group,"95069 Collins Mountains
Ponceburgh, MT 89892",Lake Amanda,heather55@example.org,62109
342939,Ann Stanton,"Smith, Gardner and Bush","8806 Wolfe Harbors
Oliviaberg, FM 63990",New Sherrifurt,christopher88@example.com,153662
342940,Kelly Griffin,Lewis Ltd,"466 Sherri Shores Suite 522
Jamesmouth, RI 10957",Whitakermouth,dean50@example.com,199431
342941,Scott Warren,Craig-King,"33224 Brown Valley
Russellview, HI 88731",Bakerborough,nsmith@example.org,126336
342942,Timothy Moreno,"Watson, Wilson and Gutierrez","Unit 3185 Box 6646
DPO AA 37474",Hoffmanfurt,smiller@example.org,97801
342943,Daniel Lane,Weaver-Barrera,"4186 Malone Parkways
Lake Kennethchester, ND 51360",Reynoldsside,omedina@example.org,194325
342944,Holly Savage,Turner and Sons,"92488 Jaime Lodge
Riggsberg, CO 37147",Newmanstad,ecrawford@example.net,102088
342945,Tyler Mills,Anderson-Butler,"1043 Cook Road Apt. 668
New Craig, AZ 64060",West Leonstad,garrettralph@example.net,51354
342946,Jeremy Gallagher,Ballard Group,"5162 Thomas Tunnel
Lisatown, VI 87500",Sydneystad,stephensoncarrie@example.net,85669
342947,Felicia Jacobs,Mayo PLC,"USNS Barker
FPO AP 32696",South Jessica,kristi84@example.org,84538
342948,Victoria Peters,Holmes-Thomas,"5965 Mcneil Trail
Youngland, ND 21548",Mikaylabury,davidavila@example.net,136187
342949,Meredith Ware,Gutierrez Inc,"48872 John Place
Port Janiceberg, PA 51606",Meyerbury,michael24@example.net,118535
342950,Sherri Davis,"Smith, Smith and Mathis","5237 Anna Mission Suite 788
Karenland, MH 03011",Port Charlesland,nwaters@example.org,156173
342951,Donna Thompson,Ruiz PLC,"Unit 3878 Box 1354
DPO AE 40169",West Janetport,owright@example.org,174748
342952,Cory Lopez,Williams-Bauer,"0828 Jones Oval
Port Emily, NM 52268",Mullinsberg,jordanferguson@example.com,103090
342953,Jill Hernandez,"Green, Jacobs and Butler","8878 Diaz Gardens Suite 688
Port Patriciaburgh, CA 47329",West Joshua,ckidd@example.org,194936
342954,Katherine Baker,Schmidt-Rios,"811 Tyler Center Suite 437
West Debrafort, FL 35064",Andreafurt,johnsonrobert@example.net,185440
342955,David Chase,Reyes PLC,"142 Anthony Spurs Suite 321
Williamsburgh, MS 92088",South Pamela,ypacheco@example.com,68919
342956,Kevin Beck,Glenn-Kramer,"8821 Maddox Garden
West Adam, OR 53691",East Williamburgh,alejandrorodriguez@example.net,118210
342957,Jesse Stephens,Gibson LLC,"346 Jessica Ways
Normaview, CO 57606",Port Renee,reyesjohn@example.net,98152
342958,Barbara Mason,Roberts PLC,"9135 Hutchinson Locks
Ashleychester, CA 85697",East Mark,marialucas@example.net,153627
342959,Stephanie Howell,"Moody, Deleon and Jordan","021 Rickey Villages
Raymondville, WV 51470",Crawfordton,elizabethlittle@example.net,110796
342960,Autumn Lloyd,Johnson Group,"252 Patty Courts
East Nicoleburgh, MP 02843",Millerhaven,bdillon@example.net,172070
342961,Steven Greer,Campbell-Lucas,"USCGC Fuller
FPO AP 65484",Chelseahaven,ihernandez@example.net,122265
342962,Brent Baker,Johnston-Pennington,"1785 Adams Mall
East Marie, MS 93016",South Shawnshire,aaron20@example.com,189843
342963,Zachary Hudson,"Lin, Garcia and Wood","31318 Morgan Pines Suite 532
Mcclainhaven, CO 94638",Longshire,natashamills@example.net,175114
342964,Cheryl Fisher,Brown-Lee,"77454 Scott Locks Suite 120
Maryborough, NH 61628",Valenciahaven,clarkandrew@example.net,190536
342965,Kelli Allen,Chavez-Brown,"946 Shaw Rue Suite 927
Port Sandrastad, DE 86219",New Luke,autumnhoward@example.net,136099
342966,Daniel Perez,Vasquez-Moore,"664 Boone Ways
West Ericshire, ID 09194",Meganberg,hmiddleton@example.com,60983
342967,Carrie Robertson,"Pennington, Perry and Bailey","268 Ramirez Forges Apt. 038
New Robert, MA 83566",Craigfort,nchristian@example.net,141057
342968,Kelsey Weaver,Thomas-Schneider,"69729 Bruce Stream
East Ronnie, IA 04116",South Nicholas,dianefields@example.com,155800
342969,Michelle Nichols,"Garrett, Lee and Thomas","29892 Rebecca Vista Apt. 461
Marshallchester, NM 82193",New Kennethtown,sanchezjames@example.org,174808
342970,Jessica Taylor,Gibson-Perez,"069 Barker Branch Apt. 192
Morrismouth, GA 65951",West Theodore,jill97@example.net,57740
342971,Jack Jacobson,Smith Group,"460 Christopher Crossroad Apt. 101
Kochhaven, FM 38492",Steeleburgh,melissadavis@example.net,169967
342972,Maria Coleman,"Arnold, George and Whitaker","50321 Michael Skyway
East Kurt, WV 27188",East Margaret,paynekendra@example.net,93677
342973,Leah Rowe,Hansen PLC,"8753 Brown Crescent Suite 546
Tomberg, PR 61277",East Daniel,gregory24@example.com,146330
342974,Mark Neal,Thomas LLC,"Unit 2377 Box 5386
DPO AP 38934",South Lauraland,floydrichard@example.com,73699
342975,Roberto Gardner,"Shaw, Day and Hancock","667 Jennifer Forks
West Kerri, WV 01450",South Erin,romerotroy@example.org,157408
342976,Kenneth Griffin,Pearson-Cohen,"442 James Ranch Apt. 054
Andersonberg, MH 01802",Hamiltonville,bali@example.com,74273
342977,Paul Li,"Cervantes, Joseph and Patterson","9935 Candace Neck Suite 968
Walkertown, RI 80299",Christinafurt,gthomas@example.net,93500
342978,Manuel Reed,"Campbell, Martin and Boyd","4635 Victor Island Apt. 380
West Michael, MD 76674",New Katherine,marissa12@example.net,119175
342979,Kevin Salinas,Rubio Inc,"7853 Darrell Courts
Waltermouth, SC 67339",East Deborahberg,youngkatelyn@example.com,86779
342980,Bryan Edwards,"Hill, Carrillo and Carrillo","6972 Jennifer Pass Apt. 494
Roberttown, KS 21979",Reedbury,christina71@example.com,138621
342981,Tammy Johnson,Dougherty-Lewis,"608 Wells Points
South James, VI 25741",Lake Josephborough,barnettbrandon@example.net,118677
342982,Anita Shah,Thomas Group,"7202 Andrea Locks Suite 104
West Michelle, WY 14951",New Carrie,jasmine40@example.com,85217
342983,David Jarvis,Mcbride-Gallagher,"561 Pamela Garden
Stevehaven, TN 06528",Harrisonhaven,melissawilson@example.net,53537
342984,Kara Williams,"Sanders, Oneill and Bray","1985 Wade Station Suite 550
Williamsberg, CT 09488",Adambury,kathryn93@example.org,185615
342985,Holly Knight,"Charles, Keith and Sutton","28383 Elizabeth Ridges Suite 036
Port Christina, AR 02664",Port Bradley,travis87@example.net,128783
342986,Evan Randall,Ochoa-White,"700 Christopher Island
Wattstown, FL 21715",New Kellyside,eric51@example.net,132798
342987,Benjamin Sanchez,Rubio-Hughes,"Unit 4215 Box 8561
DPO AP 74263",Annetteland,brandon85@example.net,135196
342988,Joan Mills,"Jennings, Ford and Gray","2537 Ramirez Branch
Randallfort, CT 68373",Janetberg,linda36@example.net,143840
342989,Brandon Mueller,Rodriguez Group,"445 Travis Course Apt. 393
Ballstad, WY 24547",West Jamietown,barrettjose@example.net,154678
342990,Michael Miller,"Johnson, Roberts and Cooley","Unit 6854 Box 1938
DPO AP 42292",West Whitney,tbrown@example.org,80190
342991,Ronald Lopez,"Lawrence, Nelson and Smith","64314 Robin Crest Apt. 072
Lake Sara, WI 83959",Josestad,foxjane@example.org,50684
342992,Amber Sanford,Williams-Singleton,"Unit 5192 Box 8063
DPO AE 10484",Port Carol,jamesbartlett@example.net,147526
342993,Wendy Warren,"Copeland, Gregory and Le","0167 Stephenson Run
East Tinaburgh, LA 63762",East Jenniferhaven,anthony78@example.net,148644
342994,Gerald Torres,Perez-Morrow,"61250 Miguel Inlet
Dennisfort, WA 57581",East Matthew,troykline@example.org,120927
342995,Dwayne Soto,Johnson Ltd,"50626 Alyssa Valley Suite 107
Lake Autumnville, MH 22743",Rodriguezfurt,lrobinson@example.com,118725
342996,James Houston,Hickman and Sons,"86229 Deleon Shore
Port Mark, DE 38954",North Michelle,xmccullough@example.net,112166
342997,Clayton Williams,Francis-Hayes,"66173 Christina Ranch
South Alison, ND 41574",East Joycechester,deannahogan@example.net,172776
342998,Nathan Brown,"Watson, Torres and Montgomery","2495 Nathan Mount
Lake Maryborough, WY 15948",Portermouth,morgandawn@example.net,186475
342999,Mrs. Megan Cunningham,Cox-Morgan,"6339 Joseph Lights
Ashleyfort, OK 89508",Craigton,amanda02@example.org,101825
343000,Crystal Mitchell,Johnson Inc,"680 Brandy Dam Apt. 188
Littlemouth, IL 65329",West Richardland,janetjohnson@example.com,121628
343001,William Shepard,Young-Fischer,"9012 Daisy Point
Annview, MN 93437",Lake Robert,kathleenflores@example.net,83338
343002,Ruben Schmidt,Thomas-Foley,"9649 Pacheco Overpass
East Bruceberg, DC 26476",Patelfurt,bbaker@example.net,109858
343003,Laura Macdonald,Cannon Group,"5893 Hayes Unions Suite 410
North Andreaberg, NV 48395",Samueltown,bernardkatie@example.com,61949
343004,Bridget Jensen,Young-Alvarez,"02164 Chambers Stravenue Suite 288
North Charleschester, KS 44674",West Donald,gwoods@example.net,181019
343005,Michael Parker,Jimenez-Graves,"6332 Johnson Mount Apt. 729
Deleonside, CO 15556",West Todd,iallen@example.com,53341
343006,Kelli Delgado,Knight-Gonzalez,"439 Kristie Spring
North Todd, VA 02404",New Dawnland,cookkristen@example.net,126351
343007,Brooke Farmer,"Lopez, Walker and Garcia","849 Reed Springs Apt. 096
Walterston, DE 12971",East Thomas,nicholasjohnson@example.net,76265
343008,Philip Taylor,Andrews Group,"38884 Hill Manor Apt. 425
Port Amyville, AS 77738",New Tara,vanessaharrison@example.org,129729
343009,Matthew Wallace,"Lopez, Roy and Cox","PSC 6317, Box 2655
APO AP 33039",South Crystalville,snyderbrandy@example.net,168388
343010,Cory Johnson,Bentley Ltd,"785 Lara Mountains
West Stephanie, IL 14283",Port Angelicatown,adamstanya@example.net,116861
343011,Gloria King,Ramirez Inc,"63538 Kevin Cove Apt. 102
Alyssafort, PR 02617",Juarezview,sanchezmichelle@example.com,183159
343012,Sean Gonzalez,Kelly-Boyd,"91737 Gallagher Pass
Annaton, MP 33027",Rodriguezchester,sheltonjoy@example.net,165596
343013,Debbie Bates,"Howell, Smith and Martin","3581 Jones Isle Suite 984
New Tammyfurt, GA 89399",Danamouth,stephanie80@example.org,68422
343014,Marissa Spencer,Wallace and Sons,"242 Curtis Passage Suite 803
Collinsview, WY 04546",West Rodneyborough,marissa66@example.net,153479
343015,Christine Smith,"Anderson, Garner and Dunlap","20745 Tina Flats Apt. 238
Port Kenneth, AK 43067",Gonzalezside,gjohnson@example.com,167041
343016,Jared Anderson,"Jordan, Wood and Mclaughlin","38521 Wood Viaduct
Christopherfort, AK 27256",Port Gabrielfort,tonya90@example.net,190019
343017,James Williams,Ward LLC,"232 Weiss Trail Suite 130
North Erinstad, CT 62715",Tiffanymouth,smoore@example.com,75699
343018,Jeffrey Murillo,"Sullivan, Fernandez and Rice","00461 Nelson Shoals
New Spencer, NH 98939",Roseborough,crawfordjacob@example.org,178275
343019,Mr. William Lopez Jr.,"Casey, Atkinson and Marsh","6260 Christina Terrace Apt. 440
Craigfort, SD 06925",Mcguireberg,ubrown@example.org,103908
343020,Dakota Weber,Walters and Sons,"6137 Shelby Road Suite 538
Lake Timothy, LA 98846",North Brandon,petersennicole@example.com,158928
343021,Angela Krause,"Martinez, Greene and French","PSC 7113, Box 5878
APO AA 67197",Stephenfort,tbrown@example.com,172250
343022,Kelsey Green,"Jones, Floyd and Johnson","199 Angelica Tunnel Apt. 963
Port Misty, TX 18460",Pattersonmouth,michelleevans@example.org,69257
343023,Tara Green,Hess and Sons,"68721 Gonzalez Cove
Deborahshire, TX 79095",New Anthony,brian62@example.com,91870
343024,Julie Fuller,"Simon, Jones and Conner","70159 Hatfield Estates Suite 343
North Mark, FM 85225",Port Brittany,burkemegan@example.net,67654
343025,Jordan Martinez,"Torres, Thomas and White","5046 Mason Passage Apt. 344
South Jessica, MI 87186",Cindyville,flove@example.net,128353
343026,Wayne Juarez,"Thomas, Norman and Day","96720 Mary Manors Apt. 032
Hugheston, UT 88829",Williamshaven,erica96@example.org,181387
343027,Jamie Henry,Porter-Williams,"1859 Lopez Locks Apt. 897
Port Johnland, DC 11312",South Wesleystad,cmiller@example.net,181213
343028,Stephen Barrera,Ruiz-Perkins,"2578 Roman Ferry Apt. 248
East Julie, FM 50807",Lake Sherrifurt,laura47@example.org,157054
343029,Kenneth Gutierrez,"Zamora, Blackwell and Lane","94927 Acosta Parkway Suite 654
Perezhaven, AK 94154",South Justin,laurie39@example.net,68399
343030,Jose Washington,Hughes-Thomas,"71671 James Ports
Alexaland, OH 56922",West Christopher,sarahmueller@example.net,139823
343031,Joshua Wood,Vaughn-Parrish,"89010 Lynn Curve Apt. 637
West Gina, OH 30537",West Amystad,thomasmartinez@example.org,91477
343032,Eric Miranda,"Butler, Chambers and Shields","Unit 4397 Box 7802
DPO AE 22386",East Kathybury,scottgreene@example.org,195524
343033,David Bennett,Thomas-Prince,"USNS Jones
FPO AP 79052",Gonzalesstad,melissabarry@example.com,116158
343034,Kevin Bartlett,"Cameron, Duffy and Reyes","4430 Joe Camp Apt. 633
Robinsonfurt, MH 24187",West Kennethmouth,ryan79@example.org,122834
343035,Jimmy Riggs,Adams-Reed,"2896 Shelley Stravenue Suite 771
Port Victoriamouth, KS 44363",Jonath