ila Fork
Frankfort, AL 75564",South Amanda,eric20@example.net,133563
7834,David Hoffman,Carroll PLC,"1184 Rhonda Loop
Jenniferside, VI 14086",East Shannonborough,kbates@example.org,169754
7835,Christina Brown,"Mann, Phillips and Davis","927 Edwin Estates
Wardville, MI 29029",Courtneyhaven,millercasey@example.com,192949
7836,Isabel Stevens,Maxwell and Sons,"492 Nichols Meadows
Taylormouth, NC 54119",Theresafurt,umora@example.com,158195
7837,Jonathan Wilson,Gomez Group,"2002 Stanley Burgs
North Aprilville, NE 76213",New Aliciatown,jeffreyrivera@example.net,139584
7838,Matthew Sanchez,Woods-Gonzalez,"137 Robert Gardens
Johnmouth, SC 14581",West Davidstad,snowjohn@example.net,168412
7839,Cory Gutierrez,"Davis, Bell and Lee","688 Bauer Land
Nelsonview, ND 38769",Andersonstad,gibsonwendy@example.org,169645
7840,Carla Huff,"Bauer, Hendrix and Webb","447 Parker Lane
East William, AR 28994",Pattersonview,matthew43@example.net,164231
7841,Deborah Harris,Brooks-Matthews,"92740 Jon Club Suite 739
West Alexis, OH 61154",Lake Eric,clopez@example.com,130704
7842,Joseph Holden,Turner-Osborn,"36771 Patrick Dam Apt. 979
East Janettown, ND 90579",Josephborough,zstewart@example.com,84874
7843,John Chambers,Norton LLC,"9054 Walton Divide Apt. 591
East Robertport, WA 64198",Katieshire,andrew08@example.org,127602
7844,Larry Baird,Brown-Brown,"248 Salazar Rapids Suite 265
Lake Jonathanchester, DC 11379",Port Andrewfurt,tracymcclain@example.net,81277
7845,Bryan Dunn,Soto-Foster,"12575 Carter Ville
East Christianton, SC 87302",Michelleside,michaelstevens@example.net,135217
7846,Corey Solis,"Robinson, Adams and Campbell","718 Aguirre Drive
Kimberlymouth, WY 66249",Nicholasburgh,proberts@example.net,77713
7847,Jaime Reynolds,Martin-Arnold,"97948 Diamond Camp Suite 203
Padillaville, SD 16320",East Sarah,johnholmes@example.com,76538
7848,Martin Shepard,Bell-Short,"5330 Marisa Village
New Alexistown, TX 85890",North Mary,smithdaniel@example.com,120831
7849,David Myers,"Fernandez, Hendricks and Reed","922 Tara Brook
Sparksville, DC 46211",South Andrew,osaunders@example.org,144759
7850,Joshua Hall,Norman PLC,"Unit 8357 Box 9011
DPO AP 38082",Laurenview,anthony58@example.net,88291
7851,Roy Johnson,Jones Group,"351 Reynolds Via Apt. 569
Danaland, GA 73949",Markborough,casey52@example.net,158019
7852,Valerie Gates,"Patterson, Vasquez and Stanley","954 Becky Alley
Jenniferview, ID 90310",Lake Lori,ellenchung@example.net,129677
7853,Jennifer Torres,Reyes-Nguyen,"33719 Galvan Loaf
Jessefurt, SD 35983",Port Gabriella,briantorres@example.net,186746
7854,Deborah Davis,Torres LLC,"32332 Johnson Springs Suite 781
Perezport, TN 50229",West Tammy,sarahreyes@example.net,110469
7855,Brandon Garcia,Schneider Inc,"3442 Carlos Ports Apt. 510
West Laurie, OR 25753",Thomasport,rosejonathan@example.com,79427
7856,Kristen Lopez,"Phillips, Wagner and Becker","385 Emily Plain Suite 647
West Williamborough, RI 96471",South Johnchester,millerlaura@example.org,76194
7857,Katherine Roberts,"Williams, Roberts and Phillips","5973 Parker Parks
Lake Christinaport, SC 34036",Padillaburgh,erin74@example.org,113509
7858,Susan Ward,Davis-Spears,"PSC 1660, Box 4274
APO AE 78627",Jamesmouth,alexandriagarza@example.net,117022
7859,Christina Jones,"Peterson, Alexander and Jones","22607 Rebecca Mill
Newmanside, MD 99407",East Michaelport,yhawkins@example.net,142144
7860,Christina Santos,Vasquez Group,"2429 Vazquez Cape
Lake Angela, NH 77759",Howardstad,jeffery35@example.com,122879
7861,Andrea Martinez,"Williams, Ferguson and Howard","54140 Daniel Meadow
Johnsonberg, MT 12873",West Katherineland,matthew34@example.org,130598
7862,Lisa Stephenson,Ford-Bennett,"42184 Tricia Glen
Larsenberg, OH 28764",Angelicamouth,andrew32@example.org,151014
7863,Vanessa Stone,Green-Ward,"2130 Wells Shore Suite 768
Maryport, WA 40754",South Debra,tcastillo@example.com,58774
7864,Christina Wolfe,Thomas-Taylor,"44456 Monroe Terrace Apt. 939
Manuelview, GU 08865",Tonistad,williamsonmichael@example.org,52064
7865,Erin Payne,Nash-Meza,"PSC 8745, Box 9351
APO AE 01034",Lake Valeriehaven,smithgeorge@example.com,61157
7866,Tina Martin,Tanner Inc,"217 Grant Rue Suite 585
Lake Keithmouth, OH 75541",West Danielmouth,michael79@example.net,79157
7867,Xavier Taylor,"Patel, Vega and Wilson","2277 Chang Brooks Suite 498
West Daniellechester, IA 29678",Jessicaborough,andersonfrank@example.net,90711
7868,Andrea Brooks,Wilson-Lopez,"5099 Hodges Loaf
Katherinechester, MT 79454",North Scott,emcgee@example.net,135223
7869,Jessica Peters,Hill Ltd,"0318 Adam Greens Suite 671
Edwardsburgh, OK 92735",West Barbara,james91@example.net,197518
7870,Victor Johnson,Johnson and Sons,"3751 Smith Underpass
Phelpsport, AS 89955",Port Theresashire,heather25@example.net,66650
7871,Kimberly Leonard,Mays Group,"8367 Sanchez Ford Suite 529
South Kathryn, IL 69466",Flemingmouth,kenneth62@example.net,148702
7872,Kelsey Boyd MD,Allen-Herrera,"7610 Henderson Way Suite 537
Coxberg, MH 57359",New Diane,shelby25@example.org,162828
7873,Steven Tucker,Lopez-Johnson,"70436 Guzman Club
Lake Donald, NC 45661",New Adrian,wgray@example.com,189333
7874,Ashley Davis,"Lee, Mcclure and Brown","12785 Davis Junction Suite 143
Maynardton, VA 32439",New Steven,andrew95@example.com,102237
7875,Mark Matthews,"Young, Patrick and Hall","40701 Mann Dale Apt. 997
Markside, MI 11969",Carolynfurt,patricia16@example.org,178964
7876,Elizabeth Martin,Smith-Stevenson,"USNS Jensen
FPO AE 55756",North Jamesview,larsonmelissa@example.org,68675
7877,Mark Benjamin,Barber LLC,"2474 Wesley Roads
New Jamesfurt, VT 89714",Homouth,silvajillian@example.com,142512
7878,Jay Kelly,Robinson and Sons,"2815 Jenkins Shoals
Barnesfurt, CA 22530",Port Lisaside,rodriguezdavid@example.net,120869
7879,Nicole Nguyen,Wells-Lane,"51192 Lauren Rapid Apt. 927
Port Pamela, ME 22838",Brendastad,fordcarl@example.com,132106
7880,Denise Dorsey,Williams LLC,"33738 Molly Forge
Roberthaven, GU 33382",Jillside,bryanhowell@example.com,144007
7881,Kimberly Miller,"Bradley, Olson and Daugherty","97681 John Trafficway
South Elizabethside, MN 78682",West Debraburgh,christopher66@example.com,151140
7882,Larry Hammond,"Flores, Hammond and Finley","311 Jones Causeway Apt. 679
East Brandon, WA 14939",Bartonmouth,qhoward@example.com,63558
7883,Christopher King,Soto-George,"3266 Calderon Mill Apt. 823
North Heatherburgh, TX 06424",New Sherry,mccarthydonald@example.net,60779
7884,Bryan Cook,"Pearson, Garcia and Ho","63916 Ware Throughway
Sandovalton, MH 21035",Port Laura,virginiastone@example.net,113533
7885,Katie Harrison,Goodwin-Austin,"8059 Watson Mall
North Jacobfort, NM 85744",Hoodburgh,david54@example.org,114840
7886,John Hamilton,"Kramer, Hancock and Levy","4655 Sean Underpass
Port Antonio, AL 80770",New Angelaton,christopher37@example.org,80317
7887,William Hughes,Webster PLC,"21780 Smith Place
South Kathyfort, DE 81880",Moorestad,xnelson@example.com,193563
7888,Nicole Harrison,Allen-Brown,"372 Nicholas Locks Suite 823
Port Shannonberg, NE 78703",South Melinda,zross@example.com,159370
7889,Elizabeth Murphy,Todd-Thompson,"666 Stacy Squares
Stephaniemouth, MA 27553",North Mary,jeffrey73@example.org,78907
7890,Elizabeth Fleming,Martinez Ltd,"510 Martinez Mission Apt. 330
Haileyberg, RI 20100",New Brentland,hunterchristopher@example.net,74438
7891,William Edwards,Blanchard Inc,"092 Acosta Motorway
North Maria, NY 95027",South Derekborough,michael08@example.org,136008
7892,Deborah Wilson,Kim-Navarro,"0762 Robinson Ridges Suite 363
East Tom, IA 66361",Carolynview,naguilar@example.net,67771
7893,Caitlyn Andersen,Hardin-Hurley,"3117 White Extensions
Allisonfort, MT 25590",Michaelville,sarahclark@example.org,99073
7894,Deborah Brown,"Duncan, Williams and Marks","840 Bowman Views Suite 519
Laurafort, KY 79530",Rileytown,hawkinsamy@example.net,57958
7895,Michael Taylor,"Johnson, Finley and Watts","219 Lopez Way
Port Amanda, IL 81842",Jeffreyborough,derrick97@example.net,64877
7896,Rebecca Foster,Nichols Group,"PSC 2258, Box 5201
APO AA 44716",Rachelmouth,davidchang@example.net,96232
7897,Mariah West,"Johnson, Malone and Solis","131 Danny Village Apt. 849
Hendricksstad, MD 34312",Joelland,phillip60@example.com,94756
7898,Sherri Jefferson MD,"Johnson, Houston and Turner","174 Harris Mill
Robertport, AR 07223",New Jessica,rodriguezdawn@example.net,72730
7899,Jordan Miller,Davis Inc,"03185 Stacey Courts
Port David, OK 53267",Garcialand,mariahkelley@example.org,131023
7900,Marcus Munoz,"Taylor, Price and Parrish","79406 Kyle Keys Apt. 913
Adrianaton, IL 08233",Tarahaven,petersondonna@example.net,149290
7901,Katie Garcia,Murray PLC,"023 Shelley Walk
Joseburgh, OH 71936",Spencermouth,rogersrachel@example.org,75079
7902,Samuel Baker,"Bailey, Jones and Garcia","248 Greene Lights Suite 065
Lake Matthewville, TN 36395",Melanieborough,twilliams@example.com,131490
7903,Stephanie Barnes,Cervantes and Sons,"22809 Howard Fords
East Amanda, PW 32262",Port Brendaside,michael51@example.com,182171
7904,Jennifer Porter,Valenzuela LLC,"6794 Blake Common
Josephbury, WY 00785",South Angelamouth,william47@example.com,150755
7905,Kristy Grant,"Garcia, Chapman and Mckinney","42003 Sierra Brooks
Rebeccachester, NC 46866",Lake Logan,yatestyler@example.org,50164
7906,Scott Wells,Hardy-Baker,"43407 Jared Extension Suite 585
Terryfurt, NV 11414",West Tarastad,john70@example.org,77384
7907,Dr. Samuel Rodriguez Jr.,Cooper-Gonzalez,"9030 Christina Bypass Apt. 126
North Julie, MS 67328",Port Kariville,zdelacruz@example.org,128019
7908,Jacob Black,"Fox, Howe and Alexander","USS West
FPO AP 38647",New Kimberly,kathryn21@example.net,87199
7909,Deborah Harris,Nunez-Brandt,"84819 Nunez Club Suite 247
Bassmouth, WY 09195",West Shannontown,cynthia27@example.com,143916
7910,Peggy Thompson,Parker-Hawkins,"4661 Ross Unions
Andrewborough, FM 56793",East Trevorport,amandagates@example.net,103366
7911,Barry Davis,"West, Baker and Watkins","9849 Wolf Coves Suite 902
Andersonport, IL 17132",Hillfort,nryan@example.net,195492
7912,Tyler Holmes,"Hahn, Aguilar and Beard","99076 Jackson Roads
New Daniel, MH 45728",Lake David,tammysims@example.org,191292
7913,Jacob Norris,Austin Group,"82484 Theresa River Suite 825
Joshuamouth, AZ 37424",Port Larry,kelli00@example.net,113444
7914,Jennifer Young,Higgins-Mccoy,"Unit 0026 Box 5438
DPO AE 97486",New Amyview,qramos@example.com,72955
7915,Cameron Harper,Mendez-Moore,"53656 Julie Hill Apt. 332
Jenniferfurt, KS 18389",North Kathy,kristin22@example.com,143111
7916,Julie Powell,Griffith Group,"739 Lindsey View Apt. 740
Ginaburgh, KS 67864",Leslieshire,daniel79@example.net,113622
7917,Marc Glenn,"Bradford, Richards and Hamilton","163 Michelle Village
Phillipland, FM 30778",Burchborough,greenebrooke@example.com,86387
7918,Mr. Hunter Lawson III,"Thompson, Martinez and Cole","USS Wells
FPO AE 36797",Nancyborough,kennedyshane@example.net,119769
7919,Nicole Rodriguez,"Carter, Freeman and Robbins","804 James Port Suite 838
Port Amberchester, MT 99368",Burnsfort,laurenmcintyre@example.net,90243
7920,John Kelly,Garrison Ltd,"1144 Taylor Ford Apt. 695
Sparksside, NY 79219",Johnnyburgh,ujones@example.net,82432
7921,Kimberly Marshall,"Powers, Obrien and Williams","PSC 1306, Box 8721
APO AA 34488",Ericksonberg,stephen02@example.org,80513
7922,David Lutz,Byrd and Sons,"27149 Robertson Street
Kimberlyside, IL 02174",Lake Josephview,hpowell@example.com,55785
7923,Mallory Nelson,Reynolds-Sweeney,"60546 Allison Mission
North Dennisside, NJ 78311",West Jenniferside,richard65@example.org,189927
7924,Christina Robinson,Parsons-Fitzgerald,"613 Clayton Plaza
North Peterland, NJ 88986",Samanthaport,ljensen@example.com,175352
7925,Yvette Quinn,Gomez-Ayers,"3609 Jennifer Haven Apt. 786
South Susanstad, IL 75190",South Michele,daniel19@example.com,188633
7926,Rachel Davis,"Hayes, Nguyen and Grant","2545 Howard Circles
New Sarah, AK 62053",Smithville,kevindaniels@example.net,104470
7927,Daniel Gaines,Peters-Murphy,"4024 Michael Spring Suite 001
Jessicabury, MA 35390",East Michael,vbrooks@example.org,98746
7928,George Stokes,"Gray, Figueroa and Farrell","8618 Smith Brook Suite 238
Toddhaven, MD 22337",Jimmyhaven,john31@example.org,57622
7929,Michael Holmes,Reed-Stevens,"82337 Carr Squares
Tiffanyton, MS 16289",West Frederickburgh,pmcmahon@example.org,80051
7930,Steven Walsh,"Wade, Lowe and Lam","59086 James Squares
Brownside, MA 49903",Kellytown,xpearson@example.org,71508
7931,Ashley Garza,Barnett-Curtis,"5308 Martin Stream
Lake Matthewville, PA 17591",West Taylor,eileen02@example.org,109357
7932,Yvonne Jones,Evans Group,"75806 Jennifer Crossing
East Thomasmouth, MO 83561",Port Sandraview,dennis19@example.com,171637
7933,Christina Mitchell,"Maldonado, Williams and Rogers","75182 Eddie Trail Apt. 601
Lake Keith, WA 56387",Denisehaven,walkerkathy@example.com,97020
7934,Jennifer Fields,Morris Ltd,"914 Davidson Road
East Ashley, MI 50213",South Amanda,brandonbrown@example.com,160875
7935,William Mejia,"Powell, Jennings and Wells","2418 Bartlett Inlet
South Garrettborough, MP 10430",East Christophermouth,andrew80@example.org,56741
7936,Mrs. Catherine Cross,Nelson Inc,"221 Rodriguez Garden Suite 255
New Stevenville, NM 14952",Jameschester,vwilliams@example.org,176090
7937,Peter Russell,"Sanchez, Brown and Morales","138 Ellis Lodge Suite 533
Jenkinsmouth, MS 22514",Mccoyton,kristina65@example.com,184991
7938,Thomas Wilson,"Barnes, Collins and Harvey","8268 Alexandra Forges Suite 579
West Sarah, MH 19028",Chapmanmouth,vbryan@example.net,118084
7939,Scott Sanchez,Camacho-Price,"529 Eric Lock Apt. 017
Robertville, PR 84087",Port Ashleyview,bmcconnell@example.org,195534
7940,Jennifer Holt,Smith Group,"Unit 6062 Box 7080
DPO AA 96481",South Kellyport,campbellnathan@example.com,97943
7941,Adam Walsh,Watson-Goodman,"076 Margaret Green
Markland, SC 53534",South Anthony,tmorales@example.org,129314
7942,David Moore,"Sanders, Conrad and Wallace","204 Hanson Spurs
East Jamesview, CA 79777",Nicholaston,jjenkins@example.net,104769
7943,Whitney Wood,"Kelly, Richards and Martin","09878 Silva Crescent Suite 841
West Carol, TN 58883",Alexisburgh,msmith@example.org,178203
7944,Jessica Lee,Peters Ltd,"75655 Matthew Ferry
Johnfurt, OK 87966",South Allen,pamelawagner@example.org,186890
7945,David Johnson,Le-Russell,"3585 Aaron Row Suite 878
New Paul, MS 63372",East Heatherfort,hurleywilliam@example.com,199072
7946,Sarah Ibarra,"Love, Schaefer and Howard","Unit 4341 Box 6462
DPO AA 08901",Lake Chelseyhaven,sgray@example.org,64299
7947,Lance Miller,"Wade, Coleman and Jones","4337 Jones Expressway
North Robertton, MT 21260",Joshuaside,rjohnson@example.org,116349
7948,Carl Orr,Vaughan-Ellis,"586 Brandon Mount
Kennethtown, AL 10475",Moorefort,lewisangela@example.com,95372
7949,Jessica Morales,"Allen, Sellers and Reyes","372 Greene Summit Apt. 102
East Pamela, AS 41649",Zacharyland,christiansara@example.net,172678
7950,David Palmer,Santiago Ltd,"37077 Jill Brooks Apt. 996
Bethanyfort, IN 03610",Kimberlyhaven,uoneill@example.com,126789
7951,Gloria Herrera,Richmond-Bond,"PSC 6474, Box 8263
APO AA 32645",Charlesfurt,sonyamclaughlin@example.net,70789
7952,Daniel Gibbs,Daniel-Mills,"84849 Sara Locks Suite 627
South Carlos, NJ 78673",Lisaview,gregory33@example.com,115678
7953,Jerry Hooper,Livingston Inc,"2952 Tara Landing
South Marcside, IA 14304",Mitchellfort,williamsstephanie@example.org,184985
7954,Sabrina Myers,Hutchinson-Hodges,"63905 Adams Centers Apt. 509
Ashleymouth, OH 03530",Hartmantown,preston69@example.org,161578
7955,Sara Thompson,Santiago Group,"8024 Jacob Flats
Lindaburgh, VT 51482",New Paigeview,pandrews@example.com,108925
7956,Matthew Chavez,Howard-Tate,"02321 Harris Glens Apt. 447
Shaneville, SC 87111",Brownhaven,icarter@example.org,145962
7957,Shawn Griffin,"Tanner, Meyer and Lynn","19558 Reilly Meadows Suite 923
Dunlapchester, RI 70504",Hoganview,davisjacqueline@example.org,59637
7958,Edwin Carter,Fuller Ltd,"058 King Radial Suite 522
Alanview, NC 38249",Hesterfurt,russellkhan@example.org,176709
7959,Michael Lee,Roth-Jackson,"672 John Camp Apt. 348
Lopezburgh, ME 56144",Lake Ryan,ryanwilliams@example.org,73760
7960,Kenneth Wilson,"Sullivan, Taylor and Blankenship","18659 Teresa Unions
Cliffordmouth, AL 31721",East Colehaven,cdillon@example.org,165949
7961,Robert Cain,"Johnson, Bailey and Davidson","13610 Michael Route
Tiffan