ample.net,156213
16109,Laura Johnson,Stanley PLC,"81557 Ruth Terrace Suite 954
Matthewstad, MO 59853",South Shaneville,melindalee@example.org,157384
16110,Benjamin Burns,"King, Garcia and Hernandez","USNS Smith
FPO AP 81279",South Jotown,brentoliver@example.net,93281
16111,Christopher Baldwin,Griffith-Ramirez,"46075 Rodney Glen
Danaview, TX 54672",Navarromouth,todd47@example.com,153758
16112,James Barnes,Stuart-Stevens,"369 Mccann Views
Brooksville, NE 58036",Tiffanyborough,martha99@example.com,110399
16113,Brandon Lewis,"Clark, Mclean and Beard","2869 Benjamin Via
Port Andrea, IL 90357",Sharonfurt,jimmyramirez@example.com,152346
16114,Heather Williams,Benson-Gibson,"8267 Morris Row Apt. 372
Robertsonside, SC 14582",Caitlinberg,lopezamanda@example.org,90574
16115,Kevin Bowen,"Daniels, Mckinney and Jones","7786 Miller Parks
Smithton, MP 17561",Alicefort,debramay@example.org,188854
16116,Deborah Hanna,Miller-Cook,"70570 Dawn Knoll Suite 681
South Shawn, AR 48088",North Luis,wcrane@example.org,115015
16117,Travis Smith,Moore-Robinson,"041 Carlos Greens
New Javier, MS 02986",Lake Dylanhaven,gabriela88@example.com,55787
16118,Patricia Delgado,"Molina, Byrd and Ellison","USS Walter
FPO AE 54115",Jonathanstad,taylor56@example.com,75653
16119,Alfred Sellers,Cherry-Fischer,"5568 Contreras Manors
South Valerie, MO 67845",Marquezhaven,johnny13@example.org,161920
16120,Chelsey Cummings,Flynn PLC,"6268 Betty Viaduct Suite 882
Coffeyfurt, WV 46459",North Randy,michael78@example.org,92847
16121,Damon Hernandez,Hansen-Hill,"48027 Bryan Stravenue
Williammouth, MI 62771",Cooperburgh,hsanchez@example.org,191598
16122,Rebecca White,"Howe, Brown and Martinez","95822 Luis Rapids Suite 796
Williamsfurt, PA 46916",Thomasmouth,timothybrennan@example.org,80979
16123,Denise White,Rodriguez-Henderson,"200 Williams Brook Suite 302
East Juliabury, GU 62808",Stevenview,tanya09@example.org,199149
16124,William Cobb,"Rhodes, Moses and Serrano","9171 Danielle Harbors
Port Diane, WA 30471",Alexandershire,joe38@example.com,98775
16125,Billy Jones,Edwards Group,"07048 Ronald Port Suite 587
East Nathanielland, GU 18614",Lunamouth,andrewjimenez@example.com,138757
16126,Samantha Reynolds,"Lopez, Green and Cook","916 Daniel Extension
Martinezhaven, OK 99281",Durhamburgh,xgrant@example.net,140341
16127,Duane Adams,"Mitchell, Wheeler and Howell","215 Vickie Islands Suite 385
Port Jenniferside, FM 57449",Stoutbury,tjohnson@example.com,184294
16128,James Crawford,Lopez and Sons,"9158 James Parkway
Lake Sarah, KS 92567",Christopherville,richard89@example.org,89726
16129,Jason Kramer,Berry Group,"59328 Kimberly Corners
New David, ID 71760",New Jeffrey,savannah47@example.net,190792
16130,Jodi Allen,Harris Inc,"4669 Jonathan Mill
South Melissa, NM 26644",South Amanda,harperjason@example.net,90298
16131,George Griffin,Miller LLC,"652 Dennis Field Suite 813
North Jamie, WA 52538",Paulland,anthonygriffin@example.org,194659
16132,Nicole Nelson,"Cabrera, Marsh and Delgado","54789 Jones Parkway
Lake Tiffany, AL 31100",Luceromouth,ericksonsandra@example.com,154243
16133,Amanda Anderson,"Kirby, Flores and Hernandez","675 Berry Knoll
Carmenfurt, WY 50332",Andrewfort,ryantony@example.org,174330
16134,Kevin Morales,Garcia-Livingston,"357 David Locks Suite 758
Kleintown, MH 63998",Michaelshire,jennakelly@example.net,152277
16135,Joseph Smith,Tyler-Smith,"2743 Dixon Ridges
West Hannahborough, ND 54343",New Kenneth,kimberlymiller@example.com,75458
16136,David Robinson,Cruz Group,"PSC 1097, Box 2697
APO AP 20828",Brooksburgh,erica99@example.org,80592
16137,Stephanie Ward,Bond Ltd,"5610 Kenneth Meadow Apt. 697
Port Kendra, UT 66972",West Shane,vkim@example.com,121202
16138,Edward Herman,Mckinney Group,"75138 Stephanie Manor
North Michael, KY 78213",Port Robert,gavin89@example.org,94495
16139,Jonathan Love,Fisher-Solis,"88587 Renee Key
East Richardshire, WA 40532",Claytonville,brian62@example.net,120461
16140,Pamela Lucas,"Brandt, Thomas and Thompson","16676 Jonathan Summit
Lunaland, PW 41118",Rebeccaberg,smithdana@example.net,146845
16141,Ian Perez,Black-Cruz,"72815 Cassandra Path
East Christopher, TN 78044",East Marcusshire,haynesmaria@example.org,52830
16142,Natasha Robinson,Mcgee Ltd,"135 Banks Junction Apt. 391
Lake Patricia, WA 18130",Christophertown,xserrano@example.net,164919
16143,Emily Bush,"Harper, Fitzpatrick and Rivera","3533 Allen Greens Apt. 652
Mendezville, NC 04453",Chavezhaven,aimeelopez@example.com,101305
16144,Tamara Medina,Mcdowell-Rios,"71311 Shea Rapid
Nicholasberg, OR 96869",North Ashleybury,christian45@example.org,105992
16145,Mary Landry,Owens-Davis,"Unit 6831 Box 2134
DPO AA 29475",East Jeremy,srussell@example.org,148729
16146,Melissa Young,Moon-Nelson,"42864 Smith Trace Apt. 948
Luisland, AL 96270",West Daniel,nlane@example.com,99452
16147,Abigail Dunn,"Farmer, Mueller and Campbell","27139 Garcia Glen
West Kevin, FL 12481",Alvaradochester,malonekara@example.com,51983
16148,Kevin Wilkins,Cardenas Ltd,"270 Reese Prairie Apt. 831
Benjaminton, WV 96446",Richardport,palmertonya@example.org,147177
16149,Adam Marquez,"Kidd, Byrd and Hatfield","Unit 9718 Box 1183
DPO AE 24306",Saraside,twilkinson@example.org,125438
16150,Kathleen Wallace,"Mitchell, Kane and Smith","7967 Harrison Estate Suite 330
Bentonchester, HI 12964",New Alexisborough,zstevens@example.com,115270
16151,Anthony Williams,Higgins Group,"28102 Smith Village
West Ericfurt, NJ 15425",Leeside,ramseyjoe@example.net,188715
16152,Rachel Martinez,Henry-Cruz,"952 Jason Viaduct
North Katrina, MN 19197",Keithland,garciajessica@example.org,73435
16153,Stephen Lee MD,Wise-Chavez,"807 Odom Path
West Daniel, FL 22077",Lake Victor,joebrown@example.net,183093
16154,Isabel Jones,Perry LLC,"6346 Alexander Corners
New Jessicachester, UT 89616",West Debra,sarahgrant@example.com,52419
16155,Christopher Gamble,Downs Inc,"PSC 8944, Box 0522
APO AP 10648",West Rebeccaborough,dana17@example.net,190646
16156,Meagan Johnson,Bishop PLC,"187 Brooks Divide Apt. 469
Jenniferburgh, PR 91311",West Rodney,cmoore@example.com,183418
16157,Robin Gonzales,Buchanan PLC,"11787 David Burgs
North Erica, AZ 71638",Jennifertown,margaret68@example.net,139130
16158,Mrs. Sally Powell,Chavez-Perez,"19268 Carlos Manor Apt. 934
Frederickstad, HI 16690",Tylerchester,joshua55@example.net,90491
16159,Richard Clark,"Jefferson, Smith and Gomez","61825 Rodgers Center Suite 778
North Amyland, HI 92644",West John,floresshannon@example.net,161421
16160,Lindsey Bailey,"Hendricks, Hernandez and Cunningham","2276 Stewart Passage Apt. 092
Westhaven, IN 76728",Michelleshire,teresaharvey@example.net,123941
16161,Francisco Diaz,"Williams, Lee and Thompson","77915 Brown Track
East Danielle, VI 23768",Garcialand,travissmith@example.com,187205
16162,Clayton Arnold,Chang and Sons,"39206 Hall Landing
Devinstad, AL 54457",West Janetland,orodriguez@example.net,51383
16163,Charles Johnson,Padilla LLC,"601 Hayes Junction Apt. 466
South Emily, NY 70557",West Desireemouth,cgibson@example.org,168128
16164,Yvette Morris,Weber PLC,"49251 Miller Tunnel Suite 168
Williamsonhaven, UT 89735",New Tonya,montoyasusan@example.org,72988
16165,Wesley Boyle,Rodriguez-Gibson,"68981 Stephanie Divide
West Thomasbury, OK 32983",Ericberg,jbautista@example.net,68012
16166,Margaret Mitchell,Clark PLC,"9047 Matthew Gateway Suite 107
Port Kelliechester, GU 12704",Raymondbury,martinbryan@example.net,125773
16167,Marcia Murphy,Chung-Mercado,"3554 Luke Mountains Suite 533
Jameschester, WV 80973",Delgadoside,hjohnston@example.com,73423
16168,Johnny Mitchell,Allen-Silva,"5284 Roberts Islands
Michaelstad, PA 30288",Beckerview,edwardcurry@example.org,129697
16169,Amanda Rodriguez,Thompson-Johnson,"90687 Lisa Well
West Brad, AL 59836",Kramerberg,hdaniel@example.org,191623
16170,Alexis Gutierrez,Smith-Howard,"214 Green Mall
Lake Jameston, TN 28725",Morenotown,bwade@example.org,194200
16171,Tanya Lopez,Richardson-Carter,"742 Peter Ridge
Lake Isaiah, NY 05835",Floresborough,kevin14@example.net,160245
16172,Scott Hoffman,"Cruz, Moore and Jones","Unit 1385 Box 1799
DPO AE 59793",Andradechester,hallen@example.org,128783
16173,Jennifer Craig,Griffin PLC,"235 Gibson Harbor Suite 662
West Lisa, NJ 52560",North Joshuaborough,mitchellchristina@example.net,122110
16174,Gabrielle Simmons,Goodwin Group,"5416 Gonzales Corner Suite 304
Yvonneview, LA 42300",Craneland,vcline@example.net,199967
16175,George Palmer,Owens-Dickson,"03937 Johnson Trafficway
East David, IA 75101",West Gregory,zbrown@example.net,50760
16176,Lawrence Harris,Taylor LLC,"17783 Esparza Turnpike
New Heather, ME 99877",Ryanview,raymondreeves@example.org,104410
16177,Nicole Roy,"Smith, Matthews and Williams","62383 Proctor Knoll Apt. 130
Josephport, WA 24335",West Hollybury,santiagorobert@example.com,104089
16178,Anthony Massey,Gonzalez-Lewis,"434 Harper Port
New Davidhaven, SC 50460",North Stacieshire,johnsonstephanie@example.org,143457
16179,Bonnie Davis,Gutierrez-Thomas,"957 Michael Bypass
Port Kevinfurt, IL 67733",South Elizabeth,timothybenitez@example.net,146672
16180,James Boyer MD,Munoz LLC,"28529 Beck Green Suite 838
East Sandraborough, AR 35933",Kevinstad,aaron86@example.net,117848
16181,Cheryl Collins,Ellis Group,"66179 Alexandra View
East Kevintown, ID 34537",Molinafurt,edwardsutton@example.net,153580
16182,Allison Solomon,Pham PLC,"734 Jones Mall Apt. 957
Stevenbury, DE 33061",North Micheleton,leonardsnyder@example.net,68332
16183,Lisa Wilson,Cook LLC,"12559 Cook Islands
Woodsside, MN 35394",West Alicia,sbrown@example.net,76468
16184,Warren Mcconnell,Lee LLC,"040 Brenda Forks Apt. 493
Kevinville, MD 23195",South Margaret,christine69@example.org,66861
16185,Kenneth Rose,"Montoya, Jenkins and Johnson","PSC 0137, Box 3195
APO AE 08721",Veronicashire,manuel75@example.net,73567
16186,James Mosley,"Campbell, Mitchell and Montgomery","919 Page Walks
Davidville, ND 66447",Garciaside,laura84@example.net,149619
16187,Robert Barr,Smith-Baker,"8744 Berry Wells Suite 005
East Anthony, LA 97235",East David,travis97@example.org,149163
16188,Holly Rosario,"Walker, Simon and Baker","71990 Barron Fields Suite 850
Lake Natalie, FM 36327",Pacechester,dodsonronnie@example.org,99416
16189,Michael Mclaughlin,Le and Sons,"4609 Lindsey Oval Suite 165
West Kevin, TN 97361",Moorebury,joshua94@example.com,176104
16190,Cameron Rivera,Whitaker Ltd,"311 Marissa Wells Suite 177
Heathermouth, NE 11147",New April,annasmith@example.org,50854
16191,Craig Rodriguez,Bradley and Sons,"982 David Knoll
Cynthiamouth, DC 19919",Millerport,alexandria88@example.com,83138
16192,Miranda Black,Gibbs-Smith,"USNV Sullivan
FPO AP 50806",Jacksonmouth,sheliajohnson@example.org,153002
16193,Manuel Choi,Moore Ltd,"59662 Gonzalez Square Apt. 882
New Jacob, MT 53662",South Lukeview,clementschris@example.org,171307
16194,William Henry,Cochran-Aguilar,"37639 Taylor Motorway Suite 626
Nancytown, MT 46114",Craigside,stephenpatterson@example.org,69031
16195,Olivia Burch,Randolph PLC,"7196 West Wall
North Angelaview, MO 13884",Smithchester,fjacobs@example.org,74481
16196,Virginia Carter,Douglas and Sons,"023 Brown Heights
Lake Adamton, KS 13070",Jenniferfurt,william36@example.com,81213
16197,Damon Sanchez,Booker-Mueller,"USCGC Bradford
FPO AP 05805",Port Kathleenhaven,frances91@example.org,66332
16198,Mrs. Kimberly Price DDS,Glover-Williams,"82234 Chapman Estate Apt. 270
Lake Joseph, KY 33676",New Stephaniestad,donna01@example.net,110654
16199,Steven Davidson,Carter-Benson,"1609 Michael Track
New Masonfurt, LA 39524",South Jean,rebecca36@example.org,199334
16200,Samuel Hawkins,"Patterson, Lambert and Doyle","699 Elliott Wall Apt. 796
New Feliciaport, OH 41572",South Jasonfort,freemantamara@example.org,71142
16201,Ronnie Smith,Grimes-Herrera,"671 Trevino Expressway Suite 194
East Martin, DE 04020",West Johnmouth,ruben74@example.com,138196
16202,Dawn Williams,Friedman Inc,"46681 Farrell Road Apt. 269
South Stacy, MP 06763",Petersonside,amy65@example.net,78723
16203,Jordan Lam,"Gomez, Sanders and Mills","210 Brennan Stream
East Kelly, NC 24171",West Richard,michael38@example.org,95822
16204,Daniel Scott,"Alexander, Rich and Walker","7677 Hardy Cove Suite 980
Toddmouth, MI 17636",Tuckerside,joseph88@example.com,161466
16205,Joshua Savage,"Duran, Garza and Miller","0829 Rhodes Rapids
North William, TX 08964",Perryfort,raymond78@example.com,197416
16206,Lindsey Rush,"Odonnell, Torres and Guzman","176 Thompson Stream Suite 754
Kevinfort, UT 98150",Port Michaelberg,msmith@example.org,197050
16207,Sarah Flowers,Morrow-Cervantes,"745 Perez Park Suite 121
New Michaelberg, OR 80623",Port Jerry,jeffrey47@example.com,164460
16208,Daniel Adams,Anderson-Travis,"8435 Stephen Fall Suite 483
Lake Jacquelineborough, FL 53425",Reynoldschester,anne59@example.net,173490
16209,Matthew Stevens,"Mcclure, Boyer and Young","30503 Adrian Stream Suite 833
South Geoffrey, FL 54807",Stephenstad,ehernandez@example.net,85307
16210,Cynthia Grimes,Jackson-Clark,"69019 Rose Course Apt. 947
North Ricardoberg, OR 01571",East Jamesstad,jessicahernandez@example.net,140735
16211,Michael Austin,Alvarez Group,"376 Ashley Ford
Cynthiaport, MI 51734",Port Gail,mark12@example.com,128165
16212,David Bennett,"Taylor, Newman and White","25252 Timothy Summit Suite 263
North Laura, HI 26172",Lake Charles,angelicamendez@example.com,96324
16213,Natalie Williams,Church-Austin,"412 Miller Plains Suite 703
Craigborough, KS 00922",South Aliciaport,gonzalescheryl@example.net,157168
16214,Phillip Perry,"Oconnell, Hill and Roth","2261 Matthew Pass
Aaronville, RI 11961",Port Allisonstad,troy70@example.com,130063
16215,Samuel Vaughn,Mcconnell-Sellers,"60638 John Curve
North Ashley, PW 57226",Elizabethtown,matthewmcgrath@example.com,50303
16216,Tara Clay,"Green, Robinson and Hensley","6890 Charles Well Apt. 716
West Davidmouth, NV 20111",Port Hannahburgh,jimmy48@example.com,83711
16217,Evan Jordan,Vaughn-Branch,"08763 Jeffrey Streets Suite 466
South Jenniferchester, WA 40452",Abigailfort,landryalyssa@example.net,114497
16218,Diane Rivera,"Hernandez, Lee and Martinez","159 Renee Course Suite 508
Fredericktown, DE 21256",Edwardburgh,pamelacarr@example.org,196685
16219,Rebecca Cole,Williams Group,"5934 Kara Crossroad
Nixonport, NM 73925",West Angelachester,cassidy47@example.net,173035
16220,David Khan,"Howard, Arnold and Duran","51536 Johnson Estate
West Rodney, TN 89501",Port Cameron,apadilla@example.com,112580
16221,Robert Huffman,"Moore, Hill and Lewis","023 Misty Mill
Annville, MT 13707",East Danielside,brucegarza@example.net,123545
16222,Joseph Bell,Dunlap Ltd,"24439 Vincent Vista
Collinsmouth, OH 97616",Danielshire,samanthaharper@example.com,150599
16223,Dana Leonard,Johnson and Sons,"31689 Page Groves Suite 880
East Clintonfurt, VT 54668",West Matthewmouth,crobles@example.com,143620
16224,Paula Yoder,Miller-Bailey,"8848 Spencer Courts
West Juanside, MP 85017",Williammouth,luis92@example.net,74404
16225,Taylor Baldwin,"Patrick, Ellis and Mitchell","741 Roberts Gardens Suite 033
Louismouth, ME 36183",West Anne,rogersjames@example.com,103094
16226,Ashley Luna,Orozco LLC,"8638 Porter Vista Apt. 183
North Douglas, CO 03424",Harrisside,bryan08@example.com,158552
16227,Cory Williams,"Murphy, Finley and Montgomery","971 Kayla Islands Apt. 688
Lake Susanmouth, UT 60561",Chelseaview,mark96@example.com,129780
16228,Jeremy Brooks,Benjamin-Willis,"297 Franco Gateway
West Anthonymouth, NC 24763",Shawnborough,ulawson@example.com,59056
16229,Jeremy Nash,Carter-Freeman,"48318 Thompson Shoals
West Jose, MI 14051",West Mariah,tracy86@example.com,75010
16230,Amanda Hickman,Carpenter-Sweeney,"951 Jennings Vista
Lake Alexanderstad, VI 94606",Tylerport,staciemartinez@example.com,160248
16231,Johnny Williams,"Williams, Bailey and Smith","8706 Valdez Mount Apt. 913
Thompsonbury, MD 08160",South Johnton,christophermclaughlin@example.org,100491
16232,Julie Watkins,"Chen, Tucker and Rodriguez","353 Johnson Estate Apt. 779
Walterhaven, PR 69031",Millerchester,gonzalezdavid@example.net,75165
16233,Roberto Evans,"Garcia, Lewis and Lowery","12743 Michael Valley Apt. 276
Perezport, VI 32960",Kellyborough,bishopangel@example.com,133480
16234,Kimberly Spencer,Hodge-Holmes,"45447 Martin Way
Hermanfurt, HI 87321",South Michael,pamelalawrence@example.net,166131
16235,Casey Perry MD,"Davis, Mcdonald and Boyd","412 Timothy S