rbara, TN 57643",Martinezbury,julie77@example.com,88837
437559,Kenneth Hobbs,Moore Ltd,"423 Gordon Mountain
Smithmouth, CO 18679",Howemouth,lhudson@example.org,199518
437560,Katherine Clark DDS,Zamora LLC,"315 Michael Gardens
North Kari, NH 82368",Garciaville,michellefleming@example.com,138242
437561,Kimberly Rojas,Padilla-Perez,"1281 Rush Village
Reedport, NE 54445",Sanchezside,michelle69@example.com,166508
437562,Christian Hudson,Kennedy-Williams,"63412 Richard Forges Apt. 402
Tabithaton, WA 32812",New Monicaville,mcgeeamanda@example.org,77654
437563,Mr. Thomas Sanchez,"Anderson, Key and Cruz","94812 Marcia Fort Suite 882
Port Adam, OH 29476",Chadton,reedjessica@example.com,149809
437564,Patricia Avery,Frey-Smith,"6510 Mary Bridge Suite 208
Port Eric, AK 59158",Lake Paulside,brandon31@example.net,152739
437565,Patricia Cordova,"Pearson, Warren and Savage","44582 Raymond Rapid
Kimberlymouth, CO 31652",Jamesmouth,melissasanders@example.com,109166
437566,Dillon Montoya,Hoffman-Morgan,"4568 Ivan Points Apt. 923
West Kristaport, WA 22901",Wangside,kempjavier@example.org,136741
437567,Theodore Hicks,Wood PLC,"18475 Christensen Fork Apt. 364
Danielland, UT 60398",Migueltown,nrhodes@example.net,118819
437568,Jamie Brown,Turner and Sons,"48678 Adam Mill
West Matthew, DC 92926",Shahland,robert66@example.com,57839
437569,Rebecca Davis,Scott PLC,"08955 Welch Alley Suite 004
Alexanderville, VT 57599",Jenniferside,michael08@example.org,155438
437570,Jennifer Lutz,James Ltd,"277 West Locks Apt. 557
North Heidiburgh, ND 69971",Lake Stephanie,nathan69@example.org,84611
437571,Brian Miller,"Robinson, Watts and Brown","577 Michael Road
Jonathanhaven, WY 46801",Lloydberg,howen@example.com,98087
437572,Ryan Calderon,Stevenson PLC,"9370 Michael Squares
Hayesland, NY 69294",Kimberlybury,nmitchell@example.net,73587
437573,Jessica Randolph,"Spencer, Young and Smith","45686 Jennifer Estates
East Maryfurt, OR 70572",North John,pottscheyenne@example.org,116612
437574,Brittany Wolfe,"Johnson, Chen and Tate","0991 Reynolds Field Suite 418
North Mitchellborough, DE 99445",North Jonathanmouth,cynthia68@example.org,146206
437575,Renee Beasley,Patton Inc,"3134 Jacob Summit
Andrealand, DC 55290",Wallerville,mmarshall@example.org,166532
437576,David Martinez,Smith-Anderson,"752 Buck Ford Apt. 790
Lake Donnaside, NV 63701",New Joe,loriwilliams@example.org,93590
437577,Virginia Hogan,"Larson, Jones and Blake","USNS Snow
FPO AA 08747",East Shaun,khoward@example.org,164607
437578,Mario Lozano,"Ware, Smith and Wright","960 Scott Fork
Adamsville, RI 28058",Scottville,hilllinda@example.net,98234
437579,Maria Stevens,Johnson LLC,"4556 Nguyen Branch
Teresaton, FM 52075",Moniqueport,lisa64@example.net,128494
437580,Tony Aguilar,Hernandez-Cervantes,"8564 Williams Inlet
Barberbury, NH 62974",New Kathleen,tyler83@example.com,134222
437581,Ryan Wiley,Robertson Inc,"877 Knight Isle
Stephaniestad, VT 80701",Courtneyport,joshua38@example.org,139775
437582,Andre Johnson,"Anderson, Hernandez and May","2422 Hanson Station Apt. 005
Ricestad, NE 27326",Melanieberg,fblackwell@example.net,190994
437583,Charles Jones,Huff-Jones,"USS French
FPO AE 21704",Mcneilberg,janecummings@example.net,167372
437584,Jessica Dean,"Cooper, Frank and Adkins","78848 Jonathan Street Suite 268
East Jessetown, AR 65661",Lake Jessicastad,robert30@example.com,190773
437585,Travis Keith,Liu-Dennis,"502 Johnson Extension Suite 213
East Carolfort, NV 72139",East Garyside,rgraves@example.net,89981
437586,Robert Reid DVM,"Rojas, Fletcher and Coleman","0971 Michele Street Suite 104
Lake Mary, WA 68334",New Donnafort,susanblake@example.com,115989
437587,Melissa Vazquez,"Meyer, Price and Lara","6317 Wanda Throughway Apt. 534
Johnathanton, WV 18659",Wheelerfurt,wendyhampton@example.net,186304
437588,Donald Ingram,Ferrell-Hicks,"58378 White Ridges Apt. 102
South Sarafort, TX 69600",Lake Matthew,myerserin@example.org,154499
437589,Timothy Thompson,Johnson-Frederick,"USNV Duncan
FPO AP 06225",New Jayton,cheryldixon@example.net,136199
437590,Jonathan Griffith,Cardenas PLC,"PSC 9085, Box 4301
APO AA 76125",Colonchester,tmason@example.com,186065
437591,Carol Pearson,Anderson-Robinson,"695 Brewer Shoal Apt. 308
West Jayton, MI 21853",East Andrew,kari70@example.net,58085
437592,Cody Solomon,Murphy-Collier,"1832 Cheryl Green Suite 907
Lake Kenneth, OH 83345",Lake Jasonborough,sandrabrowning@example.com,153296
437593,Mr. Gregory Wilson,"Dominguez, Love and Jackson","6959 Henson Lights
Lisamouth, MO 51644",South Amandaborough,gloria36@example.net,181441
437594,Craig Walker,Nichols LLC,"94780 Martinez Ville
Macdonaldmouth, MP 18408",Carlosport,roselisa@example.net,71572
437595,Jordan Martinez,"Lamb, Reilly and Walker","40791 Wright Lodge
West Felicia, MP 37917",North Jasmine,bellpatricia@example.com,82755
437596,Robert Gordon,"Bartlett, Martin and Boyer","93376 Frederick Land
West Angelica, FL 43982",South Todd,mjohnson@example.net,105222
437597,Terry Wood,Schmitt Group,"05622 Vincent Knoll Suite 192
Jessicamouth, TN 77512",Mariaville,rogersheather@example.net,140153
437598,Gary Allen,Cordova-Mcmillan,"1623 Timothy Inlet Suite 018
Mirandabury, OR 62523",Angelberg,emily55@example.net,132244
437599,Teresa Smith,"Williamson, Rogers and Adams","1983 Rebecca Alley Suite 533
Peggyhaven, AR 04514",West Johnberg,tayloremily@example.net,160453
437600,David White,"Bush, Richardson and Meyer","7272 Adams River Apt. 021
New Tinastad, IN 59642",Kevinshire,vaughngregory@example.net,86189
437601,Gail Mendoza,Mitchell Group,"88940 Walker Forges Suite 873
North Jenniferchester, NV 79510",Wonghaven,mbauer@example.com,169217
437602,Cassandra Alexander,Dawson-Mccormick,"6840 Patricia Manor
East Craig, UT 89217",South Stephanie,sandovalronald@example.com,176369
437603,Melvin Brown,"Burnett, Buckley and Cooley","633 Pruitt Harbor Apt. 335
North Jesse, VT 44287",Lake Kent,gallowaynancy@example.org,94901
437604,Kelly Ray,Ward-Sutton,"83982 Jamie Orchard
North Kennethside, OH 79916",North Zacharyville,logandavid@example.com,102444
437605,Brittany Wiggins PhD,Ward Ltd,"952 George Courts
Nicholechester, MS 13857",South Emilyland,megantaylor@example.org,86301
437606,Benjamin Wright,"Smith, Thomas and Contreras","53443 Timothy Grove Apt. 043
East Kimberly, SD 76755",South Patrick,jamessnow@example.com,178539
437607,Alexa Morrow,"Case, Williams and Jordan","522 Reyes Loop
Charlesfurt, MD 41092",Angelaview,heathermendoza@example.net,188872
437608,Justin Bautista,Heath-Rangel,"040 Petersen Motorway Suite 298
Kingmouth, SD 54525",Houstonfort,brooksaaron@example.com,103069
437609,Greg Browning,"Cantu, Salazar and Chang","3850 Campbell Stream Suite 733
Wendyview, NM 52919",Bryantown,marshallcollin@example.com,53882
437610,Amber Greene,"Molina, Smith and Proctor","1441 Adams Cliff Suite 181
West Vincentview, OH 54944",Rodriguezport,jenniferkent@example.com,165581
437611,Catherine Leblanc,"Salas, Newman and Morris","6320 Parker Glens Suite 950
East Cassandra, PW 36492",Hillshire,susanbishop@example.com,171649
437612,Dr. Timothy Ramirez,"Forbes, Hodges and Lang","356 Garcia Landing
Lake Rebecca, CT 01781",Thompsonmouth,ymaddox@example.org,139710
437613,Teresa Hamilton,Hall Group,"102 Brandon Fork Apt. 637
Veronicahaven, KS 45948",Mcmillanview,wolfedeborah@example.com,179865
437614,Denise Hall,Smith-Williams,"824 Matthew Locks Suite 765
North Michaelhaven, OH 71854",South Lance,michael40@example.net,61205
437615,Christine Cannon,"Johnson, Smith and Miller","51216 Dominguez Extension Suite 015
Port Samantha, DE 88874",East Donnafort,jtate@example.org,157583
437616,Patrick Carr,Little-Brown,"0853 Kylie Stravenue Apt. 978
South Michael, OH 32404",South Spencerton,rosariojacqueline@example.com,92909
437617,Amanda Mitchell,"Warren, Oneal and Romero","92598 Lisa Inlet
Higginsstad, AL 39567",New Michaelville,greenangela@example.org,51545
437618,Michael Hester,Dyer LLC,"1021 Meyer Greens
Thomasland, DE 01799",Heatherton,jeffrey10@example.com,76243
437619,Christina Howard,"Kline, Simon and Arnold","28760 Kimberly Trafficway Apt. 293
North Melvin, TX 08523",Christineshire,powellsteven@example.org,108926
437620,Danielle Smith,Carpenter Ltd,"271 Bill Glens Apt. 802
Bensonside, AS 33773",Alexstad,tracyday@example.org,56905
437621,Wendy Olson,Gardner PLC,"2362 Robert Green Apt. 593
New Cynthia, DE 95708",West Mitchell,carrolltammy@example.com,186736
437622,Sergio Soto,Peters-Stevens,"10781 Michael Flat
Anthonyborough, VI 77137",Gordonfort,murrayalyssa@example.com,110068
437623,Mark Mclean,Watkins-Brown,"50112 Powell Walks
Zacharystad, AZ 29132",Zacharychester,anthonyramos@example.net,141718
437624,Jessica Edwards,Garza Ltd,"7588 Chase Mission Suite 021
Barkerburgh, NE 54076",Kenttown,eclark@example.com,154892
437625,Jon Long,"Ross, Anderson and Ryan","4077 Nancy Flats
Port Louis, OK 92460",Stephenschester,hallaaron@example.net,80476
437626,Anthony Suarez,"Barajas, Anderson and Sparks","76924 Keith Roads Apt. 077
Lauraview, MN 75987",Smithhaven,xcantrell@example.com,153569
437627,Amy Dean,Howard PLC,"521 Jose Street
Port Jimmymouth, MO 78730",Lake Elizabeth,berrylisa@example.org,192970
437628,Tyrone Payne,Henson-Brown,"684 Jason Mall
New Carlosport, NC 66806",North Jenniferborough,eric06@example.org,159315
437629,Ethan Moore,Gonzalez-Wolf,"340 Anderson Estate Suite 292
Jacobchester, MS 44414",Lake Diamondfort,justin70@example.com,63394
437630,Jessica Delgado,"Hansen, Soto and Aguilar","308 Timothy Summit Suite 582
Coltonland, WY 70298",West Anitaview,jamesrandolph@example.org,58127
437631,Gary Perry,"Bennett, Chaney and Martin","01971 Newton Fort Suite 454
Marilynbury, AK 20436",Lake Marymouth,pbrown@example.com,125207
437632,Joshua Holt,Martinez LLC,"9460 Bauer Ramp Suite 655
Kaitlinview, RI 12697",Gibsonshire,christine71@example.org,165912
437633,Joseph Wilson,"Foster, Vargas and Taylor","6126 Laura Crossing Suite 200
North Nicholasland, OH 41916",Williammouth,pwhite@example.net,97421
437634,Edward Olson,Dunn PLC,"3270 Lee View
Whiteville, MT 34728",Everettmouth,david35@example.com,100678
437635,Catherine Dixon,"Gillespie, Rivera and Schwartz","12572 Larry Plain
West Christopher, TX 09324",Hallshire,eholder@example.com,198249
437636,Craig Peterson,Martinez-Sanders,"825 Costa Prairie
North Ericaville, WA 37747",Lake Ian,ereyes@example.org,50377
437637,Victoria Robbins,"Fischer, Perez and Johnston","904 David Creek
Loriborough, LA 48523",Deleonland,dukenatalie@example.net,192774
437638,Megan May,Carpenter-Jenkins,"08528 Martin Oval
North Jeffreyland, NJ 99358",North Anthony,echavez@example.net,137122
437639,Melissa Rivera,Reed-Taylor,"79465 Kevin Circle
Michaelview, IL 68861",Odonnellstad,stephanie26@example.com,149094
437640,Benjamin Jones,Kaufman-Gonzalez,"136 Schwartz Field Apt. 808
Thomasport, IA 40662",Port Sarahburgh,martinezkatherine@example.org,122645
437641,Jason Molina,"Perez, Cohen and Thomas","8687 Allen Loaf Suite 939
New Joshua, SC 59957",Lake Williamberg,qalexander@example.net,118197
437642,Craig Goodman II,Moss-Brock,"594 Nicholas Keys Apt. 656
West Lucas, CO 86490",Danielborough,gregorysuarez@example.net,105597
437643,Ashley Rodriguez,"Campos, Brown and Stokes","763 William Overpass
Jillianside, AK 34063",South Jennifer,mlambert@example.com,84256
437644,Jeffrey Jordan,"Mcgee, Anderson and Garrison","1224 Matthew Bypass
North Robert, KS 72180",West Tony,lisa30@example.net,53813
437645,Andrew Stewart,Stewart-Oconnell,"USCGC Barker
FPO AE 53394",Reyesland,vicki04@example.org,139609
437646,Amanda Graham,Shelton Group,"42067 Rodriguez Mount Apt. 614
New Elizabethberg, GU 31741",Ortiztown,millercharlene@example.net,134730
437647,Paula Salinas,Shaw Ltd,"37572 Eric Neck
Lake Sandraside, TX 87132",Smithland,jack69@example.net,75750
437648,Sarah Morrison,Cantu-Kidd,"USNV Hicks
FPO AP 32775",West Michaelfurt,hfranklin@example.org,67824
437649,Karen James,"Clarke, King and Barry","2143 Rodriguez Viaduct Suite 235
Timothyfurt, IL 31233",East Melissa,djones@example.net,152266
437650,Jorge Rivers,Wright Group,"739 Christie Stravenue Apt. 982
Holderberg, NH 62043",Port Kelsey,lwaters@example.com,79724
437651,Rachel Rodriguez,"Blackburn, Newton and Montgomery","5434 Clark Squares Suite 278
West Danny, NC 22557",Taylortown,tanyajones@example.org,116829
437652,Jose Wright,Graham PLC,"6490 Joshua Grove
Ferrellville, ND 26676",South Erikborough,turnerashley@example.net,90561
437653,Madison Wright,Cantu and Sons,"308 Matthew Skyway Suite 540
Lake Ruthstad, MA 38675",Port Kyle,jhenry@example.org,116495
437654,Darlene Doyle,Wheeler-Preston,"03392 Antonio Islands Apt. 320
Martinmouth, SC 38591",South Craigchester,byrdbrian@example.net,63119
437655,Jennifer Rivas,Castro and Sons,"45546 Sweeney Drive Apt. 250
Scottport, NH 12075",Ruizhaven,elizabeth81@example.org,176758
437656,Marc Miller,Gibbs-Lewis,"610 Deanna Lodge
West Victor, ME 43488",Lake Jeffrey,gabriellemurphy@example.org,180201
437657,Richard Novak,"Kim, Hamilton and Lowery","2164 Grant Lodge
Port Morganport, NM 87331",Lake Andrea,riceangel@example.com,130844
437658,April Schwartz,Ferguson and Sons,"2777 Elizabeth Manor
Morenoberg, CT 94121",Loriburgh,henrymelissa@example.com,111201
437659,Daniel Sawyer,"Phillips, Dunn and Jones","4080 Amanda Crescent
East Michael, KS 30719",Cooperberg,scottjamie@example.net,108251
437660,Robert Cobb DVM,Randolph-Jackson,"964 Keller Estates
East Melissa, OH 63310",East Karenview,davidmitchell@example.org,87356
437661,Jenna Stevenson,Diaz-Whitney,"PSC 1142, Box 5238
APO AA 62363",Luisland,torressuzanne@example.com,138036
437662,Jeremy Adams,"Soto, Russell and Smith","37878 Campbell Stream Apt. 275
Lake Suzanneburgh, DE 52299",New Anna,jamesadams@example.net,78746
437663,Eric Miller,Blackburn Group,"110 Mendoza Fort
Port Sarah, NJ 68711",Port Adrianfurt,duane47@example.net,73163
437664,James Neal,Fernandez-Hall,"5524 Carrie Stravenue Apt. 790
Roachberg, SD 65159",Marktown,michael92@example.com,98298
437665,Jason Hughes,"Baxter, Martinez and Gibson","6972 Steven Terrace
Glenntown, IA 38290",Lake Stephanieburgh,nwhite@example.com,113177
437666,Stephanie Joseph,Miller-Lindsey,"2554 George Springs Apt. 676
East Mary, UT 68830",Lake Jameshaven,whiteharold@example.net,127990
437667,Samantha Cross,"Graham, Suarez and Armstrong","35936 Rogers Fork Apt. 380
Susantown, CA 98526",Kelliland,cbyrd@example.net,162928
437668,Debra Norris,"Thompson, Matthews and Perez","Unit 3826 Box 0035
DPO AP 52746",Lake Sarahside,mooresheri@example.org,96553
437669,Jennifer Jordan,"Johnson, Anderson and Curry","68182 Cody Viaduct
East Meganstad, MP 83982",Martinezton,jenniferlandry@example.net,52564
437670,Jennifer Brown,Cole Ltd,"517 Garcia Avenue
New Frank, PR 27381",Lake John,lwalker@example.com,178392
437671,Michele Bradley,Montes PLC,"0695 Allison Harbor Apt. 823
West Justin, VT 54931",West Anthony,brooke18@example.com,103185
437672,Justin Wilson,Gilbert Inc,"460 Thompson Key
Port John, OH 41505",Brooksland,carterleroy@example.com,54970
437673,Patricia Smith,Blair-Bush,"592 Stewart Loop
Barnettbury, AS 70971",Acevedomouth,tiffanydaniels@example.org,120116
437674,Melissa Dennis,Taylor-Phillips,"033 Jackson Park Suite 817
South Robertport, LA 40924",Delacruzfort,clarkallison@example.net,79107
437675,Jacob Tucker,Pacheco Inc,"6330 Rhodes Crossroad
Fryside, VT 70277",North Connor,michelle48@example.org,164898
437676,Robin King,Smith Group,"781 Lori Ford Suite 654
South Davidport, MN 41057",West Kennethport,kristenlittle@example.com,174298
437677,Lisa Knapp,"Harris, Wood and Davis","4804 Daniel Camp Apt. 091
Ianland, CA 61262",Laurenberg,derrick81@example.org,120207
437678,Jessica Moore,Gomez-Sutton,"3948 Brown Center Apt. 846
Harrisonville, FL 14926",Lopezfurt,maryjones@example.net,119097
437679,Kathleen Gill,Mooney and Sons,"623 Mccoy Corners Suite 937
New Darylhaven, GA 67698",North Bradleyfurt,diana57@example.com,198042
437680,Nicholas Long,Morton-Barnes,"1736 Anthony Ridges
New Robinville, RI 16087",Jamestown,katherinesimmons@example.com,110649
437681,Deborah Moore,Lambert-Rasmussen,"253 Stevens Crossroad
Bobbyfort, TN 33478",Langland,josephmays@example.net,76090
437682,Andres Weber,Miller Ltd,"8930 Moreno Dam Suite 298
Shawnfurt, SC 13164",New Shawn,rjackson@example.com,127981
437683,Billy Mccall MD,"Carter, Avery and Spencer","7104 Anderso