196
89678,Thomas York,"Fields, Burton and Jackson","USCGC Lloyd
FPO AA 39020",New Jennifertown,harmonallen@example.com,140196
89679,Philip Rodriguez,Rich PLC,"48799 Sara Pike
Andersonberg, HI 85217",East Michaelville,kbenitez@example.com,199255
89680,Ernest Williams,Chavez Ltd,"58293 Ferguson Tunnel Apt. 510
Lake Kevintown, MS 42013",Rogersfort,joshua77@example.net,109252
89681,Makayla Jones,"Cooper, Fischer and Smith","1098 Richard Spur
Jacobstad, MS 14052",North Jessica,eblack@example.org,147341
89682,Mary Johnson,"Benson, Crawford and Reilly","5134 Lori Estate
Snowburgh, VA 62565",New Trevor,stantontraci@example.net,152701
89683,Isaiah Kennedy,"Austin, Jordan and Nelson","29657 Chavez Crossing
North Cindy, IA 39614",Hughesfort,padillatony@example.com,82961
89684,Victor Prince,Owens Ltd,"45884 Ball Square
South Cynthia, HI 62881",Danielhaven,coxjames@example.com,182239
89685,Carlos Murphy,"Chandler, Powell and Thomas","085 Ricky Row Apt. 082
East Lisa, AS 45050",East Brian,zhangrebecca@example.com,170235
89686,Terry Villanueva,"Robinson, Madden and Jackson","Unit 1928 Box 8361
DPO AP 87129",Lake Maryhaven,owashington@example.org,154451
89687,Tara Medina,"Estrada, Johnson and Smith","USS Hardin
FPO AA 95626",Romerofort,ihoffman@example.net,136446
89688,Rodney Taylor,"King, Cook and Reynolds","536 Jeremy Rapids Suite 484
South Rebecca, DC 14885",Christensenstad,mosstonya@example.org,99050
89689,Erica Roberts,Garcia-Burgess,"34552 Garcia Hill
Moranfurt, VT 36326",Lisamouth,melissacampbell@example.com,137315
89690,Thomas Gonzalez,Patel-Williams,"194 Moore Field Suite 405
South Markton, KY 39462",South Stephaniebury,stantondavid@example.net,105230
89691,Seth Stone,"Jones, Gallegos and Hall","1360 Lucas Corner Apt. 522
Briantown, MD 90027",Nancyville,qryan@example.org,74834
89692,Jesus Steele,Baker-Caldwell,"713 Ramirez Falls Suite 865
Port Andre, NY 32237",South Johnbury,dyerjoseph@example.com,140751
89693,Samantha Murphy,Carlson LLC,"5822 Ryan Circle
North John, GU 63512",West Tracy,heatherschmidt@example.org,144357
89694,Jason Weaver,Haas-Brooks,"0445 Peterson Isle
Laneshire, TX 40255",Edwardhaven,ronaldanderson@example.org,73416
89695,Dr. Kevin Johnson,Schmitt-Gonzalez,"793 Rojas Cove
Acostaview, MN 11928",Fordstad,thomassarah@example.org,73048
89696,Alexandria Underwood,"Kelley, Cannon and Barnes","246 Kelly Shore
New Hannahburgh, VT 03210",Port Lisa,michaelsmith@example.org,139188
89697,Alexander Cook,"Price, Johnson and Francis","62952 Michele Centers Suite 611
South Williamchester, SC 35094",Gonzalesbury,dickersoncrystal@example.net,172116
89698,Caleb Smith,Gomez-Lamb,"656 Mack Place Apt. 773
Jonesport, IL 72691",Lynnville,reyesgary@example.com,182440
89699,Justin White,Scott LLC,"7111 Torres Village
East Dale, FM 14970",Higginsfort,nicole13@example.org,169792
89700,Dennis Sanders,Rice Inc,"5179 Carlson Groves
Walkerstad, TN 69338",East Cynthiafort,thomasjames@example.com,123253
89701,Daniel Smith,Vaughan-Rivera,"572 Vance Stream Apt. 132
South Christinastad, FM 60640",Wrightmouth,kellybrock@example.org,140239
89702,Andrew Schmidt,"Thomas, Santiago and Wise","66272 Garza Mountain
West Matthew, HI 77771",New Matthewchester,rodriguezmonica@example.net,96281
89703,Barry Davis,Ortiz Ltd,"PSC 1146, Box 2311
APO AA 93933",Martinezfort,robinsonmaria@example.com,59418
89704,Sherri Shaffer,Flores Group,"USNV Vaughn
FPO AP 04434",Tanyabury,ihampton@example.org,192259
89705,Dr. Harold Nelson,"Evans, Miller and Lyons","Unit 2576 Box 2396
DPO AE 86783",North Charles,armstrongjeremy@example.org,174513
89706,Peter Oconnor,Gutierrez-Clark,"7508 Monroe Row
West Edwardfurt, PA 88851",Brownland,sbraun@example.org,66215
89707,Matthew Jones,Stuart-Davis,"8532 Navarro Island
New Austinville, OR 17079",New Henry,cunninghamjames@example.net,116822
89708,Stephen Holt,Goodman-Crawford,"908 Costa Pass Suite 158
Port Autumn, VA 84612",Biancaport,qcollins@example.org,63188
89709,Christina Quinn,Howell PLC,"43571 Andrea Cliffs Suite 418
Torresville, MP 42819",Emilyborough,ijackson@example.com,87153
89710,Mackenzie Campbell,"Thomas, Riley and Ferguson","PSC 7193, Box 8359
APO AE 06288",Nathanmouth,terrymonique@example.com,196290
89711,Brenda Chung,Carter-Brown,"72009 Johnson Knolls Suite 187
Santiagoburgh, VT 63130",Taylorfurt,robert63@example.com,163660
89712,Christopher Sanders,Jacobs-Baker,"21437 Burton Track Apt. 511
Stevenchester, MH 89226",Samanthatown,brettjohnson@example.com,135205
89713,Sherri Long,"Gilbert, Weber and Moore","Unit 4336 Box 9725
DPO AP 57399",North Miabury,evan83@example.org,76291
89714,Lauren Hall,"Ortiz, Morgan and Rowe","59068 Julie Center Apt. 717
East Alisonstad, OH 38145",South Rachel,bbowers@example.com,135600
89715,Daniel Lee,"Williams, Boyer and Cantu","87149 Miller Flats
East Troy, AS 17430",Pagebury,scottmartin@example.net,98018
89716,Tina Flores,"Caldwell, Jackson and Rodriguez","87483 Carl Canyon
New Nathanport, AK 75047",New Sandra,zmyers@example.net,142850
89717,Melissa Johnson,Evans-Blankenship,"835 Figueroa Forge
Kramerstad, NV 93142",New Deborah,michaela67@example.org,52063
89718,Evan Riley,Hernandez Ltd,"6045 Bell Lodge
Port Brian, OR 36798",West Nicholas,autumn69@example.org,93128
89719,Bianca Taylor,House-Good,"9578 Emily Field
Jonathanmouth, UT 11511",Rebeccaview,nicholas49@example.net,89438
89720,Edward Bowman,Chambers Ltd,"8643 Timothy Circle Suite 722
North Randy, TN 35832",New Kevin,xortiz@example.net,91903
89721,Miguel Lee MD,"Walters, Summers and Crawford","1685 April Curve Suite 326
East Erinberg, MN 59488",North Kristy,rodriguezgabriel@example.org,194563
89722,Garrett Aguirre,Burch-Smith,"89401 Aaron Pine Suite 182
North Vincent, PR 78573",Tylerview,lambertlucas@example.org,144644
89723,Leslie Powell,Wolfe-Cervantes,"Unit 3817 Box 2991
DPO AP 25957",Johnsonbury,wolfamy@example.org,79376
89724,Jeremy Watkins,"Velez, Lane and Bailey","002 Mark Throughway
South Rachel, AZ 87552",New Collin,rickyhowell@example.org,127931
89725,Shirley Young,Barber Inc,"49420 Jones Shoal Suite 846
New Natalieborough, GU 76904",West Juan,carol64@example.com,53803
89726,Sarah Hamilton,"Hancock, Suarez and Vance","445 Green Shore
West Amberberg, GA 13993",Whitemouth,denise57@example.com,137232
89727,Ashlee Ferguson,Long Group,"4187 Barnett Expressway Apt. 648
Anthonyberg, MD 33965",South Emilybury,jasoncarpenter@example.com,171926
89728,Theresa Quinn,Campbell-Reid,"USNS Morgan
FPO AA 63658",Stephaniehaven,tinaolson@example.org,118191
89729,Andrew Arnold,Davis-Estrada,"286 Baker Camp Suite 825
Richardview, VI 98978",North Deanna,michaelgrant@example.com,199967
89730,Lindsay Martin,Johnson-Conley,"869 Jones Plain Apt. 335
Jacobberg, TX 48244",Carrshire,bentleyjeffery@example.com,126885
89731,Brett Parrish Jr.,Carpenter-Berry,"837 Oscar Brooks Apt. 863
Lake Collin, WY 81828",Port Carol,armstrongdavid@example.org,90881
89732,Karen Davidson,Anderson-Taylor,"1098 Schmidt Fields Suite 862
Mackstad, DC 77592",Amystad,vanessa93@example.net,152429
89733,Peter Perez,"Mathews, Johnson and Stevenson","209 Hernandez Villages
Dustinbury, MN 05371",South Josephmouth,samanthagraham@example.com,175281
89734,Annette Moses,"Cline, Hart and Lee","808 Michelle Mills
Jacobberg, NY 53284",Leslieshire,williamsdonna@example.com,152084
89735,Elizabeth Peterson,Tate-Wright,"638 Maria Burgs Apt. 051
Johnsontown, IA 54069",Richardland,melissaberry@example.net,143127
89736,Ronald Hooper,Pena-Weiss,"76064 Deanna Junctions
West Juliashire, DE 13244",Beckytown,william35@example.org,163074
89737,Samuel Marshall,"Williams, Hodges and Harvey","2143 Brown Forge
East Garyberg, MH 07391",North Meredith,claytonscott@example.org,73865
89738,Joshua Shepherd,"Smith, Terry and Mueller","39502 Michael Squares Apt. 521
Martinmouth, NC 34585",Daniellefort,vbrown@example.net,162894
89739,Kathleen Lucas,Walters and Sons,"1209 Donald Key Suite 243
New Kristenside, ID 60665",Irwinton,craigbutler@example.org,198178
89740,John Martinez,Davis and Sons,"0786 Erica Prairie Suite 080
Mcintoshview, ME 76563",South Erikahaven,richardsmicheal@example.org,145619
89741,Taylor Green,Mccarthy-Andersen,"1072 Rachel Junctions Suite 648
New Amandaville, FM 42519",East Loriton,jonesmatthew@example.net,142338
89742,Katrina Wagner,Riley Inc,"4002 Charles Rapid
New Sherry, TX 17985",Hernandezbury,russelljake@example.org,183673
89743,Gary Chavez,"Moore, Jenkins and Velasquez","USS Hendricks
FPO AE 16855",Davenportport,ebecker@example.org,174846
89744,Michelle Robinson,Hernandez and Sons,"151 Jeffrey Green
Donaldsonhaven, NM 36538",East Jacquelineport,mary08@example.org,143348
89745,Laura Williams,Hoffman Inc,"627 Boyer Parks Suite 402
Elliottburgh, LA 86455",Murphyfort,williamscameron@example.com,65970
89746,Alex Davis,Butler-Davila,"871 Alexis Keys
North Jenniferstad, OR 09709",East Ellenton,nicole85@example.net,197999
89747,Jerry Wolfe,"Miller, Clark and Hernandez","326 Chapman Harbors Apt. 647
North Sheila, WA 34484",South Edward,kennedysteven@example.net,73918
89748,Mrs. Vickie Lowe,Smith-Barry,"5918 Wallace Trafficway Suite 105
South Deborahbury, RI 14714",East Jamieland,donna61@example.org,164127
89749,Nicholas Vaughn,Fisher-Maldonado,"5964 Kim Squares
New Charlesfurt, HI 91768",Jillville,kaitlyn73@example.net,138049
89750,Jason Gould,Taylor Group,"289 Santos Causeway
West Gregory, NV 88756",Donaldsonbury,shelia12@example.com,170920
89751,Andrew Davis,Dyer-Cruz,"16085 Charles Corners
South Michael, RI 06058",Lake Donna,aschroeder@example.net,86191
89752,David Garcia,Wood PLC,"395 Tyler Spur
Nicolebury, MA 04845",East Heidiborough,donald96@example.com,148545
89753,Bradley Henson MD,Watson Inc,"67528 Steven Field Apt. 604
West Mason, VA 94573",South Ritabury,stanleystephen@example.net,152319
89754,Ann Alexander,"Smith, Cross and Kelley","8800 Sarah Locks
Lawrenceland, HI 06668",North Emilyfort,angela64@example.org,87677
89755,Alison Gray,"Myers, Richards and Christensen","39002 Lori Rapid
Port Sarahstad, ID 77324",Garciaburgh,qtaylor@example.com,166128
89756,Wanda Dunn,"Curtis, Lee and Peterson","4107 Donna Garden
South Ashley, GA 28556",Port Elizabeth,yduke@example.com,62448
89757,Shawn Brown,Myers LLC,"717 Brian Lane Suite 115
South Angelabury, VI 84915",East Larry,beth15@example.net,114145
89758,Ryan Hall,Guerrero Group,"4191 Santiago Port
Reeveston, MO 64514",Kathleenport,aliciaparker@example.net,110136
89759,David Deleon,"Evans, Knight and Meyers","90887 Jill Plain Apt. 884
South Ryan, MS 81433",Lake Cory,tadkins@example.net,52983
89760,Elizabeth Walker,Morgan-Arnold,"97719 Sanchez Pine
Karenstad, LA 52391",Port Douglasborough,stevenjohnson@example.net,151635
89761,Ashley Flores,Rice LLC,"PSC 1936, Box 2309
APO AP 76998",Kristinaside,ewise@example.org,61907
89762,Cassandra Rosales,"Mills, Day and Mills","85152 Kyle Crossing Suite 253
New Jessicahaven, MO 71398",East Brandon,vincentstark@example.net,125570
89763,Charles Wong,"Hancock, Jordan and Duffy","456 Foster Valley
Tamaraburgh, GA 59613",Lake Nicolechester,qhorton@example.com,163663
89764,Jessica Good,Bowman Inc,"Unit 1824 Box 9425
DPO AE 86173",North Neil,qphillips@example.com,106761
89765,Alicia Gray,Walker-Harris,"953 Carmen Crossroad
North Barryport, PA 72154",North Crystal,schroederjacqueline@example.org,91380
89766,Steven Haynes,Montgomery-Brennan,"510 Galvan Flats Apt. 862
North Thomas, WY 79546",Woodtown,anthony25@example.net,93184
89767,Seth Cardenas,Edwards PLC,"044 Hernandez Pine
Brianfurt, MI 04866",Kevinton,tammy30@example.org,144135
89768,Stephanie Taylor,Branch PLC,"4754 Lisa Lane Suite 386
Garciamouth, UT 17548",North John,huffmandonna@example.net,102984
89769,Sarah Fisher,Taylor-Guerrero,"445 Owens Village Suite 981
Lake Timothy, AL 13980",Stephaniefort,dwinters@example.net,155714
89770,Crystal Norton,Cooper PLC,"3222 Curry Canyon
Port Tonyashire, HI 35103",Thomasfurt,gary92@example.org,190514
89771,Robert Ford,"Walker, Thompson and Duarte","6395 Beasley Flat
Phillipburgh, ID 92207",Mollyfort,gilbert03@example.org,70288
89772,Steven Giles,Rivas Ltd,"7722 Palmer Summit Apt. 934
West Rodney, IL 20848",Stephanieland,randall90@example.org,193512
89773,Eric Pennington,Nelson PLC,"1356 Smith Expressway Apt. 599
North Jenniferville, MN 29827",Port Catherineshire,taylor51@example.com,155295
89774,Carl Wells,Arroyo PLC,"517 Lisa Cliff Suite 574
East Marie, NY 88300",Danielsmouth,sharpdanny@example.net,197581
89775,Kimberly Bass,Baker-Terry,"150 Bryan Villages
Robertfort, AR 16619",Michelleview,stephanie63@example.org,101710
89776,Sabrina Pace,Johnson-Fry,"023 Cook Lodge
Hawkinsland, TX 72662",Amytown,underwoodmelissa@example.net,88628
89777,Dakota Rodriguez,"Norris, Reed and Powers","47927 Bennett Estates Apt. 306
Lake Michael, FL 09314",North Hannahstad,lori79@example.net,177357
89778,Nicholas Jackson,Rodriguez-Mooney,"03983 John Trafficway
North Robert, FL 99694",North Alicia,roseadam@example.com,151204
89779,Cynthia Green,Reid-Fletcher,"9892 Darren Mill
Thomasmouth, VI 82591",South Kimberlyton,amandalopez@example.com,121028
89780,Lawrence Valentine,Hamilton-Washington,"373 Stanley Centers Apt. 472
South Michellefurt, SD 08522",New Richardfurt,charleshurst@example.net,189810
89781,Toni Francis,Cox and Sons,"02715 James Crossroad Apt. 336
Port Cory, NM 46586",Port Andreafurt,michael09@example.com,144462
89782,Joseph Hall Jr.,Hart-Johnson,"5335 Wood Trail
Carterborough, NJ 18435",South Brandonton,browntrevor@example.com,182590
89783,Jennifer Mckay,Dominguez-Oconnor,"4726 Tina Burg Suite 258
Andersontown, LA 91661",Bestmouth,eric37@example.net,152150
89784,Wesley Rodriguez,"Reyes, Alexander and Nichols","PSC 1446, Box 3991
APO AP 47138",New Pamelabury,matthewlewis@example.org,88828
89785,Jennifer Harrison,"White, Shaw and Hudson","847 Krista Walks
West Alexander, LA 42936",West Bethshire,randallsteven@example.net,58146
89786,Eric Hart,Sparks Inc,"4828 Doris Loop Suite 745
Jamesstad, NE 91911",Lake Christophermouth,tgibbs@example.com,80828
89787,Joshua Hill,Herrera-Burns,"51382 Richard Plain
North Sarahaven, AK 23342",Christopherberg,melissa63@example.net,77661
89788,John Watson,"Mason, Reed and Jennings","8993 Scott Overpass
North Colleen, GU 08301",South John,yherrera@example.com,163610
89789,Megan Vaughan,Lyons-Miller,"5480 Gutierrez Divide Suite 448
Chavezfurt, DC 65087",Hannaburgh,rpowers@example.net,99835
89790,Daniel Powell,Haynes Ltd,"838 Gibson Mountains
New Shannonland, NJ 26162",West April,gabriellemorton@example.org,187916
89791,Stacy Bailey,"Chan, Nguyen and Gray","2434 Mccormick Street
South Moniquemouth, PA 38957",North Tylerborough,ruthcohen@example.org,134865
89792,Victor Flynn,"Walls, Hill and Johnson","788 Greene Valleys Suite 080
East Nicole, NY 28652",Lake Alicialand,stephaniedaugherty@example.org,94273
89793,Veronica Brown,Peck-White,"409 Jacobs Extensions
North Stephanie, FM 39461",New Arianachester,uhudson@example.com,161864
89794,Christine Steele,Scott-Davis,"78803 Mitchell Fort Suite 750
Loriview, AS 42910",South Janet,ellispamela@example.com,86946
89795,Dakota Powell,Hoover-Johnson,"19024 Clark Ford
Youngside, LA 05090",Coreyview,jennifer59@example.net,189052
89796,Charles Diaz,Holland-Rice,"300 Emily Cove
Kerrimouth, FL 82065",West Bobbymouth,tanya75@example.com,89890
89797,Nicholas Hoffman,Burton-Jordan,"352 Taylor Dam Suite 753
Grayport, NY 73601",South Steve,kathryn50@example.org,168890
89798,Juan Blair,"Kennedy, Lang and Schmidt","894 Horn Brook Apt. 425
East Billyview, WA 97787",New Christopher,danieldunn@example.org,57121
89799,Dominique Hodges,Carey-Contreras,"76888 Cabrera Oval
Wandaport, AK 61587",Johnberg,meyerruth@example.org,97763
89800,Travis May,Jordan-Goodwin,"0611 Melendez Heights
Lake Ashleyburgh, NE 20510",Stephaniefurt,riverajessica@example.net,123759
89801,Connie Byrd,"Smith, Goodwin and Smith","2662 Wesley Branch
Vasquezville, WY 56570",Lake Alyssa,ericwilliams@example.net,74603
89802,Martin Silva,Moore-Baker,"321 Buchanan Wall
Port Michelle, GA 35005",East Adam,scottgregory@example.com,148471
89803,Glenn Silva,"Whitaker, Miller and Brown","7906 Jamie Ramp
Hernandezborough, AK 60683",Ortegatown,jacobriley@example.net,165757
89804,John Young,Hunter LLC,"24078 James Shore Suite 928
Thomasport, VA 23476",Port Dylanshire,sharonrichards@example.com,89885
89805,Abigail Lopez,Murphy and Sons,"2914 Wo