ber, MH 54022",Cynthiachester,brownmelinda@example.net,157338
52118,Thomas Robertson,Flowers-May,"789 Hawkins Stream
Barrettton, CT 56475",Rojaschester,garnerashley@example.net,168692
52119,Devin Harrison,"Smith, Holmes and Vazquez","346 Sexton Circles Suite 149
Leonardbury, TX 78567",Shelleychester,carteralan@example.com,185068
52120,Courtney Stanley,"Hamilton, Vang and Stevens","2847 Bright Corners Suite 137
East Patrickton, UT 61213",Hernandezhaven,penny29@example.net,154000
52121,Danny Nichols,"Gregory, Thomas and Blackwell","55093 Grant Gateway
East Mary, FL 54627",Larsonmouth,jpotts@example.net,101196
52122,Jason Williams,"Ali, Goodwin and Hall","6222 Angela Wells Suite 502
Joshuashire, DE 68616",Christopherton,robertbaldwin@example.net,123792
52123,Robert Wilson,"Rowe, King and Ware","987 Kevin Well Suite 822
West Christopherstad, RI 04152",Staceyfurt,jennifer73@example.net,176433
52124,Valerie Martin,Byrd-Johnson,"609 Bradley Lakes Apt. 829
East Jonathanville, LA 57639",East Katherine,lisamay@example.com,73076
52125,Kristine Barrett,"Mcdonald, Nelson and Reyes","31425 Tara View Apt. 365
South Tara, ID 03572",South Jessica,steventhomas@example.com,198435
52126,Lisa Foster,"Braun, Christensen and Kim","82817 Christopher Meadow Suite 603
New Michaelbury, PR 04586",Sarahtown,mollymiles@example.net,193152
52127,Charles Wilson,Freeman-Carrillo,"USCGC Baker
FPO AA 99315",Patriciaside,benjaminfoster@example.com,65296
52128,Nicole Brown,Carr-Bell,"735 Nicole Pike
Wareside, MH 73512",Danielbury,wheelereddie@example.org,131939
52129,Dana Thompson,"Johnson, Gross and Reynolds","Unit 1426 Box 4332
DPO AA 03840",Port Samantha,rlucas@example.org,84926
52130,David Andrews,"Wells, Stevens and Henderson","472 Olsen Falls
West Amyfurt, CT 95024",Jorgebury,taylorparks@example.net,79885
52131,Cynthia Harrison,Lewis and Sons,"7172 Kristen Circle
South Davidbury, AS 51604",East Ryanstad,kelsey09@example.org,173432
52132,Jennifer Shepard,Harris-Murray,"52376 Kirby Point
Joneston, TN 56883",North Thomas,rebeccacook@example.net,70525
52133,Louis Cordova,Miller-Bryan,"4402 Wilcox Common Apt. 668
Erinview, GA 88217",South Christopher,frandolph@example.net,150037
52134,Lisa Merritt,"Owen, White and Carter","814 Bianca Brooks Apt. 597
Campbellland, OH 27545",Wadeville,martha69@example.com,77850
52135,Eric Pena,Morgan Group,"73781 Krueger Overpass
Justinstad, MD 38138",Shelbyfurt,christopherwalker@example.com,139165
52136,Joshua Monroe,Ruiz PLC,"83938 Tina Route Apt. 101
Geraldland, MO 98447",North Melissa,davemurray@example.net,121066
52137,Natasha Levine,"Williams, Smith and Jenkins","PSC 2239, Box 6560
APO AE 55696",South Paulview,christopherscott@example.net,59975
52138,Eric Flores,Davis PLC,"1766 Smith Junction Apt. 066
Garciaberg, ID 02279",Colleenberg,jasonbell@example.org,184440
52139,Laurie Grant,"Horne, Ross and Kerr","118 Meghan Island Apt. 345
West James, RI 78235",Georgechester,rebeccalin@example.net,107942
52140,Chad Roberts,Garcia and Sons,"95102 Tony Road Suite 443
East Brittany, NE 41920",Port Jennifer,samanthalopez@example.com,145484
52141,Gabriela Heath,Rivera-Pugh,"699 Hall Ways Apt. 876
West Sabrinaton, TX 12260",Millermouth,lorraine91@example.com,186475
52142,Sherry Jackson,"Williams, Carr and Martin","9308 Rivera Villages Suite 963
Shirleyview, MP 04985",Nicholsberg,olloyd@example.org,144990
52143,Chloe Allen,"Smith, Walker and Williams","612 Emily Shoal Suite 816
South Mariabury, KY 75819",New Pamela,edwardsantos@example.net,70130
52144,Caroline Davis,Mcdowell-Mcdowell,"259 Christian Stream Apt. 656
Lake Jason, WY 38225",Lopezchester,mdavis@example.com,67643
52145,Kimberly Colon,"Brown, Martinez and Martin","829 Courtney Underpass Apt. 475
Lake Michelle, MA 70737",East Andrew,bstewart@example.net,147360
52146,James Hunt,Jones LLC,"USS Vasquez
FPO AE 33549",Jasonhaven,roywright@example.com,176588
52147,Kimberly Horn,Williams-Perkins,"754 Marissa Mews Apt. 848
Lake Anthony, RI 49675",East Allison,wperez@example.net,125847
52148,Rodney Bauer,"Garcia, Miller and Garrett","42708 Mckenzie Ramp
West Laurenfurt, MI 50104",Kyleview,laura21@example.net,68311
52149,Linda Zamora,Taylor-Miller,"5556 Brown Lights
Amberton, UT 76437",Rodriguezchester,danielsara@example.net,134944
52150,Robert Spence,"Foster, Kennedy and Hobbs","0659 Griffin Club Apt. 330
South Antonioton, LA 16377",East Justinfort,wyattwilliams@example.net,146694
52151,Rachel Hess,Johnson Ltd,"9211 Brian Street Apt. 971
Brownchester, NC 11603",Port Monica,lopezrobert@example.org,59736
52152,David Baker,"Hunter, Mosley and Anderson","1815 Christopher Burgs Apt. 398
Dianeshire, MA 64564",Port Samanthachester,olevy@example.com,178899
52153,Ariel Mitchell,"Valencia, Friedman and Moore","120 Hardin Cliffs
Smithside, CO 79543",Wallertown,johnsonjoseph@example.com,96274
52154,Pamela Lopez,"Solomon, Clark and Mitchell","36237 Conley Forest Apt. 350
East Thomashaven, NH 52385",South Michaelfurt,ccervantes@example.org,111705
52155,Bobby Mendez,Walker-Strickland,"PSC 9455, Box 1553
APO AE 55333",North Michael,scott25@example.org,173728
52156,Leslie Stewart,Miller Ltd,"39547 Martin Fords Suite 065
Lake Christine, PA 82991",Port Katelyn,simpsonpaul@example.com,132414
52157,Lawrence Smith,Carter PLC,"998 Lee Circle Suite 080
North Becky, IA 03784",East John,kayla35@example.com,181207
52158,Oscar Buchanan,Smith-Walker,"16568 Lowe Trace Suite 515
South Brandi, AR 18409",West Danielle,ibradley@example.net,106375
52159,Steven Jackson,Jones Ltd,"022 Douglas Trafficway
Francoland, AR 12279",Kevinfurt,galvanelizabeth@example.org,109170
52160,William Long,Noble-Knight,"829 Holmes Inlet Suite 828
Pierceland, NC 97999",Moniquestad,smithmichael@example.org,101326
52161,Mr. Kevin Gibson,Graham LLC,"6805 Craig Haven
West Suzannefort, OK 62440",South Crystalmouth,hannahhoward@example.org,79186
52162,Frances Brown,Tucker-Powell,"00203 Bradford Track
Marquezchester, FL 63503",Williamsside,mariagarcia@example.org,119121
52163,Andrew Webb,Drake LLC,"2188 Robin Valleys Suite 972
Lauriefurt, OH 42160",East Dustin,morenojonathan@example.com,153932
52164,Charles Mosley,Mitchell PLC,"698 Brittany Via Apt. 174
West Tammy, RI 43073",South Steven,kathrynfoster@example.com,75622
52165,Christopher Todd,"Ho, Liu and Walker","4840 Sandra Forks
Millerbury, NE 65504",Morrisport,jennifer10@example.net,163179
52166,Nicole Taylor,Kelley PLC,"405 Donovan Shoals Apt. 316
Moonbury, ID 70577",New Christopher,matthewhiggins@example.com,100442
52167,Paul Cruz,"Howard, Miller and Taylor","Unit 3287 Box 1725
DPO AP 59120",Bryanville,sweaver@example.net,193631
52168,Scott Torres,"Graves, Horton and Lamb","3996 Shannon Mountains
South Ryantown, PA 22777",New Carrie,gallegosmegan@example.com,194938
52169,Audrey Bryan,"Neal, Dean and Griffith","45275 David Branch
New Joshua, FL 79115",North Peter,rdouglas@example.com,77269
52170,Brandy Silva,Lynch Inc,"91496 Brian Passage
Marshallton, CT 21017",West Sarah,laura18@example.org,98556
52171,Dr. Victor Jackson,Johnson and Sons,"184 Hughes Forges
West Madison, NV 36242",Mitchellberg,joseph19@example.net,139438
52172,Joel Conley,Butler Group,"USNS Johnson
FPO AA 56653",West Brittany,jwilliams@example.com,117659
52173,Samuel Griffin,"Dalton, Mcclure and Macdonald","4666 Michael Parkways
South Michaelmouth, OK 46616",Emilymouth,ricemargaret@example.org,110852
52174,Levi Perez,Phillips-Howard,"707 Laurie Turnpike
Lake Mary, GU 26579",Gardnerchester,brandonboyle@example.net,178824
52175,Stephen Petersen,"Hayes, Wells and Ruiz","60871 Jenkins Locks Suite 652
Romerochester, MP 19205",Edwardside,barbarascott@example.net,167799
52176,Emily Pearson,"Ward, Mcconnell and Finley","3860 Patricia Junction Apt. 631
West Jessica, KS 91438",New Joe,bradleyjames@example.net,158709
52177,Charles Williams,Wilson Inc,"739 Pope Garden Suite 947
Heathermouth, RI 49233",Longstad,asims@example.com,149924
52178,Ryan Rodriguez,Ramos PLC,"235 Willis Forks Suite 229
Hernandezberg, PR 94635",West Erictown,bailey42@example.com,196357
52179,Amy Walters,"Mcdonald, Yu and Weber","478 Davis Wall Apt. 859
South Krista, WI 50707",West Matthew,nealbrianna@example.com,186167
52180,Nicholas Johnson,Serrano-Hall,"448 Barnes Crossing
North Christophermouth, NY 69740",Hardinfort,jgonzalez@example.net,198676
52181,Jennifer Davidson,Jordan-Hicks,"600 Jenkins Dale Suite 454
West Donaldville, PA 88357",Montgomeryport,smithwilliam@example.net,170046
52182,Suzanne Hart,Henson Inc,"98855 Mendoza Camp Apt. 296
East Thomas, GA 26335",West Stephanieberg,stafforddavid@example.org,101278
52183,Michael Lucas,Glenn Group,"1355 Wu Village Suite 974
North Jeffreystad, MP 95454",New Jamestown,williamsclayton@example.net,58947
52184,Kara Bowman,Anderson PLC,"48165 Angela Way Apt. 931
West Saraborough, IN 71964",Marystad,vcollins@example.org,73004
52185,William Hines,Nguyen-Smith,"056 Miller Lakes
Charlesville, VT 19801",North Lisa,harrisrobert@example.com,186587
52186,Clinton Wheeler,Rocha LLC,"133 Proctor Isle Suite 035
East Richard, OH 09046",Port Erikshire,joshua71@example.org,187236
52187,Matthew Mercer,Sampson-Oliver,"26131 Salas Well Suite 158
West Angela, AZ 09319",West Christopherfort,edwardzamora@example.net,131313
52188,Faith James,Chen-Berry,"1152 Benjamin Crossing Apt. 939
Smithland, MD 56921",Port Aprilborough,montesmichaela@example.org,198887
52189,Holly Snyder,Mcmahon Ltd,"46964 Paul Walks
Steveton, PW 24583",Port Adam,qmorgan@example.net,108376
52190,Vicki Blake,Evans-Burke,"77250 Sanford Overpass Apt. 985
New Jacobstad, PA 31428",Lake Alyssaborough,bryan76@example.net,86095
52191,Brandon Dennis,"Lane, Mcdonald and Oconnell","802 Ray Fork
New Andrew, PA 62229",Taylorborough,lawrence55@example.net,109591
52192,Nicholas Brown,Harrison-Aguilar,"USNS Snyder
FPO AP 37674",South Amyside,elizabeth04@example.com,60746
52193,Megan Ryan,"Herman, Scott and Richmond","235 Karen Bypass Suite 895
Leslieland, LA 03635",Gonzalezmouth,angela73@example.org,150188
52194,Jennifer Browning,Olson Inc,"659 Miguel Plaza
North Edwin, WI 30945",Crystalside,clayton44@example.org,161275
52195,Ashley Mendoza,Johns and Sons,"PSC 9304, Box 0015
APO AE 77404",New Jenna,krodriguez@example.net,77633
52196,Sara Parks,Terry LLC,"084 Hughes Club
Kevinstad, PW 93057",Jonesbury,wpierce@example.org,84233
52197,Alexander King,Payne-Hubbard,"1106 Perez Cliffs
North Kevin, WV 81293",South Kenneth,taylorheather@example.com,166891
52198,George Taylor,Silva-Winters,"577 Rachel Groves Suite 578
South Vernon, NE 40220",Tonyaborough,oconnorjeanne@example.com,81374
52199,Bonnie Beltran,Stanley-Gomez,"64447 Ortega Fort Apt. 696
Ernesttown, DE 54783",West Michaelton,rkennedy@example.com,176064
52200,Evelyn Blackburn,"Warren, Lane and Daniels","061 Wilson Roads Apt. 245
New Adamfurt, CT 27933",Port Dianamouth,fmason@example.net,115516
52201,Scott Patel,Russell-White,"71174 Robert Stream
Harveyhaven, VI 39859",Gloriaberg,bweaver@example.com,60544
52202,John Martin,"Morrison, Turner and Black","648 Christopher Isle
West Marissa, DC 77497",South Christina,forbesjoann@example.net,149252
52203,Antonio Bailey,Melendez Group,"096 Thompson Harbors
Barberville, TN 84222",Baileyview,paul88@example.org,188205
52204,Charles Carpenter,Bradley and Sons,"77566 Brock Crest Apt. 412
North Kelly, SD 54960",Phillipborough,tamiwalker@example.net,151418
52205,Courtney Garcia,"Clark, Johnson and Wilson","439 Pace Points
Port Scott, MI 33440",South Priscillaside,shannon12@example.com,67914
52206,Kaitlyn White,"Johnson, Hart and Horn","578 Angela Mountains Apt. 447
Carlaville, MP 21988",South Andrewburgh,maryholt@example.net,166884
52207,Allen Johnson,Jackson-Benjamin,"0856 Tiffany Coves
Robertberg, KY 98271",Hartmouth,mary73@example.org,174057
52208,Shannon Maxwell,Ballard-Moore,"566 Jennifer Mill
Patrickton, NY 72980",Johnmouth,laurenscott@example.com,82878
52209,Angela Brewer,Gonzalez-Olsen,"1100 Carter Plaza
North Kennethchester, SD 20765",Davistown,mfinley@example.com,85030
52210,James Lamb,"Roberts, Ryan and Galvan","5457 Dunn Ranch Suite 697
New Michael, VA 48168",Port Cynthia,samuel12@example.org,188044
52211,Diane Mitchell,"Holt, Stewart and Martin","USCGC Smith
FPO AA 97806",New Michael,justin02@example.com,162794
52212,Crystal Carroll,Perez-Flores,"4552 Adams Springs
Port Rodneytown, MT 69084",Matthewside,smurray@example.com,93142
52213,Beth Kelley,Kelly-Ward,"Unit 8003 Box 5779
DPO AA 48983",New Gabrieltown,paul43@example.com,84023
52214,Randy Collins,"Vasquez, Martin and Dillon","70410 Richard Fords Apt. 331
East Travisberg, OR 60398",North Sonia,pandrews@example.com,131614
52215,Aaron Johnson,"Walsh, Anderson and Mejia","29050 Vanessa Fork
Davidhaven, AS 30612",Steventown,pamela77@example.com,176882
52216,Lisa Cooper,Myers-Lane,"USCGC Smith
FPO AA 02049",Phillipsfort,ophillips@example.net,57774
52217,Eduardo Wright,Diaz and Sons,"61727 Robert Track
Charlesside, NM 25628",Carterfurt,rduncan@example.net,80006
52218,Mary Christian,Wheeler PLC,"97699 Holmes Parkways Suite 823
Shariland, OK 05603",West Robinport,zerickson@example.com,61817
52219,Mr. Jason Edwards,"Johnson, Green and Stewart","5518 John Wells Apt. 489
Gonzalezberg, WY 38510",North Pamelaport,russell11@example.com,76539
52220,Sheri White,"Johnson, Jenkins and Robinson","316 Neal Views
New Jenniferstad, ID 54998",South Bryanville,jacob25@example.com,62471
52221,James Black,Luna-Smith,"32269 Morris Trail Apt. 462
Adamschester, MS 01197",Vaughanport,pereztara@example.com,144705
52222,Heather Rose,French-Baker,"7726 Martinez Roads Apt. 399
West Dawnview, IL 08260",Taylorchester,kellymoore@example.net,189982
52223,Wendy Williams,Merritt Inc,"873 Martin Crest
Lake Jessica, CO 12438",Port Jamesshire,craig19@example.org,186524
52224,Michelle Wood,Gibson-Chapman,"35165 Osborne Shoals Suite 193
North Mike, NE 63203",Jamestown,alexandermcdaniel@example.org,166550
52225,Nicole Briggs,Nichols Group,"458 Randy Garden Apt. 772
Barkerborough, TX 90137",New Carol,mark72@example.com,80970
52226,Tony Campos,Davis Inc,"PSC 9146, Box 8158
APO AE 03039",Parkbury,hernandezvincent@example.com,134143
52227,Sandra Ritter,Bond-Hernandez,"USNV Peterson
FPO AE 39061",Simmonsport,nhamilton@example.net,69548
52228,Brendan Morton,"Hatfield, Carroll and Allen","778 Allison Walk Apt. 781
Reidborough, OH 92029",Grahamside,kyle28@example.org,177374
52229,Kelly Williams,Smith Inc,"PSC 4858, Box 9695
APO AP 01009",Elizabethfurt,wmontes@example.com,148664
52230,Morgan Reynolds,"Oliver, Williams and Sanchez","488 Brooks Field Suite 939
Brownchester, ND 39831",Lake Brianport,deannarichardson@example.org,134970
52231,Linda Watson,"Hall, Walker and Tate","77278 Kaylee Lock Apt. 235
Angelamouth, MO 20926",East Geoffrey,devincase@example.net,76030
52232,Kenneth Parker,Howell LLC,"411 Richard Vista
West Adam, SD 93724",Port Sarah,seannovak@example.com,95092
52233,James Ruiz,"Scott, Key and Turner","785 Russo Mountain
New Rachelview, IA 63541",Matthewhaven,fergusonkatrina@example.org,198209
52234,Morgan Price,Miller-Zavala,"2309 Elizabeth Branch
Emilystad, VT 83957",Jennifermouth,mforbes@example.com,176166
52235,April Spencer,Lee-Blair,"1044 Stone Stream
Judithberg, MO 97027",East Michael,cvega@example.net,62258
52236,Joel Rose,Clark-Johnson,"4324 Christopher Shoal
Stephanietown, PW 60383",West Maryton,hartaimee@example.org,70939
52237,Courtney Fuller,"Powers, Davis and Lindsey","80486 Smith Forest Suite 942
Rodriguezport, NM 53547",Loriburgh,amber55@example.org,144894
52238,Randy Pruitt,Stephens Ltd,"1281 Meghan Harbor Suite 169
South Charles, WY 69362",Port Nicholasfurt,sabrinaleon@example.net,171014
52239,Rachel Ramos,"Washington, Chapman and Harrison","26443 Brooks Fort
Howardside, AS 47167",North Joseph,rhoffman@example.net,160023
52240,Emily Williams,Shannon-Martin,"68543 Dawn Gardens
Novakton, AR 70466",West Lisachester,williamrodriguez@example.org,102301
52241,Michael Martinez,Wagner and Sons,"47666 Johnson Ports
North Julie, AL 63074",South Michelleville,mmorrow@example.com,76569
52242,Jeffrey Roberson,Brown-Gaines,"59371 Mullins Alley
Sandrastad, IN 37772",Aimeeton,robinsonbrian@example.com,169629
52243,Samuel Mitchell,Manning and Sons,"495 Jones Meadows Apt. 194
West Brianna, NM 21503",Mitchellstad,acarlson@example.net,79958
52244,Steven Coleman,Hernandez Inc,"81212 Gordon Fords Suite 075