 169
West Charles, AR 62897",West Jerrymouth,sandersnicholas@example.org,59006
245510,Michael Murphy,Mccoy-Davis,"3211 James Ridge Apt. 317
South John, AR 13467",South Elizabethberg,moorebeth@example.net,140398
245511,Michelle Weiss,"Wilson, Olson and Leach","6799 Michael Cove
Lake Annamouth, VT 49971",Bradyfurt,robynlynch@example.org,147805
245512,Seth Lara,Aguirre Inc,"05865 Leslie Throughway Suite 171
Jacksonmouth, FL 16710",West Zacharyshire,buckleytammy@example.org,199589
245513,Brandon Cruz,Bruce-Smith,"94279 Sara Extension Suite 815
New Haley, HI 38648",Port Danielhaven,ygutierrez@example.net,59966
245514,Rebecca Bradley,"Parks, Silva and Nguyen","144 Jackson Meadow
East Anthonyfort, OK 89470",Lopezburgh,brittany28@example.com,87579
245515,William Rogers MD,"Yu, Taylor and Hanna","035 Hansen Center Suite 564
Carrieland, GU 36999",East Aaron,showard@example.net,158916
245516,John Lee,"Guzman, Hess and Mendoza","7451 Martinez Union
West Carriefort, HI 81535",West Mark,jacqueline56@example.net,189382
245517,Kimberly Mcgee,"Olsen, Baker and Hayes","32884 Stephen Mountains Suite 967
South Thomas, AL 03845",Port Brycefurt,jeffrey19@example.com,160669
245518,Diane Norman,Garcia PLC,"PSC 7848, Box 0118
APO AE 80588",Brownport,anthony27@example.com,142639
245519,Andrew Oconnor,"Conner, Palmer and Rodriguez","74196 Natalie Creek
North Kariburgh, MO 78490",Port Marie,christopherguerrero@example.com,141837
245520,Sylvia Brown,Coleman-Mejia,"Unit 2201 Box 1181
DPO AE 17174",Donaldsonview,kromero@example.net,149116
245521,Ryan Alvarado,Harris PLC,"29887 Harris Ports Apt. 065
Johnsonstad, IL 63596",Brettland,doyleapril@example.org,78457
245522,David Schaefer,"Swanson, Johnston and Reeves","20358 Mary Prairie Suite 862
Loganview, SD 92349",Lake Reginashire,scottfisher@example.net,104418
245523,Travis Henry,"Woods, Berger and Dillon","650 Christine Skyway
West Christopherchester, GU 48235",Lake Ricky,lsmith@example.org,99182
245524,Albert Anderson,Castro and Sons,"671 Atkinson Pine Apt. 114
Watsonview, FM 61594",Jeanview,ruizholly@example.com,66520
245525,Marissa Avery,Potter and Sons,"1526 Morris Turnpike
Joshuaside, PA 18059",Newtonshire,emily18@example.net,85273
245526,Mr. William Barber,"Lopez, Roach and Gray","5501 Beverly Park
Gonzalezborough, WA 48861",West Daniel,asmith@example.net,147658
245527,Kimberly Jones,Leach-Cardenas,"92750 Cole Harbors
Daniellehaven, MN 37171",Port Michael,zjohnson@example.org,168342
245528,Paige Roberson,"Salazar, Smith and Rodriguez","86946 Wilson Parkway
South Monicaview, VA 62361",South Derrickstad,kyle83@example.org,90236
245529,Robert Tran,Herring LLC,"030 Natalie Lane Apt. 898
New William, MN 18895",South Johnberg,johnathan16@example.com,184582
245530,Stephanie Wiggins,Foley-Reid,"4668 Swanson Plains Suite 178
North Amanda, DC 33771",Donaldmouth,maria49@example.com,131001
245531,Megan Harrell,"Bentley, Logan and Williams","58179 Castaneda Ways
Port Angela, VI 09421",North Stevenmouth,kelly87@example.net,185431
245532,Kelly Garcia,"Villegas, Lopez and King","USS Lewis
FPO AP 05329",Port Nancy,bphillips@example.net,98809
245533,Mark Mcintosh,Wilkerson PLC,"525 Brennan Wall Suite 631
Robertsmouth, MD 27937",North Vanessaview,washingtonandrew@example.net,60586
245534,Nicholas Joseph,Chandler-Lopez,"403 Vaughn Corner Suite 459
South Mary, MO 30027",Walkerberg,tsmith@example.net,154978
245535,Catherine Oliver,Gomez and Sons,"29489 Olivia Trail Suite 042
New Moniquechester, WV 72025",Millerport,showard@example.org,125011
245536,Chelsea Fernandez,"Lewis, Thomas and Shelton","226 John Hollow
Lake Michellefort, MT 30841",Melissaside,nicole25@example.com,151888
245537,Alan Ellis,"Phelps, Koch and Archer","8741 Amy Circles
Ryanfort, FL 22576",Carolmouth,ytodd@example.com,91870
245538,Bryan Newman,Davis-Ford,"USNV Wilkins
FPO AA 66409",Angelachester,liuchristopher@example.org,149587
245539,Lori Odonnell,Hughes PLC,"2190 Larsen Parkway
Port Philipborough, IA 12998",Port Melissafurt,lacey60@example.net,73313
245540,Tiffany Williams,Rivera Inc,"4106 Anderson Mill Suite 336
Armstronghaven, VA 37634",Roberthaven,aaronclark@example.net,122984
245541,Jeremy Jimenez,Fox-Mcintosh,"0228 Carr Plain Suite 335
Lake Shelley, IN 11269",Delgadoland,jking@example.com,60019
245542,Christy Levine,Young LLC,"919 Roberts Mount
Brycemouth, ID 32137",Clarkbury,julie29@example.org,173482
245543,Kenneth Williams,Riddle-Rodriguez,"53000 Kevin Road
Schmidtberg, DE 56070",Josephport,melissaroberson@example.com,184994
245544,Samantha Cruz,Fitzgerald Ltd,"01143 Courtney Forks
Toddmouth, CO 63090",North Troy,dwhite@example.net,132956
245545,Martha Ramirez,Johnson-Powell,"71501 Franco Lodge Suite 086
Tinaport, OH 27138",Heatherside,michaelperez@example.net,145886
245546,Craig Mitchell,"Garcia, Richardson and Harris","511 Warren Tunnel Apt. 872
West Stephaniestad, MH 74637",Stanleymouth,katelyn80@example.com,124699
245547,Monique Kelly,Long-Graham,"24745 Ward Skyway
Glennmouth, MA 06063",Adkinsmouth,crosscarlos@example.org,120058
245548,Andrea Thomas,Hernandez-Adams,"8610 Lisa Spur
Port Kayla, OH 78452",Patricktown,robert13@example.net,183340
245549,Stephanie Baxter,"Friedman, Beck and Hayes","240 Jessica Drive
Sheppardfurt, GA 40146",West Brandonfort,shaffersusan@example.net,146069
245550,Rickey Kim,"Christensen, Harrell and Long","969 Hamilton Roads
Parkerchester, CO 36728",East Lauriefurt,chelseabuck@example.com,171613
245551,Mary Rosario,West and Sons,"2678 Cooper Ranch
Lake Amber, CO 61749",New Brendan,ryanwilson@example.net,88530
245552,Taylor Fleming,"Flores, Juarez and Morgan","9187 Robert Ford Apt. 772
Mooreborough, OH 69991",New Jodi,oconnorbrittany@example.org,164819
245553,Mercedes Murillo,Franco and Sons,"4958 Murillo Fall Suite 235
South Frank, ID 71789",Tiffanytown,ehart@example.net,66726
245554,Katelyn Callahan,White-Jones,"301 Allison Ford Apt. 214
Danielview, AR 03633",Johnburgh,ericrodriguez@example.com,193874
245555,Brandon Becker,Sanchez-Nelson,"8574 Kayla Cliff Suite 720
East Kristen, DE 10384",West Marcus,twhite@example.net,146989
245556,Rachel Parker,"Lester, Gregory and Mcdonald","086 Kayla Greens
Goodton, TN 57299",North Mary,vrichard@example.org,195537
245557,Jason Jackson,Foster-Wilson,"243 Brian Isle Suite 315
South Debbiefort, PA 42326",Williamsland,ntrujillo@example.org,75885
245558,Jeremy Ware,Hall-Johnson,"6064 Brian Mill
Scottton, LA 15312",New Alexisstad,qmaxwell@example.org,168604
245559,Nathan May,Small-Walker,"762 Fisher Summit
East Kathleenport, CO 74206",Amychester,imiller@example.org,109699
245560,Amanda Burgess,Lee PLC,"150 Adrian Glen
West Christina, MP 88671",New Danielle,michelleibarra@example.net,141163
245561,Jasmine Harrington,Graham LLC,"6100 Perry Place
Darrenbury, CA 11751",Michelleside,sueknight@example.com,107614
245562,Frederick Conrad,Johnson-Flores,"687 Melanie Plains
North Christopherfurt, MA 71721",Lake Elizabethshire,woodsdenise@example.com,80627
245563,Patrick Martin,Foster-Alexander,"302 Gross Hollow
Timothyburgh, MO 90446",Williamsland,glewis@example.org,113585
245564,Kyle Zuniga,"Landry, Gomez and Clay","4011 Victor Forks
Loriville, AZ 44824",Penaville,uashley@example.net,143702
245565,Tammy Perez,"Sanchez, Alexander and Johnson","084 Francis Ville
North Anthony, DC 77153",Maldonadofort,melissa93@example.org,85885
245566,Amanda Reyes,"Parks, Wu and Cabrera","44779 Anthony Tunnel
West Amy, NV 30240",Davisland,sanchezjerry@example.org,63766
245567,Logan Jones,Holmes-Bradford,"578 Smith Hollow Apt. 304
Joshuaton, WI 13064",Laurafurt,randallvictoria@example.org,155821
245568,Michael Peck,Woods Inc,"2807 Andrew Views
Smithshire, OR 61308",Wattston,griley@example.org,61175
245569,Nicholas Cain,Allen-Brady,"006 Melanie Ports
Brianburgh, AR 17913",North Rachelborough,qdiaz@example.net,63414
245570,Rachel Young,Harris-Jimenez,"4235 Gerald Place
Thomastown, TX 42338",Melissaville,davisamy@example.net,148875
245571,Daniel Jackson,"Gilbert, Flores and Gamble","109 Hill Port Suite 516
Kochside, NE 84524",North Paigeview,susanhartman@example.net,176848
245572,Jennifer Green,Carroll-Stevenson,"072 Ferguson Garden
Alexandraside, NH 17775",Elizabethstad,kevinaguilar@example.org,108920
245573,Brian Noble,Hardy-Henderson,"45970 Paul Camp Suite 622
Martintown, MN 24576",Derekmouth,karen98@example.net,52719
245574,Corey Knapp,"Russell, Clark and Brady","26496 Richard Village Apt. 963
Wellsborough, KS 59491",West Claire,jdennis@example.org,86602
245575,Curtis Lee,"Rice, Allen and Butler","844 Allen Vista Apt. 242
Ronaldfurt, IN 50437",Perkinsberg,brandi67@example.org,76331
245576,Jaime Hunter,Ramos-Myers,"7516 Moreno Forest
Jonesfort, IL 97848",New Patrickburgh,tuckerbethany@example.org,182027
245577,Timothy Schaefer,"Arnold, Craig and Clayton","83101 Robert Shores
Leefurt, KS 78395",Palmerville,xgomez@example.com,57688
245578,Mary Scott,Obrien-Ramos,"624 Gonzalez Forks
Taylortown, OH 41786",Joshuaborough,montgomerydavid@example.net,164821
245579,Sarah Guzman,Irwin-Lambert,"USCGC Jones
FPO AA 82972",South Ian,xperry@example.com,95704
245580,Bethany Johnson,"Ford, Jarvis and Farmer","337 Dennis Mall
Port Jacqueline, FM 66402",West Andrealand,wattsjessica@example.net,50252
245581,John Rogers,Simpson-Haley,"360 Brown Radial
South Curtisburgh, AS 73276",Ethanfurt,kylieowens@example.net,71325
245582,Stephanie Meyer,Bradley-Johnston,"PSC 1364, Box 3776
APO AP 75347",Tiffanyhaven,benjaminbobby@example.net,63136
245583,Sean Glover,"Myers, Martinez and Riley","790 Patricia Common Suite 083
Schroederburgh, CO 27249",Steventon,wjohnson@example.com,89382
245584,Amy Pennington,Sharp Ltd,"9162 Destiny Stravenue
Matthewshire, LA 14406",Griffinborough,odowns@example.com,89076
245585,Joseph Flores,Collier-Hayes,"51149 John Springs
South Jeffreyfurt, WA 99441",Jacquelineland,jessica94@example.net,159140
245586,Melinda Nelson,Nolan-Gonzalez,"88995 Miller Wall
Port Shannon, VT 23350",Hernandezmouth,urice@example.net,81299
245587,Diana Campbell,Olson Inc,"549 Suarez Mission Suite 680
Rebeccaberg, SD 86553",Cookchester,andrewshaw@example.com,118824
245588,James Nguyen,Patel-Hunt,"83378 Dunn Roads Suite 915
Andersonbury, VA 37057",New Kristen,fking@example.org,193622
245589,Barbara Blair,Conley Ltd,"6058 William Mills
Sharonburgh, WV 67448",South Frankbury,mercadokevin@example.net,184981
245590,Brandon Ferguson,Rivera LLC,"737 Nolan Common
South Robert, CA 66201",Aaronstad,dchang@example.net,52548
245591,Sonya Johnson,Barnes and Sons,"2462 Ronald Stream
Charlesside, UT 99450",East Stacieshire,bjohnson@example.org,136924
245592,Alison Blair,"Cole, Morgan and Bennett","0326 Cole Inlet Apt. 647
Marytown, PR 54232",Phillipsport,sandrajohnson@example.net,142000
245593,Edward Soto,Blevins-Fry,"98911 Gonzalez Path Suite 396
Michelestad, KY 36524",Lake Lawrencefurt,nancyparks@example.net,174846
245594,Veronica Everett,"Gonzalez, Leonard and Ramos","8207 Shannon Knolls Apt. 978
Campbellfort, NV 18987",Youngport,nicole63@example.com,82236
245595,Kristine Herman,Oliver-King,"1338 Anderson Islands
West Rachel, AZ 31431",North Anthony,williamscody@example.com,170861
245596,Marie Thompson,"Mills, Frederick and Davis","USNV Reese
FPO AA 97634",Michaelberg,gallegosjennifer@example.org,149600
245597,Scott Myers,Delgado-Woods,"565 Michelle Turnpike
South Amandahaven, VI 82002",North Karen,colemichelle@example.net,53036
245598,Joseph Beck,Dunn-Wilson,"4978 Joshua Unions
North Kelly, TN 87386",Hamiltonshire,quinneric@example.org,135541
245599,Charlotte Smith,Dorsey Inc,"1351 Williams Street
Jonesbury, WY 47043",Brucestad,hcline@example.com,52609
245600,Stacey Leach,"Pruitt, Estrada and Cole","1525 John Stravenue
Lake Kelseystad, OK 57693",Arthurtown,hallhaley@example.net,145561
245601,Kara Chang,King LLC,"338 Michael Coves Apt. 503
Johnsonport, ND 98169",Brockmouth,ericortiz@example.com,155913
245602,Kyle Bruce,Franco-Schroeder,"8148 Kelly Lake
East Christopher, NE 05633",New Ashley,pwilson@example.com,118067
245603,Melissa Porter,"Love, Flores and Williams","5283 Gary Springs
Salinasville, MH 62032",Cruzmouth,hsmith@example.org,171561
245604,David Green,Potter Group,"95034 Bryant Island Suite 336
North Pamelamouth, TX 33995",Josephhaven,dianacarpenter@example.net,111314
245605,Kylie Porter,May Inc,"7948 Steven Point
Smithshire, SD 81832",East Jessica,james19@example.net,51321
245606,Sherry Collins,Peters-Moore,"Unit 8965 Box 7943
DPO AE 08982",Millermouth,morganwalters@example.net,107232
245607,Kimberly Johnson,Arias-Rodriguez,"31429 Heather River
Cooperborough, OH 56093",Kelseyfort,zgarcia@example.net,100493
245608,Tracy Horton,Thomas-Simmons,"596 Mitchell Trail
Lukehaven, WI 24048",East Timothyshire,matthew83@example.net,117269
245609,Philip Perez,Cohen Group,"2554 Martinez Crescent Suite 754
Lake Rogermouth, FL 80379",Port Jasonside,lmedina@example.net,198592
245610,Brian Davis,Nelson-Wheeler,"847 Buchanan Squares Suite 569
Smithberg, NE 93047",Courtneyland,sstewart@example.com,127051
245611,Katie Rice,Ward-Walton,"0305 Shaw Burgs
Molinahaven, NE 72623",Theresachester,rossjohn@example.org,158736
245612,Jose Davenport,Sanders and Sons,"9954 Sellers Valleys
Lake Andrewborough, MT 29992",New Davidton,brittany74@example.net,139349
245613,Shane Douglas,"Moreno, Parker and Phillips","4185 Kennedy Rapids
Lambertbury, NC 51899",Lutzview,brownryan@example.org,188230
245614,Theresa Bennett DVM,Stanley-Gray,"201 Flowers Stravenue
Lake John, AL 69268",Lake Andrew,garciajeremy@example.org,148363
245615,Chris Thomas,"King, Atkinson and Robbins","62413 Walker Junctions
Webbburgh, OR 57841",Josephland,glennsaunders@example.com,125646
245616,Audrey Pope,Nelson PLC,"554 John Park Suite 709
Johnstad, IA 52242",Allisonhaven,williamallen@example.com,98045
245617,David Smith,Le LLC,"00933 Flores Hill
Port Ralphport, MI 46743",Ericton,david27@example.com,193747
245618,Sarah Juarez,"Collins, Barnes and Hebert","5407 Reilly Overpass Apt. 924
Robertton, LA 42587",Robertbury,igallegos@example.org,98293
245619,Robert Little,"Greene, Le and Henry","PSC 6114, Box 6167
APO AE 85739",South Brendanton,cassandraware@example.com,183588
245620,Alan Rogers,"Levy, Terry and Watson","540 Linda Light
North Justintown, MN 78238",New Lisaville,chad50@example.org,147714
245621,Karen Townsend,Alvarez LLC,"459 Gregory Lake Apt. 660
Port Matthewfurt, CT 11148",West Lindseyville,richardsonanna@example.org,141160
245622,Ricky Wright,Young-Ramirez,"PSC 3057, Box 1180
APO AA 43773",West Audreyhaven,margaret33@example.net,128485
245623,Becky Perry,Payne LLC,"72896 Noah Fall Suite 020
New Casey, WY 81598",South Joseph,kayala@example.org,183648
245624,Joseph Tran,Jones-Hansen,"080 Richardson Ville
Graychester, MI 53514",Nicholeville,jeremyharmon@example.com,152468
245625,Pamela Brennan,Joseph PLC,"97048 Baldwin Circles
New Colinhaven, NV 17299",Port Dennis,kelly05@example.com,116821
245626,Lori Ortiz,Boyd LLC,"516 Brandt Skyway
West Douglasmouth, OH 88123",Port Lorraine,kevans@example.net,89904
245627,Michael Jensen,Luna Ltd,"7637 Taylor Way Suite 289
Mooremouth, OK 29612",West Toni,walteredwin@example.net,144884
245628,Cesar Soto,Oliver-Robinson,"716 Humphrey Causeway
Pittmanchester, OH 52521",New Jenniferborough,christopher25@example.org,157311
245629,Donna Bryant,Bray-Hunter,"11088 Patricia Station
West Elizabethberg, LA 51827",South Saraberg,marcusrandall@example.net,82812
245630,Aimee Williamson,Welch Group,"127 Jennifer Springs Apt. 526
Whitemouth, MA 61370",Hunterborough,phughes@example.com,132133
245631,Lindsay Nelson,Jones-Hill,"88825 Reed Gardens
East John, ND 16198",New Jimmyton,jesus89@example.net,121369
245632,Linda Brown,Valenzuela Group,"575 Joann Crossroad
East James, NJ 77530",Cynthiaview,kelly44@example.com,191438
245633,Debra Graves,Smith-White,"844 Brian Mountains
Port Kevin, MH 64522",North Codyview,edwardherrera@example.com,190781
245634,Jennifer Walker,Sanchez-Nichols,"19690 Alison Land
South Shanefurt, NV 25486",Richardview,qwilliams@example.net,166945
245635,Edward Murray,"Jones, Thompson and Thomas","18386 Edwards Walks
North Katie, DE 57178",Lake Scott,cookmaria@example.com,106361
245636,Melissa Smith,"Marshall, Lucas and Wilson","PSC 7587, Box 2312
APO AE 27556",North Cherylhaven,morrisonsheila@example.net,90331
245637,Bryan Hester,"Sims, Crawford and Burch","Unit 9904 Box 5266
D