hang,Johnson Ltd,"78499 Shane Street Suite 349
Livingstonberg, OR 97444",Oliviaport,anthony73@example.com,168615
355672,Chelsea Porter,"Smith, James and Smith","6679 Logan Mount
Smallville, IA 29942",Amberhaven,nicoleduncan@example.org,55725
355673,Brian Barton,"Richardson, Taylor and Lang","775 Kevin Locks
South Jill, OH 00550",West Deanbury,jayevans@example.org,117462
355674,Pamela Meyer,"Estrada, Adams and Logan","53503 Kyle Extensions
Donnaland, SC 14908",Scottfort,nicholas69@example.com,142109
355675,Craig Stevenson,"Washington, Jones and Parker","4018 Jackson Divide
Kayleemouth, NC 22851",Hawkinsstad,karencollins@example.net,166884
355676,Thomas Humphrey,Peters Ltd,"360 Vincent Hollow Apt. 051
Port Carol, MI 86049",Anthonyport,griffithdavid@example.net,114782
355677,Samuel Jackson,Flores-Lyons,"356 Carlos Cliffs Apt. 416
South Garyland, CT 83656",Martinside,brittanygregory@example.net,170019
355678,Patricia Maxwell,Stewart Inc,"053 Lacey Cliffs Apt. 781
New Reneeborough, FM 49373",Port Kristi,mark79@example.org,65084
355679,Ashley Levy,Anderson-Mills,"30383 Fisher Ferry Apt. 582
Stevenville, VI 47548",New Biancafurt,qhaley@example.com,123526
355680,Debbie Moses,"Stevens, Wagner and Schmidt","0519 Watson Row Apt. 350
Bradytown, CO 52088",South Michelle,teresa94@example.org,65436
355681,Teresa Richardson,"Peterson, Gibbs and Sanchez","0452 Santiago Wells
Michaelborough, NC 79289",Fitzgeraldtown,josephbowers@example.net,52750
355682,Caleb Miller,"Green, Harper and Hughes","0681 Morris Dale Apt. 673
Stantonside, AK 06302",Davidport,zdavis@example.net,99605
355683,Devin Robinson,Leon PLC,"4676 Johnson Lodge
East Alexandra, OK 76158",Port Stephaniechester,gibbspaul@example.com,77646
355684,Karina Mccann,Nelson-Cameron,"323 James Ranch
Port Angela, CA 84145",Christensenchester,cheyennewilkerson@example.com,151450
355685,Rachel Butler,Johnson PLC,"95129 Amanda Burg Apt. 166
Coleburgh, KS 57318",East Ryan,scottnatasha@example.net,71124
355686,Joseph Reynolds,"Farrell, Davis and Downs","82234 John Gateway Suite 184
Lake Jill, ID 52971",West Maria,corey79@example.org,193096
355687,Melissa Patterson,"Quinn, Barron and Combs","USNS Newton
FPO AE 83310",Brittanyburgh,aadkins@example.org,138212
355688,Jeffrey Horne,Brown Group,"3099 Flores Spur Apt. 053
Alisonton, AS 91691",Lake Brenthaven,reedwendy@example.net,126288
355689,Brenda Clark,Guzman-Collins,"657 Dylan Greens
Shawnberg, NC 79002",Schroederville,francesjoseph@example.com,180703
355690,Steven Allen,Perez Inc,"741 Ronald Streets Apt. 327
North Christopherstad, OK 43711",South Christinashire,efernandez@example.com,79483
355691,Samuel Velazquez,"Dunn, Estrada and Jones","65494 Maria Loop Suite 761
Mahoneyview, IN 03403",Carolville,oholloway@example.com,121741
355692,Gilbert Mcdonald,Thomas Group,"378 Jones Circles
Popetown, MS 24478",Kristinmouth,ivasquez@example.com,98953
355693,Jenny Rodriguez,Hodge PLC,"518 Jared Center Suite 008
New Kristin, ND 94891",New Jennifer,jerryscott@example.com,106072
355694,Sarah Alexander,Combs Ltd,"951 Weeks Bridge
Cannonville, DC 52966",New Ashleyhaven,tonycrosby@example.org,176326
355695,Cassandra Mendez,"Miranda, Vasquez and Franklin","189 Brian Drives
Port Colton, SD 45288",Port Michaelberg,bennettjulie@example.com,122455
355696,Jeremy Moreno,"Rodriguez, Tran and Castillo","80823 Maldonado Shore Suite 247
South Meghanbury, HI 92885",Hicksberg,thomas56@example.org,79586
355697,Thomas Crawford,"Whitaker, Mcgee and Rogers","1050 White Shoal Suite 959
Deborahmouth, PR 83101",South Tarabury,angelabishop@example.org,116490
355698,Taylor Thomas,Pace LLC,"0611 Castro Mount
Brownfort, SD 76985",Jessicahaven,chris15@example.net,194457
355699,Glenda Garcia,Gross Ltd,"44045 King Mountains
Kylebury, NV 35352",Nancyland,shafferkristina@example.com,143331
355700,John Davis,Barnett-Lopez,"5606 Salazar Ports Apt. 070
New Melissaport, VT 39619",Alanfurt,jessicaevans@example.com,87886
355701,Vickie Hunt,Odom Ltd,"71367 Gary Points
Meyerburgh, KS 74147",Port Andreafort,ricardo54@example.org,63172
355702,Judy Lang,Hall-Turner,"4066 Pam Trail
South Kristybury, AR 75704",Hayesmouth,floydcody@example.org,187258
355703,Julie Smith,Rose LLC,"8807 Bradford Ford
Stephanieside, AZ 70289",North Ryanburgh,tbarrett@example.com,77559
355704,Nathan Moran,Diaz PLC,"670 Charles Rest
Port Ronnie, GU 33678",West Blake,mcarson@example.com,52868
355705,Andrea Quinn,Fritz Group,"Unit 8265 Box 0973
DPO AE 79405",Port Thomas,kelly59@example.com,89579
355706,Joshua Duarte,"Young, Salinas and Powers","058 Katherine Falls
East Lisastad, MI 62884",Leeshire,matthewcooper@example.org,70459
355707,Robert Porter,Sweeney LLC,"USNS Holmes
FPO AE 18827",Lake Matthewstad,carrie59@example.org,61191
355708,Jill French,Sexton-Chavez,"43162 Luna Lights Suite 701
South Daniel, TX 87811",East Kaylafort,lindsey43@example.net,87251
355709,Nicholas Paul,"Blevins, Taylor and Bowman","24060 Salazar Flats
Nicholsonshire, ND 79461",Brianport,james33@example.org,125658
355710,Alyssa Turner MD,Acosta PLC,"39198 Carter Locks Apt. 626
Danielsland, NM 93601",Lake Jacqueline,pjones@example.org,102393
355711,James Smith,"Matthews, Hood and Franco","387 Hawkins Lock Suite 818
Rickyside, NC 96548",Muellermouth,meadowspatricia@example.com,141924
355712,Jill Rose,Newton PLC,"6326 Eileen Burgs
Acostabury, WI 82472",Matthewburgh,sabrinasingleton@example.org,185461
355713,Mark Macias,Martinez and Sons,"3643 Caitlyn Roads
Santanaside, GA 96863",Bryanstad,daniel89@example.net,101703
355714,William Hernandez,"Smith, Fox and Lucas","7671 Miller Mills Suite 556
Burkeville, SD 43951",Reesetown,dustinrice@example.com,123083
355715,Sheryl Chavez,Rodriguez Ltd,"724 Wallace Station
New Randychester, MS 43383",New Kyle,veronicasanders@example.net,176377
355716,Nicholas Reese,Ward-Bates,"4886 Mosley Ports
Melissaburgh, MI 51889",New Kevinmouth,ghicks@example.com,144981
355717,Nathan Gates,Carroll-Dyer,"6693 Olivia Forges Suite 543
Sanchezmouth, MS 79797",Lake Annaburgh,henrytonya@example.com,160201
355718,Nathaniel Thomas,"Snyder, Fleming and Williams","936 Reyes Pine
Gregorymouth, KY 22149",East Elizabeth,robertsmelissa@example.net,134286
355719,Krystal Garcia,Watson-Garcia,"16117 Julie Islands
New Cliffordmouth, GU 49751",Andreberg,alexandriahahn@example.org,117156
355720,Johnny Smith,"Sherman, Lewis and Williams","59355 Trevino Viaduct Apt. 324
South George, AS 89387",Benjaminview,kentcarol@example.org,78891
355721,Maria White,"Hudson, Bridges and Case","522 Cynthia Route Apt. 371
Millerchester, OK 64265",New Adrian,howardbradshaw@example.com,52979
355722,Jason Adams,Molina-Boone,"0032 Monica Crest Apt. 391
Smallberg, SD 67323",East Rebeccaside,nelsonashley@example.org,89963
355723,Karen Kelley,"Miller, Marshall and Valdez","959 Austin Hills
Mcbridehaven, IL 83419",Garyburgh,randallwillis@example.com,124015
355724,Joshua Goodwin,Simmons LLC,"26557 Haynes Hills
West Taylor, LA 46634",North Sean,bradyryan@example.net,173140
355725,Alejandro Cannon,"Flores, Snyder and Jordan","1061 Eduardo Harbors Suite 709
Morrisstad, MS 84191",Patrickview,cbrennan@example.net,112903
355726,Julie Moyer,Morrow and Sons,"174 Francis Prairie
Port Jeremiah, MH 77035",Port Catherinemouth,shanelynch@example.net,69609
355727,William Hancock,"Mendez, Espinoza and Rodriguez","523 Gabrielle Track
West Billytown, PA 41812",Rodriguezfort,kathy06@example.com,141204
355728,Robert Brown,Miller and Sons,"2786 Christina Extensions
North James, FL 28774",Williamsberg,susanhuffman@example.net,68831
355729,David Russell,Booker and Sons,"188 Shannon Radial
West Cody, PA 00821",Maryport,michelle74@example.org,97457
355730,Justin Brown,Wilkinson Ltd,"33048 Smith Manors Apt. 225
West Chelseafort, PA 82595",North Sarahaven,ecannon@example.net,104481
355731,Brendan Lynch,Walker and Sons,"87510 Lindsey Path
North Timothyborough, VI 58950",Pattersonmouth,michael32@example.net,112455
355732,Robert Park,"Preston, Potter and Schaefer","3581 Newton Islands
Lake Sethside, WY 48946",Cooperberg,hawkinswayne@example.org,132593
355733,Maria Richardson,"Holmes, Lambert and Carpenter","56786 Raymond Lock Apt. 490
Crosbyborough, WA 29702",Powersborough,erinsmith@example.com,69698
355734,Erika Walker,Smith and Sons,"86186 Fox Brook
Ortiztown, IA 62270",Andersonland,evansanna@example.net,123204
355735,Paul Wilson,Frazier-Miller,"1298 Reeves Knolls
South Christopherton, WV 62850",Colonview,olivia18@example.com,126496
355736,Travis Irwin,Flores-Cruz,"054 Alfred River
New Ryan, ME 64258",East Bryanland,taylorlarry@example.net,66582
355737,Jennifer Friedman,Oliver Inc,"57538 Hill Creek Suite 258
Jenniferchester, RI 92131",West James,wlong@example.com,188030
355738,Ryan White,Hall-Shaw,"6822 Baird Squares
Austinton, KS 98516",North Tracyburgh,dawnhoffman@example.net,102309
355739,Regina Castro,Baker Ltd,"116 Davis Inlet Suite 641
South Marcusmouth, GA 90715",Ericaland,ryannicolas@example.net,64587
355740,Jared Williams,Chang-Cooper,"4426 Deleon Crescent
Kimberlyfurt, VA 44040",Maciashaven,jerry86@example.com,185250
355741,Scott Smith,Bell Ltd,"99912 Hannah Keys
Rebekahburgh, CT 99219",Sandersville,teresamccann@example.com,58168
355742,Dr. James Jones,Bennett-Roman,"85249 Paige Motorway
Farmerport, SD 14397",North Michael,theresa90@example.com,90702
355743,Amanda Jordan,Clark-Duke,"073 Randy Crossroad
Duncanland, AL 23792",Muellerchester,melissa15@example.org,62923
355744,David Mcdonald,"Logan, Moore and Morris","14613 Deleon Street Apt. 839
Michellemouth, NE 08874",North Colin,xcruz@example.net,108096
355745,Keith Miller,"Hansen, Alvarado and Ellis","63994 Harris Dam Suite 252
Mcgeeton, NE 42791",South Corey,anthony30@example.com,155835
355746,Beth Fisher,Shannon-Valencia,"6885 White Crossroad Apt. 318
Port Brian, IL 34172",Jonathanton,pschultz@example.org,78871
355747,Jill Williamson,"Pearson, Bailey and Lynn","413 Hall Cliffs Suite 258
Michaelstad, TN 15132",Gregoryport,robert98@example.org,169633
355748,William Garcia,Hubbard-Taylor,"723 Martin Forge Suite 827
North Mackenzie, WY 01287",Whitefort,snguyen@example.com,97172
355749,Alison Randolph,White Ltd,"0716 William Tunnel
Port Heidiview, CO 12166",Buckfurt,rmills@example.com,183950
355750,Crystal Paul,Mora-Shaw,"613 Craig Estate Suite 369
Millertown, GU 13826",Andreamouth,vaughnmonique@example.com,172396
355751,Jeremy Smith,Salazar Group,"7163 Frank Heights Apt. 236
South Meghan, NE 06706",Wandaview,zevans@example.com,77176
355752,Desiree Hernandez,"Graham, Holder and Johnson","594 Valentine Crest Apt. 420
New James, NJ 80190",Casebury,deangates@example.net,100574
355753,Justin Welch,"Lewis, Pugh and Martinez","2141 Carrie Path
Port Debraside, AZ 09453",New Katherine,nunezlori@example.org,169038
355754,Virginia Carroll,Barrera Group,"186 Clark Mission Apt. 512
Michaelside, DC 88887",New Olivia,nmartin@example.org,78677
355755,Bradley Love,Holland Inc,"50218 Kaufman Mall Suite 209
New Michaelmouth, GA 06286",North Brandon,regina46@example.net,179381
355756,David Washington,Fuentes LLC,"USNV Gibson
FPO AE 18308",Lake Jacobmouth,xgonzalez@example.org,132613
355757,Danny Morales,Banks Group,"90745 Sharp Plain Apt. 324
New Kathleenhaven, VT 09181",West Johnshire,jonesjohn@example.net,125039
355758,Andrew Hernandez,Blake Ltd,"6981 Karen Course
Nielsenville, VT 69914",Jameschester,kurt63@example.net,84245
355759,Benjamin Hawkins,Campbell-Wright,"390 Jennifer Views
Justinside, MP 70398",West Mckenzieberg,lmyers@example.net,61820
355760,Bradley Conrad,Rojas LLC,"282 Sue Expressway Apt. 274
East Amanda, NC 24204",Debraville,joseph58@example.net,115128
355761,Patricia Jackson,"Jones, Olson and Rodriguez","97542 Grace Villages
East Brandon, NH 40298",Port Justintown,xdunn@example.net,145479
355762,Nicholas Smith,Kennedy Group,"0971 Gonzalez Square
New Saraland, LA 22469",Lake Robert,delgadogregory@example.net,170896
355763,Tammy Ferguson,Mann Inc,"30730 Michelle Ford Suite 003
Lake Emily, IA 80207",North Richard,danielle86@example.com,188235
355764,Michael Mayo MD,"Davis, Williamson and Barnes","2720 Dwayne Burg Suite 544
New Michael, KS 94389",Shieldsport,fwright@example.org,161494
355765,Keith Price,"Evans, Hanna and Morgan","743 Heather Unions
West Misty, MP 47139",West Anita,gardnermaria@example.org,110722
355766,Mary Robertson,"Wang, Bond and Pierce","085 Scott Stream Apt. 988
South Isaac, NC 24239",Kevinhaven,jenningsjoel@example.com,56963
355767,Mr. Joseph Sullivan,Lewis Group,"0215 Carroll Mountain Apt. 885
East Derrick, ME 66406",Lake Lisaview,bklein@example.org,152977
355768,Thomas Shannon,Miller-Baker,"64783 Lauren Unions
North Angie, AK 64989",West Tamara,mgarcia@example.org,151205
355769,Joshua White,Smith-Patel,"763 Eddie Mountains
Valeriehaven, MN 94227",North Phillip,qbradley@example.net,106893
355770,Cheryl Gordon,Johnson-Coleman,"4048 Chambers Stravenue Apt. 204
New Troyburgh, AS 49015",Stonestad,carlsonashley@example.org,110948
355771,Cynthia Robinson MD,Shaw Inc,"3768 Jefferson Land Suite 189
North Natalieborough, MN 09401",South Colleen,lauraalvarez@example.com,170192
355772,Kenneth Saunders,Brown Ltd,"12071 David Mill Apt. 870
East Ronaldmouth, TN 78813",Mendezbury,rebecca81@example.com,134964
355773,Randy Robinson,Wood PLC,"9717 Jill Junction Suite 278
Bradleyton, MS 54510",Bethfort,jane77@example.org,197955
355774,Rebecca Hayes,Rivera PLC,"01090 Samantha Row Apt. 831
South Alyssashire, AK 54706",Deborahville,tmontoya@example.net,158219
355775,Christopher Robinson,Jones and Sons,"026 Carlos Cliff
Collierville, VT 11050",Lake Tanya,sbrewer@example.com,141430
355776,Dennis Myers,"Kennedy, Webb and Howard","338 Carpenter Alley
Maryport, GA 94442",East Sarah,jimenezjennifer@example.com,163731
355777,Patrick Ramsey,"Ryan, Martin and Turner","01222 Santos Freeway Apt. 855
East Tyler, SD 49495",South Tammy,nchapman@example.org,111089
355778,Sherry Smith,Jordan-Jones,"255 Kathy Estate Suite 655
Angelastad, ND 14424",North Eileenmouth,bradleytracy@example.com,132163
355779,Brooke Hill,"Gonzalez, Hodges and Williams","21932 Gonzalez Hill
Lake Karen, PW 49872",North Shirley,rebecca83@example.net,58126
355780,Tiffany Johnson DVM,Lopez-Gonzalez,"28373 Garcia Meadow
Dillonburgh, FM 29825",North Darrenchester,landrybrian@example.com,139076
355781,Susan Robinson,Wood-Hicks,"879 Sandoval Courts
New Matthew, MD 41170",South Sarahberg,nkelly@example.net,148926
355782,Christine Brown,Carpenter LLC,"761 Jennifer Grove
Kristinashire, RI 47610",South Dariusbury,lisagarza@example.net,119228
355783,Alexis Snyder,Hays-Miller,"6570 King Run
Johnsonport, VT 37776",Staceyborough,webbmatthew@example.org,166178
355784,Deborah Chavez,Mitchell Inc,"4015 Reid Roads
South Brenda, MN 91735",North Rebecca,qmarshall@example.org,137015
355785,Kathleen Contreras,Wallace-Miller,"407 Peters Knoll Suite 535
North Anneport, AZ 57875",South Stephenfort,laurenlewis@example.com,112306
355786,Zachary Melendez,Thompson-Miranda,"818 Patricia Shoals Apt. 414
Marshbury, MH 57981",Port Jamieville,williamwhite@example.org,131248
355787,Paul Soto,Mccoy-Ware,"725 Christine Meadows Apt. 021
Port Jennifer, PW 40399",East Sarahmouth,wellskenneth@example.net,147564
355788,Paige Austin,"Lucero, Sanchez and Morgan","9320 Laura Lodge Suite 453
Patelshire, FM 55546",Janetborough,emilyholmes@example.com,163156
355789,Jessica Stafford,Brady Ltd,"90899 Jonathan Walk Apt. 297
Gravesshire, CA 63782",New Williamhaven,ugeorge@example.org,53322
355790,Thomas Rose,Turner-Stewart,"64687 Hamilton Junctions
West Stephanieside, MA 37040",Schultzhaven,jamesturner@example.com,99884
355791,Carrie Summers,"Morales, Chavez and Richardson","2594 Eric Inlet Suite 132
West Brandonfort, NJ 01353",South Brittany,ibeck@example.com,109268
355792,Lisa Williams,Bartlett Group,"440 Navarro Hollow Suite 447
Joshuachester, NY 10346",Matthewberg,katherinewilson@example.com,105679
355793,Anna Hill,Perry-Garrett,"32112 Pena Camp Suite 697
Bobbyside, MI 15353",Dawnview,joansawyer@example.com,136517
355794,Kevin Graham,Wright PLC,"590 Peterson Pass Apt. 797
Mccoychester, OK 32225",Meganfort,thompsonmichele@example.com,183960
355795,Mary Carroll,Wilson Group,"8422 Ashley Junctions Suite 369
South Nathan, IA 42195",Evansshire,josephlandry@example.net,133882
355796,Kristin Small,Jensen-Rivera,"67965 Henson Valleys
North Antonioville, FM 56696",Adria