 Olson Circle
Williamberg, MO 10945",South William,melissalee@example.net,152314
64727,Melanie Jacobs,Vance Group,"80954 Diane Road Apt. 409
West Nathan, NJ 07860",Kinghaven,debbiejohnson@example.net,176941
64728,Teresa Smith,Evans-Brown,"97554 Bryant Fords
Martinside, AL 02366",Port Ian,ali@example.org,123350
64729,Steven Adams,Shelton PLC,"6450 Jared Ford
Brownfort, IL 07764",South Benjamin,bradleybutler@example.net,190479
64730,Anne Black,Levine-Cook,"49882 Zachary Junction Apt. 971
South Victorborough, WA 22506",South Anthony,eboyd@example.org,86252
64731,Briana Garcia,Price-Powers,"94779 William Lane Suite 403
Albertside, MD 17627",East Lee,jamestravis@example.com,183659
64732,Tanya Lewis,Russell-Wilson,"534 Cheryl Freeway
Susanton, IL 91762",Tanyafort,michelle70@example.com,167691
64733,Alan Wallace,Solomon Inc,"096 Ray Bridge Suite 298
Greeneside, IA 86948",Port Matthewview,elizabethhopkins@example.net,54045
64734,Tammy Stewart,"Camacho, Chambers and Pearson","39560 Elizabeth Trace
Jacksonview, WV 72819",North Robertchester,andreasutton@example.org,188012
64735,Thomas Smith,Williams LLC,"7560 Bauer Haven
Pittsburgh, VI 06562",Nancyville,ntaylor@example.org,121617
64736,Ian Haynes,"Reese, Smith and King","28949 Jacob Skyway
East Kevinhaven, VI 39771",East Ashleyview,amandawashington@example.com,183438
64737,Whitney Brown,Flores Inc,"59043 Mcconnell Flat
Vaughanbury, ME 49625",Jessicashire,amy50@example.com,118111
64738,Anthony Huff,Wilson-Vincent,"18550 Potter Drives
Thomaston, AK 22229",Lake Johnberg,dtate@example.org,89751
64739,Shannon Mendoza DDS,Frazier-Clark,"735 Nicole Spur Suite 045
West Jennifer, NE 01809",South Laurachester,dylanwheeler@example.net,52098
64740,William Ramos,"Pearson, Soto and Rodriguez","8404 Miller Corner
Smithview, PR 38639",Port Robertbury,pattersonjoseph@example.net,197583
64741,Christian Hamilton,Tanner-Cox,"1199 Washington Coves
Lake Samuel, RI 47246",South Bruce,kimchristopher@example.net,124545
64742,Nicole Kennedy,Frederick LLC,"71372 Santiago Village Suite 973
New Jesus, IN 74139",Danielleside,nguyenrachel@example.com,75607
64743,Michael Morgan,Thompson Ltd,"42104 Rachel Row Suite 089
South John, VA 81156",Cochranview,barreratony@example.net,138279
64744,Matthew West,Strong PLC,"83968 Erica Drives
South Paulashire, PR 88748",South Toddbury,paulobrien@example.com,140507
64745,Deborah Pearson,Avery Group,"723 Leon Views Apt. 245
North Timothy, MH 76473",Johnsonton,zpetty@example.com,78064
64746,Regina Rivera,"Jenkins, Tyler and Burgess","90611 Torres Pass
Moyermouth, IA 15928",North Charleshaven,tcooley@example.net,187224
64747,Terry Johnston,"Henderson, Spencer and Johnson","92310 Phillip Isle Apt. 618
Leachfurt, HI 10449",New Chloeshire,jessica84@example.org,63746
64748,Joseph Vega,"Cabrera, Lewis and Hensley","2865 Tony Flat Suite 989
Mosleyburgh, LA 59652",New James,brittanyhogan@example.net,182905
64749,Marc Goodman,Wade Group,"052 Miller Union Suite 174
North Amanda, OR 86021",Port Jasmineborough,dustinoliver@example.net,164395
64750,Robert Russell,Oconnell and Sons,"PSC 5649, Box 6432
APO AP 67335",Salasside,gina51@example.net,125813
64751,Andrew Randolph,Steele-Berg,"9602 Vanessa Flats Apt. 453
West Angel, SD 46330",Davenportmouth,annalewis@example.net,77274
64752,Linda Poole MD,Watson LLC,"850 Regina Stravenue
Jasonburgh, MP 26914",Jacksonfort,vaughnerik@example.org,105960
64753,Christopher Nelson,Nelson Inc,"9964 Shelby Locks Suite 552
West Daniel, FM 59580",New Matthew,hernandezbrian@example.com,54426
64754,Bernard Goodman,"Gardner, Lopez and Allen","60843 Johnson Centers Suite 528
South Jonathanshire, VI 17087",Travischester,mhernandez@example.net,133313
64755,Claire Bullock,Robertson-Walls,"2909 Perkins Stream
Johnsonside, WV 90077",New Davidfort,nguyenadrienne@example.org,79582
64756,Lindsey Anderson,"Stone, Kaufman and Sosa","70388 Walter Valley
Lake Emilyfurt, KY 60615",Lake Cynthiamouth,ryan82@example.org,166511
64757,Julie Short,Harper and Sons,"5435 Paul Cove
Port Randy, AS 03334",South Taylorstad,bpatterson@example.com,76578
64758,James Young,"Gonzalez, Wilson and Harris","303 Haley Mills
Kristashire, NY 85916",Wardton,xperry@example.net,72109
64759,Shannon Richard,Beasley-Edwards,"92621 Powers Mountains Suite 487
North Daniel, MS 67939",Aaronville,parkerrobert@example.com,147864
64760,Shawn Chapman,Williams-Ruiz,"68109 Lynn Gardens
Simsside, WI 38656",New Kennethtown,caitlin77@example.org,55451
64761,Devin Williams,Rodriguez Ltd,"723 Cline Lodge Apt. 747
Yangstad, AS 69041",Clarkville,cgood@example.org,154984
64762,Katherine Rodriguez,Bates-Robinson,"87433 Castro Prairie Apt. 486
Marieberg, NH 30560",West Jesseside,ajacobs@example.com,59983
64763,Alexander Webb,Gonzalez-Carpenter,"7636 Nicholas Walk
South Amandafurt, IN 39209",Fernandezview,justindiaz@example.org,146748
64764,Kara Johnson,Evans Inc,"12653 Winters Pines Suite 797
Justinmouth, MT 20605",Kathleenton,shelley65@example.net,170020
64765,Regina Dean,"Torres, Bray and Powell","819 Morgan Corners Suite 744
Melissamouth, PR 28684",North James,thomas58@example.com,194423
64766,Timothy Evans,Little LLC,"53587 Henry Hills
Reedton, AZ 87008",Deborahberg,lkelley@example.com,66473
64767,Sydney White,Smith Inc,"323 Jones Tunnel Suite 474
Thomasshire, MS 87740",Lake Faithburgh,townsendkeith@example.net,120227
64768,Stephanie Williams,"Golden, Walker and Bowen","94051 Alisha Overpass Suite 942
North Cynthia, GA 53207",Lewisborough,tsmith@example.com,166982
64769,Erica Brooks,Randolph PLC,"Unit 6250 Box 8045
DPO AP 43451",South Karen,victoriapetty@example.net,150106
64770,James Maldonado,Allison PLC,"09378 Stephen Spur
Port Robert, RI 75694",Port Jerry,tina47@example.com,56041
64771,Patricia Fleming,Hall PLC,"732 Wilson Brook
New Kimberlystad, PR 41013",South Daniel,lauren67@example.org,137428
64772,Olivia Lopez,Sims Group,"279 Samuel Island Suite 451
Port Kimberly, VT 04672",West Kyle,garcianicole@example.net,103309
64773,Todd Watson,Elliott-Lee,"7686 Steven Gateway
Port Ronald, MN 43662",Rickyfurt,escott@example.com,199353
64774,Julie Blackwell,Scott LLC,"02663 Duran Haven Apt. 487
New Ashley, ND 19151",Mcgrathfort,hickmanjames@example.net,140450
64775,Tami Humphrey,Gonzalez-Lopez,"8947 Myers Stream
Teresastad, MA 71950",Lake Jill,hollandmichael@example.org,182162
64776,Linda Lee,"Klein, Schultz and Patel","9695 Jessica Shores
North Paul, NJ 61706",Sarahberg,david57@example.org,143711
64777,Deborah Hudson,Smith PLC,"351 Scott Overpass Suite 502
Port Nicholas, FL 28992",North Brandonview,staffordchristopher@example.net,82133
64778,William Dawson,"Navarro, Martin and Ramirez","2949 Munoz Lock
Ethanhaven, NV 54865",East Josemouth,joshuabush@example.org,179275
64779,Matthew White,"Knight, Foster and Allen","79956 Reyes Parkways Apt. 134
Andersonburgh, FL 87422",New Jasminestad,daniel08@example.net,108748
64780,Rachael Baker,Black LLC,"0566 Stephanie Square Apt. 802
Billyview, HI 57927",Irwinton,thompsonrhonda@example.net,150676
64781,Austin Green,Smith PLC,"909 Campbell Shoals
Schmidtmouth, TX 12775",Lake Kaylaberg,murraykayla@example.org,161417
64782,Angela Webb,Mitchell Inc,"72669 Andrew Mountain Suite 221
Rebeccafort, NH 82200",Fieldsburgh,spowers@example.com,161889
64783,Kyle Cook,Ruiz Group,"81471 Matthews Parkways Apt. 911
Sharonmouth, LA 85458",West Julieville,bcruz@example.org,115865
64784,Benjamin Morales,Wilson-Gutierrez,"481 Payne Stravenue
Shaneport, NJ 67274",Kelseyfort,josephfox@example.net,142640
64785,Robert Arellano,Vasquez PLC,"3133 Heather Roads Apt. 577
North Amy, IL 73997",Port Christine,ujackson@example.com,127367
64786,Dave Hernandez,Delgado-Stephens,"208 Hanson Island Suite 715
Lake Sharon, NC 33608",Eileenbury,jordanbrent@example.net,139236
64787,Joanna Morales,Hurley Ltd,"652 Cheryl Camp Suite 892
North Phyllistown, AZ 85637",Zacharyfurt,johnsondonald@example.com,58192
64788,Kevin Perry,"Gross, Allen and Martinez","271 Caldwell Freeway Apt. 837
North William, SC 81079",Bryanhaven,moorejoshua@example.org,84329
64789,Shannon Johnson,Perez Inc,"87368 Andrew Stravenue
Juliehaven, WA 27602",Stevensland,adam09@example.org,74530
64790,Justin Shields,"Robbins, Jackson and Conway","9791 Jacob Glen
Port Tanyaton, KY 64024",Angelaland,zmyers@example.net,187781
64791,Todd Moore,Watson-Lewis,"USS Thomas
FPO AA 62092",West Sheryl,blackrobert@example.org,189476
64792,Jeffrey Payne,Freeman Inc,"933 Spencer Fork Apt. 033
Williamton, NH 08502",Lake Kimberly,joneslisa@example.net,55781
64793,Donna Holland,Edwards LLC,"USCGC Morris
FPO AA 75167",Paulview,jeffrey84@example.org,177895
64794,Aaron Cole,Winters Inc,"85156 Garrett Path Suite 897
Gregoryhaven, NV 71088",Kellerburgh,dillonruiz@example.com,135177
64795,Karen Moore,Stewart Group,"32670 Foley Manor
Kimburgh, TN 27692",Garciafurt,jhenderson@example.org,81191
64796,Richard Davis,Davis Inc,"Unit 0258 Box 9692
DPO AE 94624",Joshuaburgh,luisbrown@example.net,158868
64797,Daniel Pollard,Shelton and Sons,"1214 Wilkinson Knolls Suite 520
Lake Steven, AS 73375",Port Tylerbury,kylekim@example.net,183119
64798,Susan Bullock,Edwards Group,"4339 Adams Springs
South Katiemouth, IN 14662",Amandamouth,hoganandrew@example.org,167860
64799,Molly Day,Willis Inc,"55426 Christopher Cliffs
Ellisonchester, DE 45555",Lake Ryanmouth,yclark@example.net,136536
64800,Steven Gray,Baker-Hurst,"70079 Cameron Via
Mullinsmouth, NY 70646",Fosterport,kaylawatson@example.com,83376
64801,Robert Evans,"Johnson, Curtis and Mcdaniel","301 Andrew Field Apt. 090
South Michael, MA 49831",Williamsmouth,ecampbell@example.org,121362
64802,Brian Long,Hernandez and Sons,"6071 Robinson Trail Suite 389
North Sherrystad, CT 17849",Griffithberg,lpadilla@example.net,139924
64803,Anthony Wood,"Hartman, Montgomery and Beard","764 Gabriel Springs Apt. 004
Lake Debbietown, KS 60413",New Vanessa,alexanderkline@example.org,162040
64804,James Hawkins,"Marsh, Cantu and Hale","2332 Hill Harbor Suite 043
Brandonburgh, UT 13346",Moralesbury,rhughes@example.com,180481
64805,Michael Maldonado,Mcmahon-Williams,"0692 April Village
West Misty, NE 89813",Markfort,dustinpitts@example.com,105458
64806,Elizabeth Shaffer,"Norman, Kelly and Lopez","8093 Larry Haven Suite 567
Kariburgh, HI 16952",West Christopherborough,tcummings@example.net,85726
64807,Kristin Myers DDS,"Mcbride, Newman and Mendez","622 Laura Hills
Anthonyside, ND 96256",Christopherhaven,pereztodd@example.net,162013
64808,Nancy Brown,Banks-Callahan,"5834 Clark Plaza Apt. 038
East Joshua, WV 58398",Stewartstad,romanhector@example.org,53022
64809,Elizabeth Hernandez,Coleman-Richards,"65089 Clements Brooks Suite 679
South Glenn, NJ 65072",Garciaton,nhawkins@example.com,61206
64810,Joel Thomas Jr.,Contreras-Stewart,"46636 Anderson Run
Turnermouth, MD 41981",West Oliviatown,moorejohn@example.net,77211
64811,Tamara Reese,"Robinson, Wilkinson and Wright","079 Rice Port
West Christopherville, AS 91476",New Katie,paulgarrett@example.net,125258
64812,George Miller,Oconnell-Johnson,"54671 Tina Junctions Apt. 946
Haasmouth, WY 43323",South Christinaberg,powersdavid@example.org,100122
64813,Erika Sanchez,Harris Inc,"384 Powell Way
New Traceyton, NY 82836",Brianburgh,roger11@example.org,84250
64814,Alan Stephenson,Alvarez-Krause,"4618 Jason Viaduct Apt. 083
East Cristinatown, VI 43106",Laurentown,tiffanycox@example.com,190441
64815,Joseph Moore,"Smith, Shields and Massey","8072 Long Squares Apt. 523
Lake Lesliefurt, MS 06045",Port Courtneyside,jennifer46@example.com,64652
64816,Carlos Pineda,Murphy-Ochoa,"8889 Laurie Junctions Suite 235
New Jamesborough, MD 91772",South Cherylfort,margaret40@example.net,164851
64817,Sheila Giles,Burton-Ortega,"6126 Angie Walks
New Davidhaven, KY 15432",Schmidtport,bharris@example.net,99189
64818,Robert Delgado,Cook and Sons,"49322 Teresa Falls
Guyton, ND 23174",Danaborough,sharon56@example.net,166997
64819,Alexandra Schroeder,Hamilton-Johnson,"5053 Valerie Viaduct
Hawkinsview, AK 31018",Ortizmouth,qhudson@example.net,79977
64820,Scott Lowe,Munoz-Sanders,"67860 Roberts Common Suite 199
Taylorville, IN 37690",Harveyton,terripalmer@example.com,113394
64821,Mark Johnson,"Adams, Cobb and Farrell","6838 Cody Brook
West Joseberg, WY 11464",West Williamhaven,tammy90@example.net,56588
64822,Rebecca Nelson,Wright PLC,"8006 Jonathan Manors Suite 005
Snowberg, TX 48249",Lake Diana,riveramelissa@example.org,129883
64823,Thomas Bailey,Galloway and Sons,"6168 Roberts Courts Suite 843
New Debra, MD 96827",West Larryshire,vcrosby@example.net,60803
64824,Robert Neal,Smith-Blake,"70093 Allen Spur Suite 643
Wilsonfort, OH 72331",West Brandonland,bennettkevin@example.org,102131
64825,Brandon Brady,"Thornton, Pruitt and Mckinney","825 Hill Lake Suite 977
New Elizabeth, WY 79359",Port Michelle,lorihughes@example.com,108570
64826,Wayne Lowe,Diaz PLC,"043 Danielle Curve Suite 693
Lake Jessicahaven, HI 16465",North Kevinchester,perkinschristine@example.net,52236
64827,Cheryl Friedman,"Burton, Reyes and Bautista","54441 Julie Dale
South Scottmouth, PA 42547",Schneiderberg,parkpaula@example.com,115595
64828,Chad Turner,"Miller, Hodges and Crawford","40017 Sanders Mountains
Kevinshire, VA 86657",Port Jennifermouth,lisarobbins@example.org,193814
64829,Mr. Cody Jackson,Wright LLC,"183 Smith Terrace
Christopherstad, MO 85569",Bridgetberg,stephanieandrade@example.com,110405
64830,Melissa Farmer,Johnson-Smith,"952 Davis Village
South Michaeltown, IL 12312",Port Dannyborough,okelley@example.org,139237
64831,Christopher Anderson,Carroll PLC,"642 Christina Field
New Breanna, OR 05658",New Caitlin,cassandra58@example.com,145585
64832,Valerie Brown,"Gilbert, Barton and Lewis","5434 Romero Parks
South Marissa, UT 87864",Port Veronicachester,carlosjackson@example.org,139660
64833,Misty Wilkerson,"Thomas, Mann and Black","073 Bridges Hills Suite 468
Josephmouth, OK 96945",Foxchester,jwarner@example.org,62974
64834,John Tran,Clark Inc,"110 Christopher Parkways Apt. 266
Booneport, GU 45200",Wyattmouth,robert20@example.org,88914
64835,John Sharp,Alvarez-Riley,"870 Brian Light
Douglasmouth, KY 13863",North Wandaton,pmorris@example.com,51312
64836,Elizabeth Shea,"Thompson, Nelson and Williams","81321 Natasha Ridges Suite 758
Brownshire, AR 40176",North Trevorchester,harrymiller@example.org,129655
64837,Laura Garcia,"Thomas, Mooney and Stone","PSC 8972, Box 4482
APO AP 06161",Myersport,michael38@example.net,93423
64838,Tracy Wilson,Olsen Group,"3168 Stacey Meadow
Houstonbury, ME 42200",Herringmouth,allisoncontreras@example.net,75380
64839,Rita Kelly,Griffith Group,"959 Debra Tunnel Suite 041
West Johnshire, VT 76668",Jaychester,jacksonlisa@example.net,118094
64840,Christopher Gregory,"Wright, Booker and Jones","260 Delgado Islands Apt. 196
East Andrewburgh, AR 13579",Johnstad,scott79@example.com,120602
64841,Jennifer Chen,Henson Inc,"Unit 9425 Box 4840
DPO AE 88373",New Sabrina,xsoto@example.org,137036
64842,Jessica Ortiz,Archer-Johnson,"354 Johnson Motorway
New Lindaton, GU 17496",New Brendan,andre04@example.org,170145
64843,Brandon Miranda,Campbell and Sons,"Unit 4548 Box 5535
DPO AA 43312",Lake Mason,mcastro@example.org,89866
64844,Jesse Travis,Logan Inc,"USNS Schwartz
FPO AA 95744",East Benjamin,kathrynfisher@example.net,153867
64845,Jeffrey Jones,"Combs, Garcia and Lopez","0996 Wendy Manor
Lake Joshuaton, DE 25909",Bobbychester,hortonronald@example.net,111647
64846,James Walters,Jones-Smith,"PSC 4418, Box 5350
APO AE 72003",Lake Denise,madelinemorton@example.org,177057
64847,Raymond Carter,Alvarez Group,"172 Webb Forge
Kleinfort, AK 65361",East Ashleybury,wholloway@example.com,138572
64848,Stephen Grant,"Boone, Deleon and Morris","192 Ryan Inlet Suite 531
East Mark, NE 62593",East Robert,daniel26@example.net,86551
64849,Sandra Gonzalez,Moody and Sons,"057 Kelsey Motorway Apt. 176
Mariostad, NE 13241",Caldwellstad,ericamiller@example.net,171138
64850,Jeffrey Smith,Gutierrez-Curtis,"20903 Alan Plains Apt. 399
Port Taylorfurt, CO 67690",North Tony,ogonzales@example.net,101270
64851,Ann Foster,"Leonard, Smith and Williams","284 Rhodes Circles Apt. 722
Amyhaven, SC 11630",Blackburnfurt,barneshelen@example.org,134497
64852,Jason Nelson,Simpson Ltd,"3561 Rowe Passage Apt. 053
Robertview, AR 28606",North Monicamouth,debbie22@example.net,62984
64853,Jillian Jimenez,Avery-Clark,"02155 Ross Knolls Suite 368
South P