76
193210,Joshua Mcbride,Martinez LLC,"3449 Charles Coves Suite 959
Jeffreytown, IL 71422",Connieside,laurenjones@example.com,172739
193211,James Lopez,"Macdonald, Simpson and Lyons","290 Robert Knoll
Campbellland, AR 78047",Porterborough,lisayoung@example.net,84131
193212,Michael Sandoval,"Pacheco, Dyer and Harrison","7305 Ford Islands
West Janetport, WY 56016",Sherrybury,sydney12@example.net,150585
193213,Susan Richardson,Meyers Group,"4882 Reyes Junction Apt. 179
Stephanieberg, IL 45801",New Kelseyhaven,laurenanthony@example.net,124444
193214,Daniel Bauer,Edwards-Phillips,"PSC 7616, Box 9015
APO AE 69247",Port Andrewstad,wfrye@example.net,127326
193215,Christopher Lee,"Gonzalez, Terrell and West","64298 Williams Drive Apt. 155
North Michael, WI 73241",New Frank,jasonfreeman@example.com,180237
193216,Veronica Martin,Hull-Yates,"344 Martin Freeway Apt. 196
South Henry, WY 62817",South Melody,obird@example.com,84957
193217,Sonya Benjamin,Russell PLC,"88731 Emily Drive Suite 611
Toddchester, OR 77872",East Paul,derek05@example.org,196073
193218,Elizabeth Campbell,Merritt Ltd,"63894 Thomas Street
East Pam, KS 81103",East Wendy,edwardsdavid@example.org,109024
193219,Mr. John Silva MD,Johnson Inc,"73276 Jacob Neck Suite 455
Paulland, NJ 69237",West Staceyhaven,susanwilliams@example.org,190111
193220,Gina Bridges,"Porter, Martin and Martin","2044 Jones Roads
Port Timothy, MP 88534",Emilyfort,vwise@example.com,174506
193221,David Mahoney,Walter and Sons,"557 Craig Shoal Suite 184
Alexandramouth, ID 19308",Ashleymouth,aimeegarcia@example.net,83106
193222,Nathan Mills,Bryant LLC,"018 Lopez Pines Apt. 255
East Anthonyhaven, AS 60407",West Robert,corey82@example.org,110063
193223,Nicole Taylor,"Gill, Haney and Hall","315 Francisco Rapid
North Nathan, VT 53583",Davidside,walkerjeremy@example.com,148928
193224,Christopher Sanchez,"Shelton, Meza and Villegas","5820 Kristina Inlet Suite 435
South Allisonchester, DE 99758",North Robert,charper@example.com,129117
193225,Jacob Kramer,Downs PLC,"26596 Erika Rapids
East Trevor, VA 57075",New Tammy,roberthall@example.net,91049
193226,Jasmine Fuentes,Young-Harmon,"492 Rowe Mountains
Port Matthewhaven, MO 86031",East Ryanton,rortiz@example.org,88900
193227,Eric Smith,Hoover-Davila,"44007 Garrison Neck
Port Luis, NC 27541",Christopherport,angela09@example.net,108111
193228,Alexis Lewis,"Lewis, Montes and Meyer","PSC 6632, Box 5099
APO AE 53313",Davidmouth,josephbrooks@example.com,62329
193229,Leon Gonzales,Poole LLC,"8555 Mccoy River Apt. 343
Fredton, UT 09815",Jennaberg,michelle12@example.org,109020
193230,Alexandria Sawyer,"Peters, Gaines and Howard","0337 Jeremy Underpass
Nolanton, FM 16908",South Brianstad,chad69@example.net,141617
193231,Eric Smith,Arroyo-Shannon,"30279 Roberts Lights
Lake Kristenstad, SC 33998",East Heather,robert53@example.net,126840
193232,Mr. Craig Miller,Mccarthy LLC,"USCGC Hutchinson
FPO AP 38735",Cassandrahaven,istewart@example.net,102368
193233,Holly Anderson,Greene LLC,"3351 Mcbride Views
Leonton, WI 76968",North Joshuachester,kerri67@example.org,117581
193234,Blake Martinez,Munoz-Hernandez,"73224 Amy Path Apt. 043
South Tom, MD 20173",West Veronicaton,johnmccarthy@example.org,194159
193235,Kelly Miles,Guerra PLC,"00769 Richards Crest
Port Caroline, TX 28813",Port Kevinstad,kristisimmons@example.org,95708
193236,Matthew Jackson,"Rosario, Martinez and Jones","40996 Nelson Heights Suite 451
North Courtney, NJ 39590",Jamesstad,josephlucas@example.net,173598
193237,Candace Mccullough,"Ward, Cortez and Johnson","244 Sara Route
East Gina, MT 35538",Timothyfurt,shannoncannon@example.org,86356
193238,Jill Chang,Sutton and Sons,"10762 Schmidt Shoal
North Charleston, WV 83810",South Danielle,kirkharris@example.org,85893
193239,James Green,Wood PLC,"07059 Erica Spur Suite 969
Stephaniemouth, NE 60005",Wardburgh,crawforderic@example.net,179899
193240,Jessica Fox,"Hoover, Buchanan and Whitaker","20640 Lawrence Pines
Lake Madison, KS 66838",New David,johnrobinson@example.net,77664
193241,Corey Thompson,Hunt-Munoz,"9937 Buck Groves
Elizabethmouth, NY 25057",Williamsonhaven,ggonzalez@example.org,67303
193242,Garrett Pacheco,Bradshaw-Davis,"9174 Dalton Springs
East Stephaniechester, SD 94252",Marshallhaven,erin56@example.net,89723
193243,Jo Burns,Shaw Group,"977 Charles Burg
Lake Manuelville, DC 98890",South Jenniferfurt,stephanie46@example.net,144752
193244,Amanda Hamilton,"Woods, Lopez and Simmons","35622 Holloway Dam Apt. 089
Munozside, IN 24179",Port Richard,anthony46@example.org,106662
193245,Denise Reese,Jimenez-Page,"7210 Jackson Lakes
West Heather, NC 55278",Reginachester,kimberly12@example.com,89663
193246,Benjamin Jones,Boyd PLC,"14989 Amy Ranch
New Cynthia, OK 73453",Evansmouth,markwheeler@example.net,84108
193247,Joshua Craig,Schwartz LLC,"21819 Sexton Dam Apt. 910
Lisafurt, OK 39462",New Aaron,sherri81@example.com,61645
193248,Rebecca Beard,"Richardson, Koch and Bautista","265 Kristin Mall Apt. 262
Patrickland, MH 81550",Smithberg,xgallagher@example.net,119108
193249,Susan Ortega,Thomas PLC,"26523 Thompson Brooks Suite 777
Smithport, OR 42380",Jamieport,hlopez@example.org,154132
193250,Sheila Gillespie,"Odonnell, Wallace and Burke","58393 Kenneth Summit Apt. 942
Sheaborough, UT 88761",South Eddiefurt,rachel00@example.com,176151
193251,Olivia Campbell,"Bishop, Pacheco and Espinoza","10733 Gina Grove
Johnsonburgh, CA 06759",Grimeschester,tiffany35@example.net,197729
193252,Michelle Livingston,Berg and Sons,"19698 Melanie Greens
East Shawn, FL 50178",Lake Rebecca,david04@example.com,155162
193253,Jesse Krause,Anderson Inc,"1215 Karen Keys Apt. 645
Toddburgh, NH 00645",East Davidmouth,ywolf@example.net,81167
193254,Christina Thompson,"Young, Henderson and Tanner","Unit 6248 Box 8462
DPO AE 43610",New Brittanyside,hnguyen@example.net,72078
193255,Steven Sanders,"Edwards, Mejia and Lee","0259 Smith Creek
Rogerhaven, FM 43151",West Kayla,sophiahanna@example.com,140407
193256,Anthony Gentry,"Tran, Whitney and Schultz","87536 Barry Isle
Kellymouth, VA 56727",Port Jessica,ngolden@example.com,56397
193257,Joann Williams,Mullins-Chapman,"54364 Reeves Tunnel
Port Janiceton, AL 04947",Lake Kathryn,marvindeleon@example.net,135787
193258,Matthew Dodson,Ellis Inc,"8399 Reyes Corner Apt. 317
Harrisshire, OR 24465",Port Mariamouth,dannymcgee@example.net,122000
193259,Danny Young,Smith-Nguyen,"0214 Bennett Prairie Suite 361
North Jamesberg, FM 95198",Lake Scott,rmiller@example.com,152770
193260,Alexis Li,"Moreno, Harmon and Cowan","62242 Brown Knoll Apt. 830
Lake Katieport, NY 19237",Matthewsstad,lcarter@example.com,154277
193261,Ashley Burgess,Sheppard Group,"4592 Scott Common
North Melissa, AS 39725",Clarkburgh,jonathan73@example.net,166660
193262,Mr. Donald Espinoza III,"Mccarty, Hicks and Duncan","Unit 1831 Box 1445
DPO AE 82528",West Whitney,craig73@example.org,64629
193263,Jeffrey Dalton,Dickerson Inc,"42499 Randy Orchard Suite 877
New Laura, LA 78927",East Richardstad,bsmith@example.net,51175
193264,Dr. Shannon Bowman MD,Rios-Gonzalez,"Unit 1165 Box 2583
DPO AA 23835",South Matthewfort,monicablair@example.net,138921
193265,John Johnston,Ryan Inc,"267 Barton Center
West Malik, CA 08974",Lisastad,ylarson@example.com,101961
193266,Curtis Jackson,"Griffin, Gonzalez and Hayden","4036 Aguirre Extensions
North Andreamouth, MD 54972",South Matthew,amanda43@example.com,153958
193267,Monica Coleman,Kelley-Robbins,"338 Garcia Curve Suite 882
East Laura, IL 37666",Karenhaven,rachelstewart@example.org,98349
193268,Erin Rodriguez,Reid Inc,"14980 Zachary Keys
Christopherland, GA 21242",Reyesburgh,juarezjasmine@example.net,132787
193269,Jennifer Martin,Austin-Goodwin,"USS Barnes
FPO AA 47773",Morenoview,zcohen@example.com,137630
193270,Donald Bass,Finley Group,"653 Buckley Plains
Moonstad, MP 37074",Roblesland,david97@example.org,175772
193271,Shari Thomas,Schroeder-Russell,"96076 Danielle Isle Apt. 933
North Mathewville, DE 95653",Sarahhaven,jasonpatterson@example.org,185138
193272,Dylan Lindsey,Turner Group,"87692 Ashley Vista
North Bryan, AL 59903",Denniston,philip50@example.org,132818
193273,Michael Gibbs,"Garcia, Cox and Rivera","4704 Kathy Road Apt. 606
Martinton, MS 62895",Brandonmouth,christinamiller@example.net,141305
193274,Mr. Anthony Andrews,Grant-Ortega,"USCGC Mcdonald
FPO AP 21445",New Heatherview,ricewendy@example.com,113835
193275,Amanda Villarreal,"Daniel, Mueller and Hill","0771 Duffy Springs
Jessicaland, IN 73160",Santiagochester,afrazier@example.com,147283
193276,Lawrence Miller,Johnson-Ward,"270 Kyle Centers Apt. 762
Lake Tiffanyton, MN 57518",South Adam,cmckee@example.com,177042
193277,Christopher Collins,"French, Reyes and Allen","58532 Jacob Lock
Kevinborough, WI 83533",Gayfort,amy94@example.org,137624
193278,Dana Stevens,"Fields, Reyes and Monroe","0697 Jennifer Burgs Apt. 345
Nicholasberg, PR 26854",Lewisville,mhernandez@example.net,139614
193279,Ashley Allen,Lawson PLC,"474 Butler Course Suite 015
Amyfort, LA 03579",Robertmouth,monica89@example.org,113172
193280,Shannon Hall MD,Thomas Group,"8866 Zachary Orchard Suite 978
Port Heather, PR 04114",West Lisatown,thompsonheather@example.org,118103
193281,Carol Hernandez,Thompson-Mcintyre,"0119 Susan Ways Suite 098
North Anaborough, WI 50598",West Michaelberg,robertscott@example.com,169309
193282,Kimberly Summers,Allen PLC,"39383 Kimberly Lodge
Port Jodi, FM 84568",Port Keith,steven81@example.org,79953
193283,Samuel James,Pena and Sons,"3814 Seth Crescent
Cooperfurt, DC 06508",West Christinaview,anthonyhansen@example.net,161090
193284,Matthew Townsend,"Kelly, Robinson and Green","000 Barnes Ports
Lake Lindaport, LA 27365",Lake Emilyshire,sarajones@example.org,159345
193285,Brandon Martinez,Navarro-Garrett,"441 Holloway Loop
Erinland, PW 68753",South Hannah,brookewells@example.net,68055
193286,Melissa Williams,Howell Group,"8920 Miguel River
Farleyside, AS 71082",Christopherfurt,kentdavid@example.net,118390
193287,David Ward,"Baldwin, Wilson and Perez","2695 Mary Flat Suite 140
Jamesstad, OR 84705",Reneebury,ashleebrooks@example.com,105685
193288,Walter Hicks,Boyd Inc,"USNS Lyons
FPO AA 76430",Taylorberg,qlee@example.org,191116
193289,Jeffery Palmer,"Young, Miller and Byrd","209 Lowe Ranch Apt. 116
East Susanview, HI 32064",West Kayla,caitlin93@example.net,87984
193290,Karen Love,Hamilton Inc,"86572 Curtis Squares Apt. 849
Yvettetown, LA 05930",New Joshuaberg,fbrown@example.org,182136
193291,Christina Hale,Schmidt PLC,"USNS Small
FPO AA 81245",South Megan,daniellecook@example.com,100910
193292,Patrick Cardenas,Davis-Wilson,"3505 Gloria Rapid Apt. 617
Lake Kellieton, PW 33396",North Curtis,zhenson@example.net,111331
193293,Ms. Heather Larson,Owens Group,"3231 Beck Valleys Apt. 614
East Timothy, SC 71034",North Shelleyville,xcox@example.net,182305
193294,Seth Gomez,"Morris, Gardner and Jennings","47350 William Junction
Port Lisa, DC 81688",Kennedyton,crystal52@example.net,141441
193295,Joshua Frank,Horton-Hayes,"51838 Allen Extensions
Lake Katie, ID 78999",Judithburgh,ystone@example.org,76050
193296,Susan Cook,Thomas-Nelson,"38529 Jones Cove
Jackburgh, NM 12740",Jamieside,igonzalez@example.net,61690
193297,Molly Williams,Burgess-Smith,"92769 Bennett Turnpike
Ashleychester, KS 45870",Michaelfurt,manuel88@example.org,135383
193298,Janice Lee,Davis Ltd,"50854 John Pike
Port Christineberg, OR 49294",Port Teresafort,bakerbrandy@example.com,53868
193299,Christina Diaz,Estrada and Sons,"44468 Laura Isle
West Conniefort, OK 01201",Karenstad,samanthamcdonald@example.org,151414
193300,Chad Smith,King-Turner,"58694 Hayes Terrace
North Kurt, FM 01710",Garrettfurt,gregorybarr@example.net,149414
193301,Travis Sims,Smith LLC,"5284 Ryan Mountains Suite 617
Blackburnport, CO 50650",New David,douglas19@example.net,115013
193302,Madison Anderson,Chandler PLC,"801 Kimberly River
Harrishaven, RI 14043",East Alyssamouth,carl45@example.net,51336
193303,Sonia Bradley,Davidson Ltd,"USS Bautista
FPO AE 64464",Donnachester,brookehill@example.net,199634
193304,Gerald Norton,White and Sons,"405 Spencer Rue
East Mike, OR 51331",South Shannonborough,allennicholas@example.com,109527
193305,Jaime Smith,Perez-Adams,"91339 Crane Motorway
Karenton, SC 64282",West Justinhaven,xthomas@example.com,160535
193306,Hector White,Johnson PLC,"822 Smith Square Suite 132
East Christopher, MD 78687",Jimenezton,jeanne46@example.org,159313
193307,Jessica Mcconnell,Robinson Ltd,"38733 Daniel Neck
Waltermouth, SC 10844",Garciaview,hopkinschristopher@example.org,161623
193308,Michael Williams,Sanchez Ltd,"44701 Angela Drive
West Hannahburgh, MP 61426",Mooreshire,paul33@example.org,80111
193309,Heather Pacheco,Flores-Reyes,"5895 Robert Village Suite 286
East Tony, NM 01730",Blackwelltown,gonzalesalec@example.com,157621
193310,Daniel Moore,"Miller, Bean and Vincent","43964 Jordan Ways Apt. 558
Hoffmanburgh, ID 58630",New Amberbury,jose37@example.net,60184
193311,Ronald Garcia,Holloway LLC,"65828 Scott Rue
East Sarah, GU 99767",East Lisaberg,pcruz@example.com,102449
193312,Craig Brown,"Martin, Nelson and Harris","03285 Andrew Square Suite 975
Rebeccaton, MN 01473",New Rachelborough,cheryl91@example.org,138070
193313,John Baker,"Combs, Fox and Thomas","22678 Sanchez Stream Suite 426
East Wesleyfurt, NY 64555",South Kayla,maxwelllaura@example.net,132825
193314,Brandon Brady,Martin Group,"27904 Rivera Islands Apt. 229
Loganview, MI 79099",West Mark,jeffpeters@example.org,124744
193315,James Haney,Clark-Neal,"0320 David Pine Apt. 072
Port Caroline, FL 62871",Fishermouth,marybell@example.net,162372
193316,Robert Campbell,Lawson PLC,"946 Amy Shoal
Timothyfort, DE 23463",Jonesberg,katrinamason@example.org,120649
193317,Corey Sims,Rollins Inc,"892 Noble Parkways Apt. 356
Thompsonburgh, AR 25000",Michaelbury,briggsvirginia@example.net,66469
193318,William Murray,Moore and Sons,"48209 Compton Prairie
Turnerland, WY 69328",Smithstad,daniel17@example.org,171381
193319,Daniel Bennett,"Smith, Phillips and Stewart","5449 Kevin Trace Apt. 954
West Brianmouth, GA 81059",Jennamouth,michaelgarrison@example.net,116362
193320,Jacqueline Rivers,"Gilbert, Nielsen and Sanchez","1547 Gregory Manors
New Valeriebury, MH 10991",Vanghaven,jessicarobinson@example.org,63048
193321,Colin Brown,Hunt Inc,"7992 Fernandez Pike Suite 216
Bryanville, AR 05182",Jessicaburgh,whiteandrew@example.com,62866
193322,Lisa Gonzalez,Weber Inc,"USS Curry
FPO AP 12590",Susanmouth,aboyer@example.org,105114
193323,Corey Pierce,"Wilson, Phillips and Green","840 Barker Estates
West Virginia, SD 29337",South Michelleland,zbrooks@example.org,50875
193324,Robert Griffin,"Russell, Wood and Phillips","870 Jamie Canyon
East Michaelton, VT 21840",Jordantown,joseph18@example.net,102837
193325,Sarah Richardson,Hernandez-Thompson,"70058 Jamie Expressway
Carrberg, IA 38481",South Gary,johnsonbrian@example.com,146827
193326,Adam Cowan,"Bishop, Cook and Smith","61536 Alexandra Cliff Apt. 957
Kellyhaven, NE 30248",Kaylachester,mooreemily@example.com,53203
193327,Joe Hawkins,Richards-Moore,"USCGC Dixon
FPO AA 68060",East Valerie,vharris@example.com,69328
193328,Jeremiah Rowland,White LLC,"PSC 4687, Box 0533
APO AE 19995",Lake Toddland,christopher61@example.com,196338
193329,Nancy Mccoy,Murphy and Sons,"8677 Steven Course Suite 750
Collinsmouth, WV 76132",Kennethville,brendamoore@example.org,105059
193330,Jordan Stone,Johnson-Johnson,"60329 Gardner Point Apt. 319
Dianeton, OK 63794",Jonesville,christopher16@example.org,70067
193331,Steven Barry,Hudson Inc,"00689 Arias Pass Suite 737
Port Caleb, UT 11901",Port Bryan,hayley48@example.net,104202
193332,Edward Perez,Hughes-Reed,"25097 Erika Hill Suite 924
Lake Amanda, HI 91258",Lake Travis,gutierrezmatthew@example.net,158158
193333,Michael Bowen,"Simon, Thomas and Gibbs","6263 Donald Mountains Apt. 931
New Tiffany, DC 59980",Dyerville,vjordan@example.com,135575
193334,Brittany Alvarez,Meyer-Watts,"PSC 7431, Box 6707
APO AP 05314",Hernandezborough,rhondavasquez@example.com,141555
193335,Tracy Pacheco,Morales LLC,"235 Williams Club Suite 064
Peterstown, WV 47412",Valenzuelaberg,aaron00@example.com,101955
193336,Teresa Taylor,Lambert LLC,"161 Castaneda Ports Apt. 311
New Jessica, VA 88633",North Robert,barroscar@example.org,91068
193337,Scott Price,Day-Wood,"893 Arnold Lakes
Lake Johnmouth, ID 15382",South Davidchester,wesley30@