079,Samuel Johnson,Lee-Padilla,"8869 Hannah Pike
Jenkinsland, IA 84045",Maynardland,julia40@example.com,110432
371080,Robert Liu,Wright LLC,"503 Wu Rapid Suite 628
Wellsland, VA 17104",Diazfort,patrickrobinson@example.com,121425
371081,Deborah Hernandez,Santiago-Ramirez,"99876 Guerrero Passage Apt. 649
Lake April, GU 71058",Youngton,johnsmall@example.org,99904
371082,Claire Martinez,Johnson-Burns,"759 Bond Throughway
Kennedyborough, AS 04199",Moodyhaven,samanthacurry@example.org,115388
371083,Jane Smith,"Larsen, Johnson and Simpson","195 Hunter Ford
North Ryanville, FM 04957",Petersonbury,vwebb@example.net,65771
371084,Janet Gray,"Miller, Ryan and Miller","0613 Hill Crossing
Garciastad, PR 76989",Lake Anne,normancline@example.org,93065
371085,Tyler Ho,Davis-Mcdowell,"66940 Robert Alley
Jillianchester, FM 69741",Port Jillian,bobbythompson@example.org,176027
371086,Patricia Vargas,Carpenter-Ray,"9925 Wilson Falls Suite 700
Port Yesenia, PA 34422",Mosleyborough,mortonkelly@example.com,172083
371087,Walter Romero,Johnston-Johnson,"USS Bryant
FPO AE 58100",Brandonmouth,patriciagreen@example.net,124078
371088,Tim Rivers,Galvan-Hobbs,"3650 Johnson Row Suite 828
Kathleenborough, OH 75594",Wilsonburgh,petersonmark@example.com,190272
371089,Holly Combs,Alvarez Ltd,"018 Bowman Meadow
Gallagherview, DE 98157",Maryton,martinchristine@example.com,133270
371090,David Hopkins,"Smith, Thompson and Melton","4784 Alexandra Crossroad
Erikaview, CA 40048",Hannahview,fcole@example.com,80708
371091,Andrew Booker,Suarez PLC,"010 Jones Plain Suite 121
Moranside, ND 90977",Port Adrienne,warddonald@example.net,172428
371092,Phillip Avila,"Coleman, Mejia and Gordon","105 Bridges Highway
Petershire, PW 27494",Christychester,hacosta@example.org,61094
371093,Terry Ross MD,Mcgee and Sons,"8754 Wells Skyway
Sandersstad, MP 05008",East Sheila,sarah68@example.com,122522
371094,Hunter Jackson,"Brewer, Oconnor and Williams","16476 Hayes Burg
Annaberg, WA 77279",Emilyburgh,alexander81@example.com,122656
371095,Kevin Mcmahon,"Burgess, Rhodes and Miller","80716 Jennifer Wall
East Morgan, NC 97018",North Andrea,josephkimberly@example.org,102333
371096,Kimberly Kelly,"Chavez, Rodriguez and Robinson","7901 Edwards Neck
North Samuelhaven, KY 55994",North Amystad,parkerdon@example.net,174846
371097,Michelle Berry,Hunt-Rogers,"90078 Manning Crest Apt. 176
West Jessicaland, HI 45007",Thomasfort,obanks@example.net,99282
371098,Cody Gordon II,Fischer-Ramsey,"25012 Amy Rapids
Kathymouth, FM 03486",Grahamshire,bensonnicole@example.com,79926
371099,Russell Brown,"Martinez, Douglas and James","50836 Olson Hills
New David, VA 47739",Martinburgh,alan60@example.org,169625
371100,Diane Rosales,Brown-Lawson,"5308 Ramirez Rapids
North Robert, NC 55481",West Sarah,robynhawkins@example.com,192740
371101,Tanya Kelly,Shepherd Group,"0878 Johnson Junctions Apt. 885
North Jeremy, NY 00785",Jeffmouth,mariaortiz@example.net,80015
371102,Charles White,Herring-Collins,"184 Strickland Common Apt. 378
West Christyview, AL 92755",Lake Jesse,sbrennan@example.com,182742
371103,Timothy Marquez,"Huffman, Oneal and Whitehead","68382 Jenkins Oval Suite 467
Patriciaport, MP 50708",Port Amandachester,santossteven@example.org,65595
371104,Jacqueline Young,Carlson-Haas,"55509 Debra Land
Lake David, DE 87659",Reeseview,monica54@example.org,176755
371105,Patrick Greene,Green Group,"39751 Banks Dam
Lake Roy, OK 72129",Lake Christopher,xblackwell@example.org,169101
371106,Laurie Nielsen,Gallagher PLC,"0844 Stephen Passage Apt. 694
Sparksland, OH 11315",New Michael,glittle@example.org,103899
371107,Whitney Barton,"Glass, Holt and Schwartz","944 Williams Overpass
Matthewmouth, MT 21249",Schneiderchester,amandahughes@example.net,57135
371108,Hannah Schneider,Edwards LLC,"5878 Clifford Rue
Brandimouth, NJ 78746",Dennistown,charles78@example.net,147070
371109,Harold Evans,"Martin, Burgess and King","2422 David Radial
South Ann, WV 70574",New Emily,zkennedy@example.com,113603
371110,Randy Stone,"Harper, Page and Travis","6816 Eric Mills Suite 630
Port Kimberly, AS 23233",Mullenton,mccormicknancy@example.org,74584
371111,Shannon Anthony,Martin-Patton,"050 Barber Mountain
Brandyton, WI 99513",Ericland,josesilva@example.net,65749
371112,Sarah Griffith,Martinez-Smith,"28410 Rodriguez Tunnel Apt. 886
Morganhaven, HI 84966",South Stephen,iray@example.org,58828
371113,Alexander Davis,Brewer-Shelton,"945 Lee Hills
West Kaylamouth, MD 51319",South Denisehaven,deleonkimberly@example.com,165399
371114,Brent Silva,Lin-Graves,"5128 Hicks Fork
North Jason, WY 96964",Franciscoview,mcgeechristopher@example.net,191793
371115,Brent Martinez,Fleming and Sons,"0550 Adams Park
Donbury, VI 47423",West Jacqueline,xho@example.net,102144
371116,Shannon Johnson,Richardson-Reyes,"5564 Matthew Shoal
Lisaberg, WV 48418",New Devinport,nfisher@example.org,149674
371117,Donald Wilson,Kelley Ltd,"7642 Stephanie Ramp Apt. 932
Port Melissaview, TN 84036",Lake Ericfurt,wstrickland@example.net,191726
371118,Kayla Hunter,Pacheco LLC,"69543 Edward Expressway Apt. 621
West Chrismouth, VI 74855",Nathantown,jeffrey55@example.com,99421
371119,Ann Kaufman,Kim-Santos,"08651 Gaines Island Apt. 564
East Julieshire, OR 56225",Michaelborough,terrystanley@example.com,92881
371120,Craig Fernandez,"Peterson, Coleman and Garza","77434 Jack Ports Apt. 913
Justinbury, MP 81440",Port Jennaborough,tammy99@example.com,139260
371121,Micheal Robertson,Guerra Group,"544 James Brook
Lake Lisa, SC 60991",South Autumnstad,vmcintyre@example.com,81508
371122,Christopher Jones,White and Sons,"6085 Franklin Locks Suite 500
Teresaton, NH 93450",New Elizabethview,xavila@example.org,98771
371123,Regina Garcia,"Shah, Cantrell and Jackson","254 Joshua Skyway Suite 165
East Colleen, NY 74460",Port Gregory,transcott@example.com,92535
371124,Paula Lopez,"Aguilar, Sherman and Hernandez","920 Torres Drives
Cervantesland, RI 86669",Perrymouth,katelyncole@example.com,140246
371125,Alicia Williams,Powers Group,"70899 Stephens Land Apt. 824
Nicholashaven, NY 15501",West Marvin,markbutler@example.net,128247
371126,Charles Chen,Hoover-Fernandez,"06738 Armstrong Green
Nancyland, NM 51503",West Eric,teresa50@example.com,137839
371127,Tina Smith,Williams Inc,"USNS Vaughn
FPO AE 48159",Katherineland,robertsonjason@example.org,89557
371128,Allison Knight,Colon-Miller,"831 Faith Village
New Kimberlymouth, WA 11928",Tanyaburgh,nturner@example.com,165227
371129,Jacob Jarvis,Rivas-Brown,"563 Pennington Coves Apt. 515
East Charles, DC 49555",Williamsfurt,wellsluke@example.com,163894
371130,Dwayne Gill,Martinez LLC,"36185 Haley Junctions
Kimberlyfurt, NM 51646",Lake Joychester,james67@example.net,107715
371131,Katelyn Garcia,Smith Inc,"602 Austin Hill Suite 676
Ambermouth, NH 41325",Jonathanchester,antonio80@example.org,159162
371132,Katherine Lang,Robles Inc,"Unit 0428 Box 4700
DPO AE 41438",Johnstonside,garyosborne@example.com,119421
371133,Erica Stanley,Smith Group,"44683 Stanley Burg
Lynchville, HI 45127",Lake John,jasonpetty@example.net,163148
371134,Edward Davis,Hale PLC,"2719 Samantha Road Apt. 950
Ashleyhaven, MH 63871",West Sarastad,ruth55@example.org,135827
371135,Tracy Smith,Ayala-Melendez,"5964 Pierce Greens Apt. 963
North Joshuamouth, MN 95311",North Jeanne,mpitts@example.com,110372
371136,Alexander Parker IV,Murphy-Smith,"Unit 5967 Box 4873
DPO AA 16873",Samanthaport,spencerrandy@example.org,159505
371137,James Johnson,Russell-Stout,"75125 Shepherd Mews
East Robertberg, NJ 14260",Port Katherineview,vnguyen@example.org,181207
371138,Maria Miller,Steele-Klein,"567 Hernandez Views Suite 688
Marciachester, VA 03303",West Kristinbury,james25@example.org,170782
371139,Darlene Morrison,"Burgess, Gomez and Olson","355 Finley Field
Robertsville, ND 01268",Port Rachel,miranda99@example.net,61644
371140,Joseph Cook,"Holder, Torres and Campos","3885 Edwards Curve Apt. 374
Molinaport, NE 18118",Robynstad,derek43@example.net,150408
371141,Maria Thomas,"Phillips, Hensley and Adams","74878 Mills Rapid
West Troymouth, CA 01679",Tylerhaven,iramsey@example.net,155133
371142,Debra Wilkinson,"Simpson, Perez and Valdez","430 Dillon Track
Jonesside, MT 97177",Brownport,jasonclayton@example.com,189989
371143,Dalton Butler,Allen-Krueger,"5547 Brown Circle Apt. 076
Parkerbury, IN 45956",Port Donna,wsherman@example.org,157630
371144,Brandon Watson,Kelley Inc,"2948 Steven Crossing
East Aprilfurt, VA 86528",Lake Cassandraview,jared50@example.com,157569
371145,Amanda Green,Torres Ltd,"223 Sherman Street Apt. 458
Wilsonhaven, TN 87497",Gravesberg,mitchellrebecca@example.com,168262
371146,Rachel Marshall,Price-Gilbert,"935 Roy Circles
Lake Julie, WY 71951",Justinland,ariel04@example.org,163259
371147,Nicholas Arroyo DDS,Sullivan-Kelley,"89655 Peter Square
Andreabury, TX 82413",Hensleyton,ryanchapman@example.org,134644
371148,Debra Mendoza MD,"Cruz, Goodwin and Sanchez","PSC 0349, Box 9285
APO AP 88288",West Mary,kbrown@example.net,147925
371149,Juan Blackwell,Maldonado Ltd,"977 Patterson Spur
Williamsfurt, WI 85544",Lake Joyce,heathersmith@example.com,121121
371150,Nicholas Zamora,Graham Ltd,"7101 Rodriguez Hill Suite 754
East Brianbury, CA 64594",Cynthiachester,ivanroberts@example.org,128606
371151,Jessica Robinson DVM,White-Peterson,"USCGC Herrera
FPO AA 01470",Port Cheyenne,ryanchristine@example.com,119977
371152,Gary Adams,"Diaz, Kramer and Russell","7177 Gray Row Suite 241
East Kellieburgh, MT 35760",Bennettborough,trujillojessica@example.com,70962
371153,Julie Adams,Jackson-Vega,"21898 Ricky Road Apt. 156
West Ginaborough, GA 76429",North Valeriemouth,dmartin@example.net,138190
371154,Mark Bray,King PLC,"432 Rodriguez Forks
Lake Donna, CT 39242",Lake Daniellehaven,ashleyedwards@example.org,87563
371155,Michael Howell,"Riley, Martinez and Vasquez","PSC 3166, Box 1252
APO AE 19178",Jamesmouth,jonathanedwards@example.org,99854
371156,Charles Barron,Allen Inc,"949 Garcia Orchard
East Marissa, WA 89399",Port Zachary,amberchang@example.net,132945
371157,Jaclyn Moore,Ross LLC,"28857 Goodwin Stravenue
Johnborough, AS 51610",Hernandezhaven,victor18@example.net,95416
371158,Leonard Cordova,"Banks, Taylor and Vasquez","061 Kathryn Inlet
West Mark, KS 82559",Port Kathleenborough,shelbyvaughn@example.net,67352
371159,Bryce Green,Serrano Inc,"95788 Ethan Mount
Olsontown, AR 28166",Schmidtberg,christophermontoya@example.org,150092
371160,Kimberly Johnson,"Reid, Gonzalez and Beltran","21201 Harris Fords Apt. 258
South Austin, MD 15280",West Andrea,desireerice@example.net,102064
371161,Kristen Carson,Brennan-West,"666 Ashley Ridges
Fowlershire, WI 47884",South Andrew,rebeccamullen@example.org,163289
371162,Kara Petersen,Simmons LLC,"53160 Tracy Forest
Matthewburgh, SD 90029",Port Ashley,johnny03@example.com,185778
371163,Joshua Moore,Becker-Rios,"48333 Joseph Garden
Taylorfort, TX 45053",Lake Heatherberg,heidifisher@example.com,67640
371164,Erika Weber,Ross and Sons,"8048 Eric Estate
East Kelseyside, OH 58477",Kaylaside,jasminmcdonald@example.com,133778
371165,Michael Jones,Russo-Booth,"306 Yvette Inlet
Williamburgh, UT 09701",Montesfort,sanderstammy@example.com,181716
371166,Nicholas Rodriguez,"James, Evans and Torres","584 Jones Fields Suite 459
Heidiland, MP 18169",Port Isaacport,jonathan34@example.com,130470
371167,William Garza,"Perez, Smith and Whitehead","631 Rebecca Wells
Parkburgh, NY 30058",Lake John,wolfjohn@example.org,158012
371168,Diane Perry,Wheeler Ltd,"09187 Robert Estate Suite 460
Kaisertown, GA 01768",West Kevin,raymond34@example.net,180965
371169,Kelly Smith,Washington-Carr,"3673 Lisa Circle Apt. 259
New Jessica, ID 60588",North Williamport,lewisjames@example.net,191571
371170,Christina Edwards,Evans-Miller,"6478 Jill Mount
Morganview, VA 95867",Lake Mark,eholmes@example.org,50890
371171,Brian Hernandez,Martinez-Soto,"2949 Cindy Ville
North Brenda, WY 17484",Lake Summer,robertjensen@example.org,153313
371172,Jacob Jacobson,"Gross, Morse and Ford","21083 Gary Mountains Suite 875
Fowlerstad, ME 55812",East Nancyburgh,brandonpope@example.net,53769
371173,Jonathan Hall,Miller-Mccormick,"0371 Hudson Overpass
Port Tanyaburgh, WV 62061",North Conniehaven,thomas76@example.org,93581
371174,Rachel Robinson,White-Flores,"4045 Perkins Divide
East Donaldside, MD 44596",New Amandaport,dross@example.org,158324
371175,Theresa Neal,"Kelly, Medina and Freeman","USCGC Tate
FPO AE 07046",North Kim,grahamelaine@example.org,62503
371176,Joshua Williams,Buck PLC,"Unit 1698 Box 1548
DPO AE 64063",Lake Shelby,alex15@example.org,120019
371177,Kyle Ward,Copeland-Jackson,"9946 Tucker Isle
Wagnermouth, MA 58576",Brownbury,sergiovargas@example.com,140571
371178,Michael Ward,"Washington, Thompson and Gonzalez","02865 Krista Underpass
New Megan, OK 79013",Raybury,lauramartinez@example.com,160439
371179,Rebecca Beasley,Summers-Colon,"84801 Jordan Skyway
West Thomasstad, OK 84956",Lake Jeanneview,llowe@example.org,177735
371180,Lisa Edwards DDS,"Miller, Brooks and Berry","487 Albert Corners
Port Coreyside, IA 71191",Kellyview,dylanlee@example.org,157248
371181,Olivia Nunez,Dorsey-Robinson,"USCGC Peterson
FPO AP 87527",East Terriport,wmorgan@example.net,102894
371182,Mark Stewart,"Mcclure, Marquez and Matthews","30012 Garner Ferry
Stephenmouth, FL 22702",East Amber,ibarrasteven@example.com,137166
371183,Rachel Mcfarland,Sexton Inc,"045 Jonathan Landing Suite 459
East Zachary, CA 77832",East Marvin,kyle69@example.com,171029
371184,William Jones,Schmidt-Robertson,"0525 Smith Plains
Sydneybury, IN 89383",Phillipshaven,suzannemcconnell@example.org,68286
371185,Dominic Ramsey,Lawrence-Jarvis,"PSC 6910, Box 2016
APO AP 19375",Fordstad,cannoneric@example.org,56429
371186,Emily Lewis,Bryant-Marshall,"643 Justin Mill
Chadton, IN 55909",Duranside,tiffany95@example.com,62722
371187,Sarah Dominguez,"Taylor, Sanchez and Hart","310 Williams Turnpike
New Christophermouth, ND 10736",Port Benjamin,qpope@example.net,62448
371188,Michele Armstrong,"Rivers, Nelson and Oconnor","1858 Kimberly Pines
New Frederickland, VT 72866",South Toddbury,lmurphy@example.org,64084
371189,Pamela Gonzalez,"Lee, Callahan and Martin","354 Anna Gateway
Skinnerview, MI 69229",West Bruce,hcook@example.net,181369
371190,George Lindsey,Fischer LLC,"USNV Ward
FPO AA 38962",North Jeffrey,linda19@example.net,92183
371191,John Gamble,"Mendoza, Allen and Morgan","2709 Michael Neck
New Karl, ID 92711",Port Carrie,julie07@example.org,147606
371192,Kevin Ferrell,Green PLC,"7814 Sanchez Rapids Suite 276
Brittanybury, AZ 88183",South Jenny,dmoon@example.com,165023
371193,Joshua Gutierrez,"Nguyen, Hernandez and Day","0276 Alexander Oval
Lindsayborough, IA 82320",Traceyfurt,mrichardson@example.com,183018
371194,Kathleen Weaver,Jones-Wood,"90695 Tina Place Apt. 050
Forbesberg, HI 77846",Port Samanthaland,mryan@example.org,76093
371195,Timothy Dunlap,"Grant, Shepherd and Gibson","29197 Gregory Throughway Apt. 068
South Mark, GU 05193",South Anna,dwatkins@example.net,105884
371196,Brittany Salazar,"Mora, Baker and Tran","20223 Mark Light
Juliestad, KS 98633",Lake Timothy,stevenflores@example.com,124218
371197,Jessica Webb,Gray-Mckinney,"2333 Tran Freeway Suite 358
Charleshaven, ME 89799",Finleyview,jameslee@example.net,125305
371198,Jordan Mckenzie,"Miranda, Mason and Williams","04178 Davis Mission
Port Lawrence, WV 43786",Nicoleberg,elizabeth96@example.com,105764
371199,Isaac Davis,Gonzalez Ltd,"04044 Brian Land Suite 445
West Amber, IL 82779",Baileymouth,samanthaowen@example.net,110356
371200,Sean Martinez,Hickman-Jennings,"0643 Craig Harbor
Port Elizabeth, NE 47062",North Rogerside,toddhernandez@example.com,155672
371201,Harold Zuniga,"Lee, Rodriguez and White","22984 Michael Ways
Robertschester, OH 06425",Amymouth,heather98@example.net,68479
371202,Andrea Mitchell,"Spencer, Francis and Carter","55794 Cory Fall Apt. 429
New Danielle, OK 22720",South Angela,drakeronald@example.com,151580
371203,April Cruz,Davis LLC,"658 Sarah Underpass Suite 592
East Stevenview, FL 66666",West Tammy,shannonking@example.net,98021
371204,Charles Perez,Herring-Gibson,"055 James Ports
Smithport, GU 74450",West Patrickton,samanthahenderson@example.net,124987
371205,Jerry Reynolds,Mills-Aguilar,"8856 Veronica Alley Apt. 060
New Nichole, CA 95760",Payneshire,tatejason@example.org,92534
371206,Tony Taylor,"Shaw, Freeman and Andrews","4561 Payne Creek