47",Port Heatherside,jamesjohnson@example.org,64997
402672,Kerry Wilson,Collins and Sons,"559 Herbert Ranch Suite 893
Walterschester, MI 77269",Martinberg,sarah95@example.net,194676
402673,Bradley Kelly,Williams Group,"025 Brock Hollow Suite 851
Villarrealmouth, MI 88834",Hallland,robertsangel@example.org,181694
402674,Karen Avery,"Nelson, Valdez and Bentley","80200 Zhang Hollow Apt. 946
New Sharonton, VT 35987",North Ronaldside,fclarke@example.net,97827
402675,Logan Foster,Gallagher Inc,"67659 Teresa Landing Suite 055
Ethanside, KS 46782",Gutierreztown,michelle87@example.net,103946
402676,Latasha Conrad,"Buck, Raymond and Rhodes","USNV Dudley
FPO AE 83765",Pattersonbury,marktorres@example.com,53504
402677,Ian Reed,Wilson Group,"PSC 3128, Box 4929
APO AP 46187",Lake Brookeshire,stevenhansen@example.net,105839
402678,David Vincent,Holloway-Miller,"2773 Williams Passage Apt. 769
South Timothyburgh, NH 87610",South Jessica,efarrell@example.com,158748
402679,Gerald Hall,"Wolfe, Cole and Hernandez","427 Andrews Trafficway Suite 303
Abigailmouth, KS 78958",Jaclynmouth,ronald50@example.org,124416
402680,Laurie Cooper,"Smith, Stevens and Wilcox","08527 Washington Parkway Apt. 027
Spencerton, NC 35161",Sydneyberg,jeremy75@example.net,149437
402681,Ronald Reyes,Mann Group,"9414 Perez Courts Suite 871
Cruztown, OR 87636",East Josephfurt,zmarquez@example.net,163973
402682,Nathaniel Matthews,Tran-Gonzalez,"599 Merritt Divide Suite 529
North Stephanieside, CT 94007",North Barbara,robert22@example.com,75747
402683,Patricia Oconnor,Brown-Fletcher,"PSC 5026, Box 7214
APO AA 14804",West Andrew,grayscott@example.org,68117
402684,Angela Clark,White Inc,"06389 Estes Mills Suite 266
South Stephenbury, IA 56648",Colemanmouth,vsmith@example.org,193376
402685,Patrick Johnson,Miles-Pierce,"652 Johnson Grove
Charlesbury, TX 13319",Lake Seanview,lewiscarrie@example.com,73602
402686,Nicole Jones,"Sullivan, Smith and Bernard","6172 Singleton Springs Suite 205
Deleonborough, UT 83587",North Katieville,russellcourtney@example.org,52467
402687,Victoria Vargas,"Thomas, Martin and Lawrence","3063 Willie Meadows
Lake Emily, AL 29998",Jeffreyside,nathanpetersen@example.org,118030
402688,Joshua Smith,"Fuentes, Schmidt and Douglas","Unit 5725 Box 6595
DPO AA 58540",West Ashleyberg,frobinson@example.org,109676
402689,Brittney Orr,"Boyd, Ramsey and Zimmerman","30275 Sanders Station
Kristinaville, TN 92909",New Brandonchester,lewismichelle@example.com,148230
402690,Jason Thornton,"Clark, Thomas and Mccann","9521 Johnston Drive
North Ashleystad, TN 14004",North Patrick,bauerjeffrey@example.com,75441
402691,Joseph Stevens,Brown-Anderson,"71488 Andrea Island Apt. 426
Thomaschester, AS 67812",Rogersshire,robertrichmond@example.com,136688
402692,Brittany Glover,"Lloyd, Ward and Harris","210 Destiny Street
Jessicachester, MN 31631",South Jeffrey,unash@example.org,97633
402693,Catherine Arias,Rodriguez Group,"049 Adam Junction
New Lindaville, MI 77977",New Timothy,diazlarry@example.net,50711
402694,Reginald Ellis,Nguyen-Jones,"465 Harvey Mission
West Nicholas, DE 56213",New Annaburgh,danielwest@example.com,111088
402695,Darlene Wood,"Ward, Reese and Barron","4251 Brianna Stravenue Apt. 623
Saramouth, GA 65088",Sherylstad,mitchellgabriela@example.org,191943
402696,Amanda Woods,Ayers and Sons,"62254 Catherine Falls Suite 383
West Michaelfort, CT 03108",South Hectorshire,vbrooks@example.com,128395
402697,Vickie Kline,Young-Sanchez,"90939 Mitchell Vista Apt. 402
South Tyler, MO 27758",Christinebury,slawson@example.com,156649
402698,Gary Guerra,Salazar Ltd,"USNV Kelly
FPO AA 07417",Lake Bobby,berryjimmy@example.com,170606
402699,Christopher Thomas,"Phillips, Scott and Wong","7399 Thomas Freeway Apt. 383
Katherinefort, MA 70270",South Michael,jasonrosales@example.org,179053
402700,Daniel Olson,"Miller, Richmond and Miller","3980 Kimberly Freeway Suite 550
Maxtown, KY 09439",South Michelleborough,nicholas09@example.com,160044
402701,James Estrada,Nguyen-Roberson,"0228 Jason Run Suite 070
West Victoria, DC 26536",West Cynthiahaven,wanda57@example.com,197189
402702,Richard Watson,Holland-Fisher,"3799 Lyons Brook Apt. 385
Katherineside, VI 04969",Port Victoria,carlos65@example.org,168560
402703,Shannon Diaz,"Lawrence, Parker and Jacobs","41529 Collin Manor
Port Sophia, VI 69179",New Gwendolynchester,batesjeremy@example.org,176741
402704,Karen Greene,Ellis Ltd,"04711 Brown Viaduct
Hubbardview, CO 76453",Ericbury,craig48@example.org,94359
402705,Manuel Ryan,Phillips Group,"920 Richard Curve Suite 465
New Michaelfurt, DC 82791",Sabrinashire,umack@example.com,154148
402706,Heather Juarez,Miller LLC,"52087 Weber Bridge Suite 822
Antonioland, CT 81157",Jocelynview,bellashley@example.com,140937
402707,Marcus Hunt,King and Sons,"8372 Miller Walk Apt. 544
Lynnhaven, MP 96903",West Laurabury,aaronrobinson@example.com,173688
402708,Bryce Dillon,"Elliott, Raymond and Navarro","64482 Heidi Rapids
Kleinhaven, PA 67827",North Charlesfort,timothy00@example.net,164479
402709,Crystal Hayes,"Rodriguez, Pace and Kane","8529 Abigail Mall Suite 552
Mannville, CA 74616",Tinaville,crossjose@example.org,114536
402710,Billy Nelson,"Cook, Medina and Johnson","393 Derrick Throughway Suite 891
South Colleen, HI 24806",Wallsmouth,pereztiffany@example.com,54122
402711,Alexa Gilbert,"Patterson, Baldwin and Morris","178 Valerie Motorway
Lake Anne, NC 64609",Christopherborough,logan04@example.com,58614
402712,Eric Reynolds,"Alvarado, Taylor and Montes","91807 Kevin Heights Apt. 398
Lake Michelleborough, CO 06879",Lake Stephanie,baileycharles@example.net,126129
402713,Alexandra Becker,"Keller, Miller and Obrien","71735 Jessica Cliffs
New Mark, WY 75513",Brewerton,grantamy@example.com,66742
402714,Tara Baldwin,"Hayes, Armstrong and Kim","4752 Durham Terrace
Mayhaven, DE 08706",North Jason,oliviabell@example.com,77047
402715,Sara Castillo,Cole Inc,"730 Bowman Cape
North Andrewstad, FL 22005",Gibsonshire,ramoskimberly@example.org,144423
402716,Kathy Evans,White Ltd,"70717 Berry Terrace
Acostashire, ID 28746",West Daniel,andrea23@example.org,165455
402717,Matthew Jackson,Coleman-Reed,"82577 Hughes Ridge Apt. 671
Westton, AR 88027",West Rebeccaton,steve95@example.net,194503
402718,Michael Schmidt,"Clarke, Carter and Schultz","PSC 6879, Box 2055
APO AE 52758",Smithview,ghowell@example.net,126677
402719,Brittany Parker,"Ramirez, Walker and Jones","560 Angela Center Apt. 219
Deckerport, GA 24765",East Juanhaven,benjamin42@example.com,126772
402720,Claudia Bradley,Bartlett LLC,"7435 Rodriguez Village Apt. 147
Townsendhaven, CT 78519",North Robert,diamond16@example.net,134044
402721,Amanda Reyes,Nicholson-Curtis,"05236 Angela Way
Caseyberg, UT 37634",Lopezburgh,lindasmith@example.net,69022
402722,Jeffrey Smith,"Bowman, Bennett and Reid","974 Castro Canyon Suite 595
North Timothy, FL 72578",Cameronland,carrie60@example.net,179696
402723,Daniel Sims,Huynh-Adams,"360 Rebecca Prairie
Michaelburgh, TN 87882",East Aprilmouth,ewheeler@example.com,156111
402724,Aaron Bryant,Cobb-Harrington,"8870 Lisa Alley
Frenchtown, NE 52813",Christopherside,joseph78@example.com,102452
402725,Ricky Hunter,Mitchell and Sons,"894 Andrew Summit
Dunnton, IL 55710",North Kimberlymouth,teresa91@example.net,182317
402726,Ryan Hatfield DVM,"Walsh, Simmons and Roach","9828 Thomas Tunnel Apt. 249
Obrienhaven, FM 35984",Hartport,robert67@example.org,119771
402727,Regina Moyer,"Mcbride, Ross and Watts","33750 Kenneth Neck
Brianview, KS 24794",Alanmouth,randalljohn@example.com,126859
402728,Andrea Erickson,Martinez Group,"0676 Elizabeth Bypass Suite 273
Palmerfort, TX 50633",Lake Jennifer,bjarvis@example.org,190375
402729,Laura Contreras,"Le, Thomas and Griffith","872 Perez Alley Apt. 069
Hernandezhaven, WA 42342",North Kent,daniel43@example.org,81026
402730,Eric Clark,Jenkins LLC,"95410 Kirby Creek Apt. 226
East Janice, MP 98184",Heatherfurt,fcox@example.net,123470
402731,Laura Davis,"Payne, Butler and Garcia","90239 Mark Ridge Apt. 794
Curtiston, ID 08004",East Brady,kaiserbrenda@example.org,111516
402732,Jaclyn Rodriguez,"Smith, Ware and Williams","081 Stone Valley Apt. 742
Toddborough, PR 77776",South Matthew,john00@example.net,130789
402733,Mitchell Thomas,"White, King and Monroe","4444 Mary Glen
South Gloria, MO 01739",Edwardsbury,eric04@example.com,105349
402734,Laura Rodriguez,Richards-Barnes,"430 Joseph Junctions
Bateschester, RI 68309",East Kim,tammyhernandez@example.org,191302
402735,Richard Curry,Maddox PLC,"874 Clark Station Suite 355
Katherineview, MP 80732",New Cynthiahaven,duncanemily@example.org,124762
402736,Samantha Cook,Watts-Lee,"3833 Julie Gateway Apt. 847
South Nathan, PA 93120",Latashabury,matthew40@example.com,150614
402737,Patricia Hudson,"Richard, Nicholson and Lee","99969 Mccarthy Fords
North Amandachester, VT 33206",Jessicachester,jonathanmaxwell@example.com,85805
402738,Christina Johnson,Perez-Huang,"187 Kelsey Isle
New Michelleport, AK 10320",Moyerbury,ereeves@example.com,119899
402739,Chelsea Camacho,"Burch, Munoz and Dickerson","185 Andrew Lodge Suite 559
Lake Seth, AS 37326",New Ashleyfurt,cyoder@example.org,103346
402740,Mary Kramer,Moore Inc,"USNS Sanford
FPO AE 91219",Barbaraburgh,kwatson@example.net,104865
402741,Victor Ryan,York-Decker,"78781 Melinda Walks
West Michael, NE 60890",Clementsbury,jsmith@example.net,97916
402742,Jessica Scott,"Olson, Mitchell and Dean","256 Villa Viaduct
Jeromeburgh, WI 20402",Kellyton,annetteshaw@example.org,90909
402743,Regina Taylor,"Best, Terrell and Ross","6907 Cole Land Suite 829
Hillland, TN 33298",Jimenezfort,phillipjones@example.com,151781
402744,Teresa Ramos,Cooper PLC,"57361 Hernandez Plains
East Joshuaport, AR 74981",North Yolandabury,hansonbrittany@example.org,120577
402745,Lindsay Carter,Bell and Sons,"2417 Young Stravenue
Taraborough, TX 99325",Wolfeland,davisjesus@example.net,122623
402746,Debra Osborne,Thomas-Weiss,"73610 Villarreal Radial Suite 215
Jennifershire, MP 73618",East Kaitlyn,clinton62@example.com,123383
402747,Aimee Rodriguez,Osborne-Hunt,"063 Teresa Square
South Joshualand, CA 67356",North Scottport,vturner@example.com,84129
402748,Michael Davis II,Moore-Ford,"7036 Stewart Ford Suite 813
South William, UT 93170",Meaganport,seansutton@example.com,161452
402749,Amy Frazier,Braun Group,"810 Strong Branch
South Michaelfort, MT 83433",Martinezberg,scarter@example.com,107733
402750,Theresa Jordan,Hodge LLC,"77796 Kirby Loaf
Huntshire, AZ 45296",Port Jose,csmith@example.com,185437
402751,Sherri Webb,Anderson and Sons,"886 Bowman Valley
Foxhaven, MO 71031",East Wendy,davidhernandez@example.org,94957
402752,Frank Webster,Donaldson Group,"34124 Day Fort Apt. 856
West Jack, DC 54679",New Kellyshire,salinaskevin@example.net,94109
402753,Louis Dillon,King and Sons,"4220 Jones Crescent
Carterstad, MH 33139",Haroldtown,mharrison@example.com,159603
402754,Manuel Ingram,"Martinez, Farmer and Williams","USCGC Smith
FPO AE 84826",New Hailey,gmartinez@example.org,54364
402755,Erika Robertson,Bauer-Smith,"USS Velazquez
FPO AE 14517",Vazquezton,tyates@example.com,138468
402756,Kyle Howell,Roberts-Banks,"4902 Brian Vista Apt. 759
Jessicamouth, OK 27316",New Chrisbury,brownmadison@example.com,157043
402757,Laura Newman,Clark-Hanson,"25503 Paul Vista
North Jesus, PW 63976",South Wesley,sandersmichael@example.com,87197
402758,Mary Parker,"Walsh, Murray and Thompson","9745 Ruiz Ferry
New Kenneth, NY 91639",Lake Staceyview,kayla58@example.net,144420
402759,Peter Bruce,"Mendoza, Hernandez and Munoz","178 Jessica Point Suite 574
North Lisaview, TX 07725",North Kayla,xwilliams@example.net,75243
402760,Thomas Wright,Mills-Dixon,"9535 Robert Hills
New Kimberlyport, IL 04437",South James,shanenelson@example.net,80420
402761,Jacob Shelton,Sullivan-Parrish,"PSC 0927, Box 4134
APO AA 00577",Blevinsshire,jgarcia@example.com,183493
402762,Robert Miller,Patterson PLC,"73067 Gwendolyn Well
West Kristopherfurt, MA 30578",Timothyberg,mark38@example.net,176261
402763,Jessica Jordan,Bradford-Lewis,"Unit 5956 Box 5665
DPO AP 50220",Lake Thomasberg,tcox@example.org,105030
402764,Darrell Roth,"Henry, Morris and Thomas","PSC 2234, Box 9186
APO AP 22636",West Jay,elizabethwhite@example.com,103087
402765,Nicolas Schroeder,Bullock Group,"PSC 1839, Box 5438
APO AP 26446",Vanessaport,evansbrian@example.org,195000
402766,Jeremiah Phillips,Hall-Howard,"Unit 8005 Box 8483
DPO AP 88888",Katherinebury,hhall@example.org,104145
402767,Bryan Rogers,Nguyen Inc,"5189 Cruz Plaza Apt. 262
Gardnerport, NY 44026",East Carl,jonathonrogers@example.com,176048
402768,Robin Gutierrez,White-Rivera,"USCGC Koch
FPO AP 41284",Robinsonview,lindagallagher@example.net,95157
402769,Edward Young,Vasquez-Harmon,"475 Danielle Shoals
Sarahshire, MO 06243",New Katherinemouth,varnold@example.net,70592
402770,Kristy Moreno,Villanueva-Andrews,"833 Monroe Mission
East Elizabeth, MT 80047",North Michellefurt,ubarnes@example.org,106118
402771,Nichole Zuniga,Morrow Group,"77534 Brianna Dale
Randystad, DC 16257",Richardview,joshuasaunders@example.net,125706
402772,Robert Carter,Martinez-Padilla,"13998 Erika Lodge Apt. 139
Michaelbury, MP 15355",Andersonfort,catherine67@example.com,76363
402773,Jamie Lang,Thomas-Peters,"07250 Joy Valley
Valdezside, MA 38147",Kristenton,john37@example.com,130965
402774,Richard Thornton,"Carpenter, Gardner and Mccarthy","51275 Erica Mountains Apt. 970
Jonathanside, PR 88194",Charlesfort,thomasadams@example.net,60817
402775,Amber Cox,Martin-Perez,"989 Lynn Mountains Suite 319
Reesemouth, GU 11018",North Tara,wrightmichael@example.com,52881
402776,Mr. Allen Nelson,Mcclain Ltd,"1112 Harrell Villages
New Daniel, TX 17324",North Nicole,smorales@example.com,97853
402777,Clayton Bruce,Estrada and Sons,"485 Phillips Lock Suite 656
Lake Stacychester, PA 28392",Andrealand,stevenmorgan@example.net,199043
402778,Mrs. Hannah Guerra PhD,Price Group,"68672 Huff Highway
Dustinshire, VA 19716",Brentburgh,ucolon@example.org,164170
402779,Mrs. Vanessa Ho,Patton-Lewis,"0737 Emily Stream
Mullinsmouth, MI 37085",New Andrew,ichambers@example.net,199526
402780,Suzanne Garcia,"Perry, Sullivan and Marshall","36625 Allen Crossing Suite 761
Smithborough, WY 23369",New Stephenmouth,jon68@example.com,126828
402781,Kurt Nguyen,"White, Nichols and Cole","USNS Lawrence
FPO AA 91937",Davidmouth,madeline44@example.org,157471
402782,Pamela Thomas,Mcmahon and Sons,"95520 Mikayla Hill
Yatesfort, AK 92642",Perryburgh,ablair@example.org,134150
402783,Amanda Taylor,"Smith, Mcdonald and Hansen","2791 Jacob Centers Suite 603
Port Michael, NJ 46433",Charleneside,theresa23@example.net,193274
402784,Hannah Andersen,Townsend LLC,"8509 Hampton Harbor
Timothyville, WA 55414",Lake Elizabethview,zgarcia@example.com,163042
402785,Matthew Escobar,"David, Alexander and Shelton","26379 Smith Street
Morrisburgh, AZ 22206",Richardhaven,tsantos@example.com,171037
402786,Patrick Yoder,"Gordon, James and Liu","7451 Joshua Village Suite 124
Hallchester, DC 22867",West Diana,nicholssamantha@example.net,88693
402787,Gabrielle Bruce,Chase Group,"108 Dean Field Suite 814
Lindseyshire, NH 69244",North Tyler,michaelgriffin@example.com,181939
402788,Jennifer Medina,"Thompson, Thompson and Hill","43205 King Grove
West Zoeborough, MT 72620",Mcclainstad,blakejensen@example.org,162514
402789,Jamie Smith,Miller-Bennett,"921 Lisa Ranch
Port Mitchellberg, SD 89666",Lake Timtown,ghunt@example.com,97196
402790,Marie Wright,Carey Inc,"961 Jerry Plains
South Kylemouth, MT 30995",New Daniel,qramirez@example.org,86675
402791,Kimberly Giles,"Shields, Lloyd and Brown","824 Jordan Ports
New Tinamouth, NV 97034",West Samanthahaven,nicholas58@example.com,160644
402792,Steve Thompson,Lopez PLC,"9662 Patel Fort Apt. 809
Bowenfurt, IL 97946",Jenniferberg,sarah86@example.org,184879
402793,Tina Gordon,"Ware, Jones and Salazar","83643 Pamela Stravenue Apt. 324
New Andreamouth, GU 09237",Lake Victormouth,eric89@example.org,173975
402794,Nathan Walker,Moore-Strong,"58359 Jackson Mount Suite 886
Christopherfurt, FL 12995",Dawnburgh,sabrina95@example.net,62593
402795,Alec Webb,Flores-Gilbert,"228 Jason Spring Apt. 752
West Susanport, NY 24590",West Gina,heather10@example.net,154129
402796,Christopher Guerrero,Townsend-Green,"63708 Graves Turnpike
Franklinside, LA 59584",Kristinatown,audrey93@example.net,57171
402797,Teresa Young,"Barnes, Mye