erg,stephanie94@example.net,144395
311435,Stephen Shaffer,Parker Inc,"12716 Hayes Lakes
Andrewmouth, NC 07923",Port Tanyaport,waderichard@example.com,75559
311436,Jordan Lopez,Morrison Group,"77304 Lopez Plaza
North David, NH 96716",Patrickport,leeangela@example.org,123552
311437,James Simon,Lewis-Valdez,"PSC 7035, Box 4642
APO AA 28909",Glennbury,steven05@example.net,167789
311438,Krista Stewart,Powell-Jacobson,"098 Mejia Highway
East Jessica, DE 31402",Emilystad,steven14@example.net,88055
311439,Matthew Gilmore,"Kelley, Davis and Evans","PSC 0998, Box 9875
APO AP 99895",New Christopher,gary38@example.net,87782
311440,Pamela Velez,Green Ltd,"USNS Smith
FPO AE 08229",Christinabury,barneseugene@example.com,67489
311441,Shawna Boyd,"Lara, Bishop and Erickson","PSC 9130, Box 4155
APO AP 17684",Jodyfort,blackmelissa@example.net,87412
311442,Amanda Watson,"Peterson, King and Spears","45650 Paula Prairie Suite 917
Kathyland, MA 76047",New Kevinfurt,mark96@example.com,98247
311443,Angelica Little,Wright-Martinez,"7838 Larry Landing Suite 257
West Tara, GA 92234",East Nicholasland,michaelhall@example.com,197854
311444,Barbara Perry,Thompson-Hicks,"636 Collins Brook
Jensenfort, MO 87990",Gloverside,briangray@example.com,115624
311445,Victoria Acosta,Boyd-Hall,"33581 Kristen Summit
Haileymouth, VA 93878",Paulberg,wendyward@example.com,180939
311446,Thomas Barron,Hill Inc,"50205 Calhoun Motorway Apt. 280
South Reneeport, TX 30007",Davisside,staceyhudson@example.net,86614
311447,Jeffrey Montes,"Ortiz, Gordon and Payne","007 Rachel Mountains Suite 517
South Michelemouth, WI 31396",South Troy,cameron40@example.net,58643
311448,Joel Martin,"Thomas, Nichols and Wallace","1735 Hill River Apt. 774
Lake Charles, NE 52893",South Jason,kbauer@example.net,77262
311449,Kerry James,Conner-Erickson,"1905 Katie Freeway
Gilesport, VI 28785",South Carolyn,greenjeffrey@example.com,87581
311450,Linda Fields,Combs-Buchanan,"USNS Lopez
FPO AA 32845",North Angelamouth,hwilson@example.net,93286
311451,Jill Marks,Anderson and Sons,"516 Mathews Rue
Port Jonathan, ID 12802",Port Yvonne,murphygabrielle@example.net,62783
311452,Erica Weiss,Harrington-Newton,"6017 Cherry Groves Apt. 001
South Rebeccaland, MI 60484",Christinebury,roberto08@example.com,157957
311453,Janet Gates,"Lopez, Morgan and Dickerson","99921 Clark Gateway Suite 684
Jenniferchester, MP 57067",North Travismouth,reyeschristopher@example.com,193751
311454,Mr. Lance Edwards,Powell LLC,"864 Pearson Avenue
Alexisport, MP 93177",North Kelsey,dmooney@example.com,52139
311455,Eric Gonzalez,"Jones, Norton and Mclean","1746 Jones Parks Suite 339
Patrickmouth, MH 38922",Michaelbury,michael46@example.com,178518
311456,Paul Williams,"Guerrero, Schwartz and Cooke","7033 Paul Motorway Apt. 656
Christianberg, MD 44876",North Haleymouth,acook@example.net,137366
311457,John Arellano,Martinez and Sons,"90775 Cook Spurs
Port Josephville, WI 43345",Robertshire,eric92@example.org,143280
311458,Mary Barrett,Sims and Sons,"0403 Leah Hollow
West Joseph, PR 79797",Petersenborough,ustark@example.org,120921
311459,Beth Sosa,Bell-Jackson,"Unit 0505 Box 0258
DPO AE 72175",Martinezborough,jamiereeves@example.com,53495
311460,David Sanders,"Osborn, Sosa and Carey","913 Carmen Burgs
Ronaldshire, MT 09100",New Shelly,davidgarcia@example.com,115385
311461,Joseph Tyler,Hughes-Perry,"4595 Gregory Valleys Suite 574
New Rachelberg, MT 94431",New Stephanieborough,daniellewalter@example.org,96980
311462,Paul Torres,Schmitt-White,"48388 John Route Apt. 091
Port Dennis, NC 78398",Jamesborough,sharonalexander@example.org,107192
311463,James Jones,Tate-Decker,"4340 Brandon Knolls Suite 608
East Hollyside, VI 83884",South Hannah,stanley01@example.net,85715
311464,Emily Hernandez,Jimenez Ltd,"6328 Alvarez Highway
Micheleview, DC 02623",Traciestad,romerojames@example.com,173190
311465,Shane Adams,"Smith, Adams and Santos","1121 Jason Locks
Jessicaland, MA 84384",Sanderschester,robertsdiana@example.org,169297
311466,Summer Jackson,"Fletcher, Harris and Romero","462 David Brook
West Brian, AR 01977",West Molly,dshelton@example.org,155122
311467,Kenneth Black,Nelson PLC,"USCGC Love
FPO AP 71103",Port Michelleborough,kevin69@example.net,54647
311468,Jean Morris,Tucker Inc,"4176 Valerie Ranch
South Allisonbury, NM 60151",West Brett,megan88@example.net,147163
311469,Jeffrey Huff,Craig PLC,"Unit 7024 Box 5023
DPO AP 56403",North Gregory,wattslaurie@example.net,74281
311470,Sandra Santiago,Lester-Rangel,"960 Ann Pine
East Theresamouth, DE 29689",Melindaland,sancheztheresa@example.org,168663
311471,Dr. Kristy Smith,Weaver Inc,"73521 Davidson Glen
East Peter, MP 28962",West Markburgh,alexiscook@example.org,72727
311472,Doris Martinez,"Shelton, Williams and Williams","96095 Virginia Dale Apt. 254
Lake Emily, MN 71606",Henrymouth,gsanchez@example.com,112722
311473,Tina Cline,Nelson Ltd,"PSC 0361, Box 6888
APO AE 04073",South Mike,sharonbryant@example.org,174279
311474,Carolyn Decker,Young-Lucas,"PSC 2024, Box 9789
APO AA 57019",New Josephfurt,cmartin@example.org,108550
311475,Darryl Dunn,Thomas and Sons,"915 Laura Locks Apt. 342
East Kevinberg, WY 10946",Lauraland,charlesbates@example.net,147534
311476,Christopher Adams,Turner-Ray,"Unit 5091 Box 6734
DPO AP 14637",Grayport,briandelgado@example.net,58711
311477,Marissa Dawson,Rivera Group,"983 Shaw Keys Apt. 725
Andreside, PW 40566",North Stacy,jacobbarnes@example.org,82082
311478,Vincent Gillespie,Hinton LLC,"9098 Sarah Valleys Suite 137
Lake Robertville, CO 21187",New Lisaview,lbarrera@example.org,80988
311479,Morgan Smith,Morgan-Kennedy,"77408 Catherine Corners Apt. 787
South Suzanneview, AL 70666",Robinsonton,jason51@example.net,133207
311480,Frances Floyd,"Walker, Rios and Roman","0198 Green Villages Suite 111
Phillipsburgh, OR 75926",Yvonnestad,washingtonlarry@example.net,134175
311481,Amanda Jones,"Anderson, Greer and Bates","7637 Martinez Run
South Sandratown, MH 93422",New Ericbury,kennethrios@example.net,113104
311482,Amy Sherman,"Hill, Johnson and Garcia","Unit 0787 Box 5468
DPO AA 80879",Harringtonchester,charlotterodriguez@example.net,89719
311483,Cheyenne Morales,Galvan-Fisher,"77267 Rodriguez Oval Apt. 737
South Brianna, NM 27262",South Michaelside,villanuevamariah@example.net,93096
311484,James Watson,Williams Group,"0046 Logan Hollow Suite 713
New Jacobville, MD 66975",South Tinafort,ruiznicole@example.net,56525
311485,Anthony Reeves Jr.,"Johnson, Clark and Wilson","72574 Edwards Track
Susanmouth, PR 28615",Port Jesseland,heather10@example.net,84057
311486,Lawrence Patterson,Robbins Inc,"PSC 7416, Box 3464
APO AA 28277",New Brandon,danieltownsend@example.com,147110
311487,Andrew Day,Green-Brooks,"712 Schmidt Mountain
West Erin, CT 85886",Kelseystad,cody62@example.com,145440
311488,Kristen Logan,"Warner, Moreno and Santiago","6753 Lisa Manor Apt. 599
Wallacemouth, MN 94043",Thomaston,oallen@example.org,108165
311489,Aaron Cooper,"Taylor, Mccarthy and Gray","0741 Michael Divide
Dianehaven, MO 19813",East Stephanie,bryantjoshua@example.com,179132
311490,Christian Johnson,"Day, James and Blackwell","00744 Andrew Locks
South Thomas, HI 07867",Lake Blakeville,stacyporter@example.net,144030
311491,Laura Mcintyre,Hopkins PLC,"PSC 0322, Box 6027
APO AE 99746",Lake Kristinamouth,tina13@example.net,198392
311492,Adam Stevenson,"Lowe, Rose and Johnson","88428 Armstrong Wall Suite 184
South David, OR 58813",Laurenhaven,crystaljensen@example.net,138138
311493,Brittany Powell,Howell LLC,"Unit 6797 Box 5560
DPO AE 66756",Bryceborough,ramossharon@example.net,53858
311494,Neil Hunt,"Baker, Smith and Becker","PSC 5209, Box 6458
APO AE 62894",New Jacob,hmarshall@example.net,171192
311495,Eric Hall,Buchanan-Hobbs,"418 Johns Stravenue Suite 825
Kleinshire, VI 25443",South Isabellaview,meredithhenderson@example.com,64639
311496,Michael Lewis,Webster-Waller,"281 Logan Divide Apt. 851
Port Sarahshire, FL 20225",Richardsland,veronica70@example.net,192760
311497,Chad Manning,Burns-Taylor,"Unit 7660 Box 4165
DPO AE 70515",West Peterbury,kellyburns@example.org,119501
311498,Steven Flynn,Bass Ltd,"915 Carlson Ville Suite 279
Johnsonhaven, MH 30684",Port Ashley,parkerjerry@example.com,124126
311499,Kenneth Burton,Meyer PLC,"94328 Michelle Inlet
North Kristie, PR 05104",New Cynthia,nsmith@example.net,169423
311500,Mark Costa,Woods LLC,"15160 Susan Branch Apt. 457
North Christophertown, MT 65283",New Derrick,benjaminmcdowell@example.net,60038
311501,Susan Herman,Johnson-Young,"40459 Mathis Mountains Apt. 656
New Kristishire, IN 76458",Johnsontown,hmann@example.net,107561
311502,Donna Frey,"Miller, Owens and Mcdonald","138 Wilson Loaf Suite 437
Port Jessica, WY 26631",Stephenfurt,samuelpatterson@example.com,93478
311503,Kyle Miller,Rodriguez-Shaffer,"81679 Smith Light Apt. 862
South Jacqueline, AR 25501",Luceroland,nancy16@example.com,59053
311504,Madison Miller,Cervantes-Morales,"53285 Mann Forge
Lake Julietown, PW 65834",Paultown,longrobin@example.net,58693
311505,Wayne King,Hunt PLC,"9984 Donna Plaza
North Jonathanborough, WY 13364",Lake Michael,vbraun@example.net,56636
311506,Gary Cruz,West-Lopez,"6855 Kim Ports Apt. 918
Schneidertown, OR 12521",Spencerchester,andrew22@example.org,122666
311507,Stefanie Rowe,Johnson-Chen,"218 Rodgers Spur Suite 252
Doylebury, CA 22223",Nicholasburgh,christianwood@example.net,80107
311508,Terri Snyder,"Diaz, Burgess and Myers","6142 Rodriguez Walk Suite 357
Jessicabury, VI 78993",New Joshua,hatkins@example.org,101310
311509,Mark Cuevas,Friedman Ltd,"833 Eric Pike Apt. 736
Glennshire, MO 20352",Brianstad,andreathornton@example.net,196341
311510,Christopher Gray,Perez Inc,"73874 Barnes Trace
Torreston, WI 44492",Port Meaganland,maryjimenez@example.com,57998
311511,Michael Salinas,Smith-Charles,"213 Mccoy Radial
North Jacobfurt, NC 85292",New Kathy,dhayes@example.net,118883
311512,Kenneth Kramer,"Hanson, Jones and Mata","Unit 0416 Box 5685
DPO AA 87424",Harperhaven,phall@example.net,139135
311513,Edward Watson,Shannon and Sons,"432 Heather Mountains Suite 893
Sarahfurt, NM 57478",Riveraville,millerhunter@example.net,139209
311514,Zachary Deleon,Bates-Oconnell,"0315 Bates Valleys
Port Kennethville, NY 98286",New Katie,daniellegutierrez@example.com,139836
311515,Nancy Neal,Thomas PLC,"069 Tina Forges Apt. 535
Port Laura, VA 45543",Timothymouth,rrodriguez@example.org,81786
311516,Amanda Rios,Harris-Hartman,"938 Brittney Run
New Judymouth, CO 79156",Elizabethbury,jasonrangel@example.com,170793
311517,Natasha Smith,Rodriguez LLC,"310 Bradley Well Suite 735
Mcdonaldville, MS 05898",Seanside,hhawkins@example.com,190259
311518,Amanda Stevenson,Hernandez Ltd,"57129 John Ways Apt. 248
Amandaburgh, SC 72166",Cynthiafort,vanessa97@example.com,64223
311519,Erin Cross,Gardner Inc,"9323 Ashlee Neck
New Lisa, ID 49328",Starkberg,nancysmith@example.org,100034
311520,Brittany Bright,Mitchell-Rollins,"1857 Douglas Extensions Apt. 192
Molinaton, SC 96799",South Steven,mcfarlandshaun@example.net,125105
311521,Danielle Hall,Dixon-Fields,"3367 Brian Hollow
Christopherchester, UT 67067",West Duane,alexanderjohnson@example.com,99787
311522,Dawn Stephens,"Buckley, Stanley and Martin","1250 Tracy Grove
Millsburgh, SD 07045",East Kendra,shannon08@example.com,106317
311523,Sharon Choi,"Gardner, Smith and Cunningham","883 Franco Row Suite 753
West Christine, OR 41373",Lake Davidside,lynn93@example.com,111931
311524,Jessica Sims,Lowe-Miller,"0756 Timothy Ways
North Jason, SC 01667",Peterstad,josephhenry@example.com,59262
311525,Matthew Pena,"Conway, Johnson and Clarke","7033 Samantha Flats Apt. 493
New Charles, DC 37022",Bennettmouth,morganwayne@example.net,138589
311526,Leah Williams,Wyatt PLC,"60677 Daniels Overpass Apt. 836
Freemanview, MS 95038",Clarkstad,gailrobinson@example.net,74630
311527,Katherine Howe,"Fuller, Estes and Ford","027 Daniel Light
New Christopherland, MI 71945",West Jacob,cmejia@example.net,84809
311528,Ariel Campos,Mitchell-Day,"130 Carrillo Valleys Apt. 516
Kellymouth, FL 96399",Edwardland,michael61@example.com,111387
311529,Jeffrey Roman,Randolph-Moore,"54527 Peter Spur Apt. 772
Wolfeton, GU 93721",North Jennifer,sarah93@example.net,161286
311530,Heidi Howell,"Gardner, Montgomery and Jimenez","Unit 2432 Box 2391
DPO AE 38526",North Kylefort,whitetrevor@example.com,183884
311531,Craig Riley,"Walsh, King and Lewis","30768 Alex Locks Suite 645
Micheleshire, NV 86370",New Timothymouth,ctaylor@example.org,156259
311532,Monica Sharp,"Davis, Webb and Evans","92353 Lisa Port Apt. 524
Caitlintown, MA 18956",Hayesburgh,darlene95@example.org,177774
311533,Eric Cantu,"Blankenship, Davis and Kirby","5966 Mendoza Pass
Morseshire, LA 55437",New Scottmouth,abigail12@example.net,92203
311534,Kelly Miller,Green LLC,"98804 Jeremy Falls Apt. 881
Petersonbury, KY 46603",Christopherview,kwhitaker@example.org,88766
311535,John Green,Johns-Kelly,"72158 Brandi Light
Ronaldton, PR 84968",West Brookemouth,christophernguyen@example.org,158512
311536,Adam Mahoney,Walker-Ramirez,"911 Karen Park Suite 909
Jonesborough, ME 32664",South Robertborough,lindadavidson@example.net,73683
311537,Charles Mcdaniel,"Thomas, Beard and Rivas","67997 Chen Lights Apt. 899
West Dennisfort, NJ 50987",Carlsonshire,robertocochran@example.net,116354
311538,Brenda Jackson,Cohen-Robertson,"551 Cross Knoll Suite 510
Edwardsstad, MT 33147",South Williamchester,eric56@example.net,90202
311539,Micheal Wright,Thomas Group,"45581 Abbott Path
South Kyle, MD 26802",Waltershaven,ywilson@example.com,170978
311540,Jordan Stokes,"Williams, Diaz and Miller","775 Lisa Ville Suite 613
Port Johnland, MH 60709",Ruizfurt,wbartlett@example.org,152224
311541,Timothy Hill,Michael LLC,"USNS Malone
FPO AA 58072",Lake Tonyabury,cherylhumphrey@example.net,125188
311542,Brianna Gallegos,Wagner Group,"USNV Smith
FPO AE 20042",Davidberg,wesleycollier@example.org,176957
311543,Lisa Martinez,"Wolf, Grimes and Harper","0190 Roberts Ranch Apt. 002
Rachelfort, IL 44790",Gonzalezchester,tiffany58@example.net,198928
311544,Lori Smith,Thompson Ltd,"1231 Harris Knolls Suite 894
Kellyside, AS 37185",New Debra,mitchellanna@example.org,136043
311545,Joseph Vega,Ramos-Hunt,"6739 Huang Village
Smithshire, NM 25967",Harrismouth,jessicabender@example.com,77074
311546,Dawn Oliver,Jones and Sons,"PSC 7974, Box 9401
APO AP 67420",New David,michaelparrish@example.net,97264
311547,Michael Ruiz,Vega PLC,"63154 Jamie Courts
New Jerome, WY 63502",West Bradleyfurt,forr@example.org,118731
311548,Peter Jackson,Harris-Miles,"25560 Simmons Road
New Jonathan, NH 90394",North Donnaport,snyderbrent@example.org,121448
311549,James James,"Hamilton, Sanders and Cortez","1484 Glenn Bypass
Lake Michael, NC 47668",Lake Ashley,michelle25@example.com,101309
311550,Peter Daniels,Hunter Ltd,"4889 Ramirez Islands Suite 168
West Regina, KY 56178",South Jennifer,samantha14@example.com,73197
311551,Michael Smith,"Pitts, Martin and Sanchez","98131 Sherry Glens
Lake Gailton, WI 89746",East Thomas,kimgregory@example.net,113286
311552,Mason Bennett,Henderson Inc,"775 Elizabeth Terrace
Delgadofort, MD 79809",West Lydiatown,anthony79@example.net,113493
311553,Kristin Martinez,"Gonzalez, Mccarthy and Robinson","48266 Vasquez Passage Apt. 326
Martinfort, PW 22799",Lake Teresa,matthew08@example.net,91595
311554,Sarah Pierce,Thompson-Stone,"845 Barajas Valleys
Joshuaside, MH 63036",Lake Devinshire,thompsonhunter@example.com,157291
311555,Heidi Howard,"Washington, Meyers and Morgan","2531 Bradford Plains Apt. 873
Lake Marissa, SD 82151",Gwendolynstad,egentry@example.org,151778
311556,Holly Nelson,Martinez and Sons,"693 Todd Avenue
Port Dalehaven, VA 55776",Mendozaside,charlesjohnson@example.com,124320
311557,Brittany Martinez,Taylor-Schmidt,"PSC 7876, Box 7016
APO AE 42091",Isaiahtown,smithjustin@example.net,174744
311558,Patricia Gray,"Suarez, Clarke and Watkins","90905 Poole Lights
Martinfurt, MO 45866",New Erica,wrightjessica@example.com,144840
311559,Christina Spencer,Barr PLC,"94935 Daniel Meadows Apt. 873
West Jennifer, KY 97820",North Victoriamouth,alison25@example.com,194135
311560,Sarah Berry DVM,Gardner and Sons,"62122 Barajas Land
Mariastad, ID 33653",Manuelland,williamsshawn@example.net,58138
311561,Michele Myers,Hall and Sons,"PSC 3949, Box 6502
APO AP 25195",Millerborough,uward@example.com,84471
311562,Henry Mendoza,Mcgrath-Fox,"773 