n, WA 85474",Juliebury,nicole49@example.org,196377
81022,Rhonda Meadows,Andrade LLC,"2209 William Ramp
North Micheal, CA 79581",North Kevinborough,uanderson@example.net,125737
81023,Nicole Brown,"Stevens, Stewart and York","881 Mason Row
West Ashleyland, ND 60721",Markstad,oandrews@example.com,75928
81024,Donald Hull,"Williams, Cruz and Cox","374 Perry Islands
East Jeremy, SC 07372",West Melissaport,michelle71@example.net,123908
81025,Jean Torres,Smith Inc,"0466 Rhonda Way
Jefferyshire, AK 60438",East Michael,boydmelissa@example.com,70552
81026,Ashley Dawson,"Mcbride, Perry and Smith","206 Derek Springs Suite 369
Lake Breannaton, OH 68318",Lake Amandaside,jessica76@example.com,162812
81027,Oscar Rasmussen,Livingston-Jenkins,"16697 Carpenter Road Suite 538
New Kellyberg, MA 56844",South Gina,jeff70@example.com,156985
81028,Patrick Oneill,Leon Inc,"642 Meza Gardens
New Timothy, VA 22925",Guzmanbury,nixonandrea@example.org,185775
81029,Monica Zhang,"King, Parks and Young","901 Emma Park Apt. 358
East Casey, DE 41572",Stevenmouth,shaunlee@example.com,176180
81030,Shane Smith,"Shaw, Bowers and Silva","21982 Fisher Glen Suite 211
West Michael, UT 79830",West Stephenshire,adamsjanice@example.org,131901
81031,Andrew Duran,Gibson LLC,"9234 Diana Shoals
Lake Lorishire, LA 08006",East Jodihaven,ggreene@example.com,164723
81032,Tammy Scott,Terry-Wright,"74751 Curtis Plain
Matthewton, RI 56923",Francoberg,daniel76@example.net,100947
81033,James Johnson,Sanders-Martinez,"8028 Gregory Landing Suite 231
Thomasfort, WV 77753",Fergusonfurt,garciadonald@example.com,85126
81034,Carmen Moore,Rios Ltd,"6853 Miguel Ford
North Yesenia, NC 84538",Jonathanburgh,archermark@example.com,117898
81035,Mr. Troy Keith,Smith-Price,"99107 Lucas Park Suite 962
North Jenniferhaven, MA 09618",Port Brianfurt,benjaminharris@example.com,165698
81036,Abigail Chan,"Thompson, Joyce and Woods","32756 Kevin Summit Apt. 044
Jeremyburgh, VT 99316",Port Kimport,pattersonmariah@example.org,149408
81037,Daniel King,Koch Ltd,"30710 Peter Well Suite 133
Lisaside, VT 72749",West Williamchester,simsjohn@example.org,172530
81038,Angela Moreno,Graham Group,"Unit 0166 Box 6966
DPO AA 03195",West Pamela,ebryant@example.org,121347
81039,Daniel Stevens,Weeks-Cruz,"PSC 3390, Box 2462
APO AA 83916",East Brandonland,jasminebrown@example.org,136962
81040,Rhonda Villa,"Baker, Barrett and Rosales","61505 Anthony Run
Herrerachester, AR 26445",Port Jennifer,steven42@example.org,146271
81041,Mercedes Miranda,"Wilson, Thompson and Coleman","2435 Lewis Field Suite 574
Kimberlyhaven, RI 92673",Jacquelineburgh,alexisgordon@example.net,196376
81042,Marie Wallace,Mckinney-Robinson,"620 Goodman Rue Suite 751
East Terriborough, DE 22292",North Christine,marshallkelly@example.com,125402
81043,Darryl Henderson,"Smith, Mays and Decker","0960 Bonilla Crescent
North Christopherport, GU 35240",East Cody,chavezmelanie@example.com,139988
81044,Leslie Black,"Garcia, Leon and Hull","91619 Mark Ways Apt. 208
Gonzalezport, NV 18940",New Ericfort,ortizelizabeth@example.net,185307
81045,Amy Zimmerman,Campbell LLC,"29528 Singh Dam
Rachelshire, IN 78478",West Melissaton,lmiller@example.net,151268
81046,David Evans,"Jones, Morris and Jones","1649 Lindsey Stream
Brownmouth, TX 03658",New Dustintown,brookelong@example.org,76515
81047,Michael Huynh,Bishop and Sons,"549 Paula Passage
Thompsonland, NJ 75964",Johnberg,kmiller@example.net,97326
81048,Martha Hanson,Dougherty and Sons,"5322 Erica Ridges
West Brucefurt, PA 00729",West Ryan,pcrawford@example.org,53580
81049,Lee Richards,"Anderson, Cameron and Perez","87389 Stark Mission
Loveville, UT 83858",Martinside,hflores@example.com,164088
81050,Cheryl Hunter,Sanford-Lambert,"23524 Brown Square
Turnerside, TX 72023",North Matthewton,rebeccawebb@example.com,112156
81051,Rachel Aguilar,Anderson LLC,"9358 Johnson Hills
Lake Ericaland, MI 96968",South Sylviaberg,lynneric@example.org,167065
81052,Rodney Price,Dominguez Inc,"226 Murphy Rapid Suite 638
Shelleyfurt, GA 66151",Monicaland,wrightkimberly@example.com,134056
81053,Karen Wells,Hickman Inc,"14539 Davis Shores Suite 498
West Paulahaven, IN 64230",Morganport,angela51@example.net,63381
81054,Debbie Mosley,Gray-Shea,"1478 Ann Glens Apt. 085
West Crystal, MI 83124",Craigland,lisaherring@example.com,70196
81055,Danny Rose,"Maxwell, Miller and Stephenson","195 Rachel Terrace
Jenniferville, AL 34779",Port Kennethberg,ljohnson@example.com,185363
81056,Nicole Henderson,Smith-Brown,"9378 Powell Terrace Suite 349
Dicksonmouth, DC 59587",Mooretown,gailnolan@example.net,155550
81057,Tony Hart,Chavez-Green,"042 Lucas Freeway Apt. 341
Daniellemouth, VT 53069",Jamesland,christopherrogers@example.net,68209
81058,Deborah Hood,Smith Inc,"84453 Thompson Roads
Port Michael, MD 02993",Port Jeremy,vgarcia@example.org,138755
81059,Amanda Brown,Torres and Sons,"USCGC Martin
FPO AA 68869",Martinhaven,wgonzalez@example.net,159054
81060,Alan Bell,"Lewis, Valdez and Maldonado","57617 Crosby Throughway
Hernandezbury, HI 97769",Lake Christophermouth,samantha42@example.org,152287
81061,Stephen Velasquez,Burns Inc,"3879 Travis Cape
North Sarah, AR 15395",Lisaside,moonkyle@example.org,140487
81062,Robert Rogers DDS,"Blake, Horne and Dorsey","9602 Roberta Well Suite 722
South Kelly, TN 15857",South Robertton,carloswalters@example.net,189793
81063,Melinda Allen,Allen-Bowen,"501 Oconnor Flats Suite 122
Robertside, VI 10610",Elizabethhaven,hornejasmine@example.net,142707
81064,Andrew Odom,Gonzalez-Richardson,"25781 Hall Walks Suite 863
Mooreview, FM 66731",Jacksonview,steven07@example.org,50366
81065,Michael Burke,Lee LLC,"USCGC Reyes
FPO AE 87971",Lake Stephaniestad,jimenezdonna@example.org,111960
81066,Kelsey Medina,"Krueger, Ward and Austin","USNV Gould
FPO AA 07515",Lake Jeremy,pkramer@example.com,50511
81067,Autumn Clements,Wilson-Rodriguez,"4281 Philip Inlet Suite 719
Lake Shirleyhaven, LA 91849",Colinton,yumarc@example.com,139981
81068,Todd Stanley,Giles Inc,"1709 Natalie Mountain
Williamville, WV 96385",Lake Maria,ashley99@example.org,66599
81069,Kelsey Rodriguez,Day-Wallace,"USNS Williams
FPO AE 02531",Leslieton,pettywilliam@example.com,141040
81070,Kimberly Smith,Nicholson LLC,"5228 Brenda Row Apt. 531
East Darrenville, MN 12313",Lake Danaside,pwolfe@example.com,126245
81071,Alvin Mcdonald,Morse-Cortez,"3284 Carr Loaf
Marystad, WV 36527",East Lisa,xwalton@example.org,138308
81072,Lisa Mckee,"Young, Thomas and Griffin","483 Adrian Bypass
Kimburgh, CT 73465",Cassieberg,sarah74@example.net,61316
81073,Lisa Jimenez,"Meadows, Nelson and Hill","2941 Sally Pike
North Jason, TN 46831",Johnsonshire,shannonyoung@example.org,107697
81074,Stephen Hunter,Dalton-Diaz,"167 George Road
East Desiree, FM 30468",East Robert,robertwood@example.org,88468
81075,Jill Reeves,Moore Group,"0738 Karen Avenue Suite 344
Vaughanberg, SC 01888",Snyderstad,elizabethellis@example.org,99580
81076,Cindy Dillon,"Thomas, Brown and Lopez","79206 Nguyen Keys Apt. 568
Lake Brian, MD 83161",Danielshire,riveragregory@example.com,74221
81077,Deanna Wood,"Bates, Martinez and Dennis","88284 Mary Stravenue Apt. 371
Eugenefurt, WV 39428",South James,nathanielklein@example.net,114175
81078,Christine Bailey,Armstrong-Fowler,"44148 Douglas Village Apt. 980
Hernandezhaven, IL 38164",Lake Jonathan,oclayton@example.net,179486
81079,Michael Huynh,Hayes-Powell,"Unit 4413 Box 9896
DPO AA 09495",Brendaville,vegadaniel@example.com,69458
81080,Tim Thomas,"Davis, Berger and Moss","356 Jonathan Port
North Ronald, GU 27820",Collinsville,fvasquez@example.com,118980
81081,Ryan Washington,"Gomez, White and Martin","2622 Timothy Streets Suite 442
North Sean, MI 80377",West Danielle,nchristensen@example.com,138214
81082,Victor Garcia,Ryan-Cruz,"252 Sydney Brooks Apt. 943
Andrewburgh, MS 27478",New Shelley,foxjessica@example.net,96152
81083,Patricia Garcia,Nelson-Wood,"636 Carter Divide
Onealchester, OH 37524",New Katherine,kmurphy@example.org,50354
81084,Lindsey Douglas,Dawson-Martin,"289 Michael Tunnel Suite 181
Joshuaside, WV 19513",North Davidtown,dcook@example.com,139055
81085,Mary Young,Woods Inc,"6169 Ashley Isle Suite 153
Krystalview, MO 08781",Briannachester,megan76@example.net,81008
81086,Sally Silva,"Stanton, Brown and Peters","5612 Lopez Via
Andersontown, KY 75962",Port Deannahaven,ddavis@example.org,163279
81087,Casey Pearson,Campos-Walker,"USNV Hicks
FPO AP 53611",South Kelly,edgarmartinez@example.org,128421
81088,John Bentley,Zimmerman and Sons,"124 Hunter Alley
North Karenchester, OR 85422",New Lisa,hmorris@example.com,68906
81089,Ashley Diaz,Tanner-Merritt,"0299 John Canyon
West Alyssaland, SC 52987",Lake Josephville,jorge25@example.com,80147
81090,Mr. James Jones,"Harvey, Trujillo and Carney","3027 Jessica Station Apt. 988
West Matthew, VA 39862",New Rachel,nelsonmichelle@example.net,189368
81091,Justin Gallagher,Pope-Randolph,"748 Little Centers
Aguirremouth, WI 76771",Port Heatherstad,miablack@example.net,134230
81092,Douglas Swanson,Parsons and Sons,"96385 Matthew Heights Apt. 749
North Christopher, OR 47619",Lake Donna,qmorales@example.com,94715
81093,Yesenia Cunningham,Underwood-Smith,"Unit 1163 Box 6727
DPO AA 96982",Davisshire,alexander14@example.com,74393
81094,Emily Brown,Rice-Richards,"196 Mullen Ford Apt. 074
Beckerstad, KY 45251",South Deniseside,dennis27@example.net,82210
81095,Scott Mendoza,Lopez Group,"221 Jason Falls Apt. 934
Tonyaberg, NC 92451",Kimshire,ramoseduardo@example.org,84330
81096,Erica Jones,Kelly Ltd,"423 Martin Isle
New Stephanieburgh, DE 96008",Mariaview,mariesuarez@example.org,193670
81097,Robert Cannon,Stone-Garcia,"PSC 7354, Box 1192
APO AA 44905",Courtneymouth,coxphilip@example.com,165917
81098,Charles Lam,"Joyce, Graham and Reynolds","075 Ashley Lane Suite 204
Billymouth, GU 03757",Georgeborough,zwatson@example.com,137067
81099,Diana Perez DDS,"Butler, Burton and Thompson","28443 Lambert Center Apt. 982
West Joanview, MH 41365",South Angelaton,kayla88@example.com,56363
81100,Brandi Cooper,Torres Inc,"80291 Stephanie Flat Suite 502
Harrisburgh, MS 28401",Alexandermouth,heatherchandler@example.com,65723
81101,Charles Singh,Nguyen Inc,"471 Rhonda Trail Suite 049
New Dorothyport, AK 17016",New William,dylanhunt@example.com,199336
81102,Jennifer Rubio,Robinson and Sons,"57938 Evans Land
Kochport, GA 72347",Samueltown,kcrawford@example.org,185850
81103,Curtis Barry,Guerra-Hodge,"PSC 2010, Box 9752
APO AP 38830",New Derrickville,jennifer53@example.org,147744
81104,Theresa Smith,Johnson Ltd,"5765 Carlson Rest
West Michaelport, NM 62879",New Robertmouth,christina16@example.org,173570
81105,Mario Carter,"Phillips, Turner and Williams","543 Sandoval Land
Lake Mark, OR 16279",South Vanessa,austinlisa@example.com,82604
81106,Scott Sanchez,Riley Inc,"4370 Ashley Fort
North Catherinechester, OK 15337",Kristenside,scottthompson@example.com,83672
81107,Alexis Ruiz,Cole Group,"47209 Mason Roads Suite 463
South Cassandraberg, MS 55061",East Karenport,ksullivan@example.org,67888
81108,Diane Ortega,"Ibarra, Pruitt and Orozco","7491 Christopher Turnpike
Angelachester, KS 72850",Laurenfort,gardnercandace@example.net,179114
81109,Gina Gray,Schmitt-Coleman,"82972 Theresa Turnpike
Aaronburgh, NJ 98293",New Robertland,timothy41@example.org,194913
81110,Michael Beltran,Lara-Villarreal,"69279 Smith Park Suite 672
Donnatown, AZ 81390",North Hannah,bondnicholas@example.net,199951
81111,Denise Riley,"Ray, Wright and Kim","98319 Michael Trace Suite 863
East Jennifer, VI 86155",Melanietown,danielsroy@example.org,101329
81112,Jeffrey Jacobson DDS,Bradley LLC,"4365 Laura Mission
Blackville, NY 27222",Gutierrezburgh,thomasanne@example.com,53816
81113,Michael Terrell,Wilson LLC,"4107 Sullivan Greens Apt. 784
North Andrewfurt, OK 50632",Lake Nicole,courtneyerickson@example.com,107652
81114,Christopher Wright,"Carter, Caldwell and Hart","256 Brooks Freeway
Lake Jasonland, CO 12956",Wandabury,james72@example.com,145063
81115,Jennifer Miller,Lowery-Watkins,"13994 Tracy Center
Romanmouth, PR 08766",New Hollyburgh,hwilliams@example.com,138038
81116,Jamie Williams DVM,Cook-Boyd,"79561 Jason Mountains Apt. 416
Lake Charlesville, AL 23914",Barnestown,ychapman@example.com,80509
81117,Patrick Brewer,"Anderson, Young and King","65174 Spencer Street Suite 907
South Eric, KY 48577",Lake Jason,lmay@example.net,118502
81118,Patrick Lynch,Martinez Ltd,"Unit 9204 Box 3352
DPO AP 51090",Lake Robertmouth,mmccullough@example.com,114231
81119,Curtis Matthews,Robinson-Bryan,"USCGC Nelson
FPO AE 27344",Port Vincentberg,uwerner@example.com,166047
81120,John Green,Fitzpatrick-Snyder,"43810 Hannah Forest
Codyfort, RI 56142",Lewisstad,yshort@example.com,97021
81121,Ashley Mitchell,"Jimenez, Adkins and Lozano","8447 Hall Glens Suite 417
Lanestad, NC 76306",Thomasport,umiles@example.com,56284
81122,Scott Castillo,Anderson and Sons,"5572 Barrett Springs
East Jennifermouth, PW 59479",West Juan,cassidybrady@example.com,101116
81123,Dennis Meza,"Jacobs, Galloway and Davis","67940 Robin Lodge
South Robertshire, DC 29373",New Sherry,tylerwillie@example.net,147340
81124,Bryan Garrett,"Dixon, Sexton and Wright","023 Carpenter Key
East Traci, TX 33175",Kingfurt,terrycindy@example.com,165762
81125,Alexis Bell MD,Santos-Green,"Unit 6436 Box 3659
DPO AE 23207",West Kristine,lfuentes@example.net,166667
81126,Gabriel Taylor,Young PLC,"44908 Stewart Row Apt. 190
South Brandonfurt, WV 26639",Sabrinastad,wsmith@example.com,188800
81127,James Campbell,Clark-Graham,"14939 White Valley
Andrewview, MD 94951",North Anthonyview,marycastillo@example.com,126514
81128,Gregory Brown,Edwards-Valencia,"622 Mary Burg
Lopezborough, WV 40709",Lake Elizabethfort,jasonshaffer@example.net,197333
81129,Cassidy Farrell,Yu Group,"91974 Cheryl Rest
Port Kathrynmouth, MD 91476",Lake Richardfurt,phillipsalexander@example.com,56383
81130,Christina Carr,Cole-Jimenez,"19535 Melissa Skyway Suite 739
Lake Justin, TN 87687",Harrisonton,dustin89@example.net,87691
81131,Nathan Baker,Patterson-Barnes,"268 Powell Ports
Port Courtney, WI 80997",North Tamaraburgh,raymond93@example.org,109989
81132,Joy Gutierrez,"Hernandez, Spence and Ingram","341 Rice Isle Suite 232
New Samantha, HI 93042",Michellehaven,juan19@example.net,153540
81133,Gina White,"Roth, Hanson and Guerrero","USNV Williams
FPO AA 44254",Samanthaland,lramirez@example.com,73677
81134,Mary Hernandez,Manning Group,"Unit 5353 Box 1449
DPO AA 67058",Evanside,curtismorgan@example.com,67598
81135,Ashley Rojas,Clark Inc,"564 Jones Mountain
Piercetown, NY 08844",Port Mary,lisa30@example.com,130375
81136,Brian Page,Alexander-York,"5861 Bradley Harbors Apt. 851
Port Derrick, MA 57323",Nunezville,samanthaaguilar@example.org,122866
81137,Jacqueline Williamson,Tapia-White,"1664 Melissa Island
Barbaratown, NH 65242",Debramouth,hkirby@example.net,185931
81138,Amber Mcdonald,"Jenkins, Carrillo and Miranda","77705 King Avenue Apt. 446
Roberttown, HI 04595",Tylerton,barrtimothy@example.com,163418
81139,Jamie Ellis,"Townsend, Nguyen and Morales","439 Erica Ville Apt. 327
North David, DE 41277",Stoutstad,belljason@example.org,53921
81140,Cody Campbell,Collier-Holmes,"Unit 7048 Box 6941
DPO AP 02841",Lake Johnborough,kjones@example.com,91768
81141,David Vazquez,Young PLC,"809 Taylor Inlet
Drakefurt, MP 53705",Angelicaborough,williamsdavid@example.com,145134
81142,Becky Garcia,Brewer Group,"35212 Sarah Branch
West Danny, PR 75625",Port Joshuaton,gonzalezdennis@example.net,196038
81143,Aaron Murillo,Jackson and Sons,"310 Tina Pike Apt. 769
New Paulmouth, WA 15028",Lisachester,donovankatelyn@example.com,187151
81144,Alexandria Watts,Molina-Tran,"13619 Stewart Tunnel Apt. 245
North Joshuastad, MO 96005",Port Rebeccafurt,johnlove@example.net,63628
81145,Cynthia Bowman,"Spence, Hughes and Mckinney","5203 Stephanie Row
Mooretown, CT 28778",Gutierrezburgh,tmartinez@example.net,70777
81146,Sharon Francis,Butler Inc,"2619 Michele Plains
Matthewborough, KS 74931",Seanfort,teresa09@example.com,138087
81147,Elizabeth Flores,Torres-Jenkins,"Unit 5164 Box 9586
DPO AP 95123",Port Juan,arodriguez@example.net,66986
81148,Bryce Huynh,Grant Ltd,"0544 David Forest
Savannahview, RI 74999",East Catherinemouth,xholland@example.org,137171
81149,Penny Brown,Hood Inc,"4892 Ryan Village
Kristenberg, WI 45098",Lake Joseph,melissa93@example.com,163763
81150,Bonnie Dougherty,Brooks-Burne