h,laura81@example.org,108202
181336,Nathaniel Martin,Santana LLC,"09777 Brown Path
Fletcherbury, KY 80605",Schmidtview,hannahbarker@example.net,166291
181337,Michael Hines,"Shepherd, White and Tate","45531 Debbie Fields Suite 430
Lake Dawn, TX 73309",South Elizabeth,marissa09@example.net,169913
181338,Jeffery Johnson,"Sanders, Crane and Gomez","6785 Price Wall
Montgomerybury, MO 92303",Schmidtside,teresa13@example.net,81078
181339,Sarah Miller,Hunter Inc,"6046 Smith Ports
South Ricardoside, MP 12267",South Stephentown,brett52@example.net,84484
181340,Lauren Frey,Schultz LLC,"936 Brown Gardens
Emilyberg, MN 31573",Port Reneehaven,djones@example.com,166104
181341,Adam Nelson,Wall-Smith,"95275 Marc Fort Suite 219
New Charlesport, OR 74969",Francomouth,jimmy72@example.net,75980
181342,Courtney Wheeler,Bond-Taylor,"3770 Misty Course Suite 244
South Andrewborough, MD 04243",North Michellehaven,henry07@example.net,84516
181343,Carol Chapman,Daniels-Yu,"2533 Harry Motorway
Lake Sheila, RI 42540",Stuartfort,lmiller@example.com,74116
181344,Sara Jackson,"Valdez, Brooks and Smith","0256 Sharon Trail Apt. 493
Christopherland, NH 67771",Lake Matthewchester,carolinefrazier@example.com,166293
181345,Tiffany Hines,"Lopez, Medina and Kim","03535 Zavala Tunnel
Lake Kathryn, CO 05276",Melissachester,brennannathaniel@example.org,63213
181346,Kimberly Jacobs,"Moss, Norris and Castro","2638 Jimenez Park Suite 912
Jeremyview, IA 31099",Lake Biancaburgh,monicaferguson@example.com,125275
181347,Susan Gentry,Robertson Inc,"2818 Jennifer Landing Apt. 316
Toddview, OR 98969",Donaldport,nguyenamanda@example.net,90245
181348,Malik Martin,"Morgan, Williams and Bryant","411 Tracy Highway
Port Shirleyborough, UT 98029",New Paul,jamiesmith@example.org,71337
181349,Barbara Wright,"Miles, Walker and Brown","27830 Anthony Avenue
Mooreton, AZ 27139",Lopezfurt,catherine66@example.net,161639
181350,Maurice Love,"Green, Perez and Dodson","41264 Braun Meadow
Royburgh, NM 63133",Brownfort,qyoung@example.com,130138
181351,Randy Larsen,"Payne, Gonzalez and Oneal","USNV Carter
FPO AE 64063",Ericmouth,kim33@example.net,68497
181352,Jeffrey Morrow,Harvey-White,"9899 Scott Mountains
West Samantha, MA 16445",Chelseaville,bcopeland@example.org,178021
181353,Cassandra Garcia,Jones Inc,"8720 Velez Summit
Amberton, GU 54500",Smithstad,danielmiller@example.com,77042
181354,David Thomas,Johnson-Marshall,"USNV Wagner
FPO AE 90727",Williamsmouth,laurasanchez@example.com,94835
181355,Laura Flynn,West PLC,"402 Howard Plaza Apt. 667
South Thomasmouth, MD 42532",Garrettside,daniellemarsh@example.net,169848
181356,Kelly Reid MD,Howell Group,"006 David Crossroad
Josephberg, OR 53162",Davidbury,graceholloway@example.net,140774
181357,John Gonzalez,Greene-Diaz,"USNS Young
FPO AE 49648",Castrotown,patricia38@example.com,67278
181358,Kyle Bowen,"Gibbs, Evans and Flores","945 Adam Mews Suite 379
North Steven, GU 67521",South Stevenchester,fisherricardo@example.net,106265
181359,Mary Bell,Greene-Sutton,"270 Jacobs Lake Suite 398
Ayalamouth, OH 18756",Davidville,gmullins@example.net,161377
181360,Miss Pamela Thompson,Hamilton-Lopez,"524 Willis Stream Suite 005
South Kim, GA 34732",Timothymouth,maguirre@example.org,69027
181361,Angela Garcia,"Simon, Thomas and Lucas","764 Sheppard Valley Apt. 843
East Corey, IL 31541",East Derek,brucewhite@example.org,128909
181362,Joseph Larson,Williams-Williams,"937 Salinas Center
Lake Jonathan, DE 12945",Toddbury,landrydebra@example.org,59262
181363,Eric Brewer,"Griffith, Herrera and Smith","46990 Erickson Keys
East Davidburgh, NV 29593",Leeburgh,moorejohn@example.com,154508
181364,Dana Mcdonald,Martinez and Sons,"61981 Brown Summit Suite 579
Christianside, VT 50062",Boyerhaven,miranda02@example.org,78495
181365,Robert Johnson,"Wong, Lee and Duran","48193 Thomas Union
Jasonmouth, MS 91507",East Brittany,davidrodriguez@example.org,73113
181366,Daniel Deleon,Huffman-Perez,"USCGC Richardson
FPO AP 62876",Chanburgh,martinezrobert@example.com,74132
181367,Yvette Graham,Pierce and Sons,"1682 Karina Crest
Jeanburgh, MN 19415",North Michelleside,raymondwoods@example.org,174310
181368,Cheryl Powers,"Torres, Raymond and Mcintyre","7687 Peterson Villages
Cookfort, OH 47641",West Phillip,matthew46@example.com,60588
181369,Rodney Martinez,Green-Miranda,"USS Hernandez
FPO AP 41182",Gardnermouth,abray@example.com,149631
181370,Edwin Andrade,Bowen-Mercado,"PSC 0523, Box 9192
APO AE 12288",Joshuamouth,mullensharon@example.net,183929
181371,Victor Lee,"Scott, Horton and Butler","403 Samantha Mall Suite 402
Brendaburgh, TX 08359",East Adam,brandonscott@example.com,86508
181372,Brandon Hamilton,"Fischer, Tucker and Tran","7632 Sophia Loaf Apt. 358
Brendaburgh, PW 61052",Jessicaland,jacksonbrian@example.net,192615
181373,Michael Huynh,"Fleming, Davis and Buckley","0204 Martinez Estate
New Sarah, KY 27797",West Amychester,tabitha04@example.com,96446
181374,Robert Boone,Thomas Group,"552 Tammy Shore
North Brandonshire, HI 43171",Port Barbaramouth,david61@example.org,163515
181375,Katherine Anderson,Carroll PLC,"09742 Spence Lake
South Michelle, AS 62928",Cliffordborough,sandra95@example.org,132278
181376,Dr. Terry Graham MD,Johnson PLC,"4414 Jason Islands
North Michael, PW 71273",Lake Elizabeth,mendozadaniel@example.net,98550
181377,Cameron Norris,Wyatt Ltd,"8651 Rodney Stream
Martineztown, IL 01150",Griffinburgh,kimberlyanderson@example.org,178477
181378,Thomas Stephens,"Mcbride, Chapman and Nelson","10627 Graham Square Apt. 520
East Rachelborough, PW 35832",Sotochester,hornjason@example.org,56633
181379,Sally Hobbs,Wood and Sons,"0325 William Underpass Apt. 480
Smithbury, NY 25827",Port John,valerie29@example.org,129554
181380,Kimberly Bell,Garcia-King,"06483 John Avenue Apt. 345
New Joshuaville, IL 90476",Larryland,khall@example.org,69812
181381,Eddie Miller,"Brown, Jackson and Young","542 Gonzalez Manors
North Michele, AR 90768",Amberchester,palmerjacob@example.org,79115
181382,Greg Sosa,"Young, Baker and Hartman","115 Brendan Lodge Suite 839
Zacharytown, WY 13353",Markfurt,jasonmueller@example.org,191080
181383,Elizabeth Garcia,"Tyler, Romero and Cabrera","0972 Hill Drive
Christopherhaven, AK 35020",West Kenneth,keith43@example.net,156399
181384,Justin Baker,Daniels Group,"974 Johnson Corners
Loweburgh, GA 04151",North Christina,pricewilliam@example.net,65795
181385,Jason Mckenzie,Phelps-Ferguson,"7709 Chandler Common Apt. 880
Avilabury, KY 55412",Travisborough,sarah72@example.org,135585
181386,Ralph Miller,Brown Inc,"0228 Lisa Courts Apt. 468
Baldwinport, DC 21102",South Nicole,carrgeorge@example.net,125115
181387,Wendy Allen,"Melton, Gutierrez and Salazar","668 Vincent Lakes
Port Alexander, MN 40760",Cookberg,vortiz@example.com,189818
181388,Cynthia Marshall,Allen Inc,"7710 Keller River Suite 907
Davisberg, PW 01938",Lake Robinborough,wilsonmichael@example.net,72953
181389,Amber Johnston,"Price, Brown and Powers","2367 Solis Garden
Walshville, ND 36908",Clarkfurt,melaniebarron@example.com,192269
181390,Donna Watkins,Watts PLC,"616 Diane Trafficway
Lake Jeremy, GU 55077",Hunterfort,uperry@example.org,151153
181391,Mark Patel,Graves-Johnson,"066 Martinez Plain Suite 281
Littlehaven, OH 10866",Whitebury,tammyirwin@example.com,197486
181392,Lawrence Joseph,Stevens Ltd,"8618 Gonzalez Wall Suite 608
West Krystalport, NJ 40802",West Heather,gonzalezrebecca@example.com,190668
181393,Richard Reed,Gutierrez LLC,"1933 Lauren Pines
Petersonburgh, IA 26868",Martinside,clarkdavid@example.org,121070
181394,Jodi Pratt,Bowman-Johnson,"065 Lewis Harbors
Marquezbury, PR 20888",Wrighttown,joseedwards@example.com,141189
181395,Karen Harvey,Gonzalez PLC,"78391 James Ramp Apt. 626
South Nicholasmouth, CO 70618",Lake Ryan,roseemily@example.com,159108
181396,Brooke Morgan,Schneider PLC,"87478 Parks Fords Suite 801
New Veronicastad, KY 10093",New Christinaport,sean01@example.net,153849
181397,Paul Campos,Robinson Ltd,"1680 Nelson Expressway
Lake Josephport, GA 70900",Jeffreyville,elizabethjohnson@example.com,193968
181398,Adam Norris,"Snow, Sullivan and Morales","01301 Alexa Road
West Amberport, UT 31269",North Gloria,tabithasullivan@example.net,138250
181399,Ashley Richardson,Scott Ltd,"946 Davis Dale Apt. 682
Ramirezstad, TN 63151",East Jennifer,maria22@example.com,151601
181400,Diamond Ewing,"Wagner, Kirby and Montoya","3282 Sparks Forge
Mollyville, OR 49793",Hawkinsmouth,terri00@example.net,128988
181401,Gregory Martinez,"Stone, Wells and Sanchez","2744 Danny Harbor Apt. 452
New Moniquemouth, VT 04585",Haneyberg,qfrancis@example.org,122201
181402,David Clayton,"Johnson, Porter and Evans","974 Sally Brook
Gomezstad, DC 79828",East Ralph,samuelmcguire@example.org,179498
181403,Jennifer Baird,Mejia and Sons,"04115 Anderson Courts
North Terrancefort, CT 80339",North Elizabeth,watsonbrianna@example.org,112681
181404,Shari Foster,Villanueva-Glenn,"80518 Oconnor Port Suite 417
North Jacqueline, NV 79211",Heatherchester,gomezkim@example.com,117924
181405,Johnny Wright,Mendoza-Moran,"917 Matthew Squares Suite 150
New Kellyport, CT 38338",Jonathanfort,marktaylor@example.org,184001
181406,Jennifer Ward,Smith Group,"060 Jose Ridge
East Christina, GA 66677",Harrisonport,edwardskelly@example.org,85067
181407,Joseph Gillespie,Hernandez Group,"53014 Theresa Neck Apt. 038
Williefort, KY 98103",Williamview,mathewsronald@example.org,103387
181408,Travis Mason,Lewis-Kirk,"6473 Sarah Crescent Apt. 306
Port Katherinemouth, WV 02566",Fitzgeraldburgh,johnfarrell@example.com,133856
181409,Ryan Tyler,"Galvan, Delgado and Villegas","10899 Mullins Falls
North Lindsayview, CA 65398",Davidview,robinsondavid@example.net,172251
181410,Brenda Lyons,"Hughes, Brown and French","4117 Kevin Trail Suite 286
East John, DE 78243",New Brianfort,juliehernandez@example.com,160134
181411,Mrs. Brittany Gonzalez,Mccarty PLC,"01163 Jeffrey Bridge
East Christophermouth, NE 10922",East Zacharymouth,adamwebb@example.com,165877
181412,Olivia Mitchell,Hampton Ltd,"2532 Christopher Lane Suite 017
New Kimberly, WA 47799",Lake Rachelborough,erica24@example.org,178507
181413,Brian Ramirez,Odonnell Group,"2269 Diana Fall
Cindyland, NV 81007",New Lauramouth,bryantjamie@example.org,115729
181414,Colin Dunlap,Houston Inc,"USNV Garcia
FPO AP 95098",Lake Amberborough,anthony12@example.net,126105
181415,Danielle Porter,Davis-Griffin,"95527 Nicholas Cliffs Apt. 988
New Robertborough, ID 54065",Port Pamela,dgarcia@example.com,85838
181416,Barbara Becker,Cortez Ltd,"169 Amy Summit
Lake Tina, LA 98783",Proctorbury,rebeccahuerta@example.net,82791
181417,Daniel Schmidt,"Lawrence, Ramirez and Logan","26097 Wyatt Throughway
Davidsonhaven, DC 86648",Port Dale,waltersjodi@example.com,156939
181418,Steven Black,Salazar-Peterson,"Unit 9543 Box 5472
DPO AE 52427",Ponceville,janetramirez@example.org,61563
181419,Patrick Maxwell,"Butler, Edwards and Alvarado","7028 Kathryn Neck Apt. 609
Gilbertmouth, ND 71420",East Melissa,elizabeth09@example.net,95001
181420,Anne Burns,"Martinez, Hampton and Duran","319 Tanya Flats Suite 369
Jonathanfurt, ND 74461",East Brenda,knoxamanda@example.com,98765
181421,Paul Long,Parks Group,"28452 Kimberly Lock
Huangland, DC 40498",South Madison,lgomez@example.net,117670
181422,Joshua Bates,Romero-Lyons,"9639 Walker Greens
Carolland, GU 26230",Port Heatherberg,terryscott@example.net,118221
181423,Alexander Jordan,"Miller, Webb and Hill","142 Sabrina Creek
North Ronnie, MA 44974",Lake Robert,rwood@example.net,57161
181424,Henry Peck,Miller PLC,"34624 Harrison Shoals Apt. 530
East Leonardstad, ND 42464",Lake Kathy,barbarastewart@example.org,99177
181425,Michelle Rosario,"Mejia, Freeman and Burke","583 Lynn Island
East Ashleyshire, VA 09457",South Shawn,davisthomas@example.org,184376
181426,William Gross,"Hardy, Smith and Jones","016 Berg Plaza
South Dannyfurt, VI 03169",Walkerville,daniel60@example.net,161214
181427,Morgan Hunter,Turner PLC,"2741 Gonzalez Plaza Suite 091
New Samantha, CA 07793",Marialand,wilsongerald@example.net,146152
181428,Jessica Johnson,Welch Group,"2459 Miller Road
Lake Bryanstad, RI 02871",Glenburgh,tracy21@example.com,83782
181429,Jacob Carter,Bond LLC,"51793 John Plains
Royview, DC 28712",East Christopher,jonathanvargas@example.net,72022
181430,April Peterson,Faulkner-Johnson,"88460 Christine Haven Apt. 659
Lake Joshuaside, DC 32099",Toddtown,mariahharris@example.com,151777
181431,Steven Davis,Larsen Group,"11017 Sanchez Parkways Apt. 715
Lake Clarence, TN 60171",East Lindsay,ashleyrodriguez@example.com,181999
181432,Jacob Pacheco,Green-Moore,"114 Amanda Points
Wilcoxmouth, MO 92737",Jamesside,misty15@example.org,116876
181433,Dale Cruz,"Valdez, Anderson and Wilson","PSC 4456, Box 5944
APO AP 71830",Lake Kim,daviddrake@example.org,155455
181434,Morgan Martin,"Pitts, Morris and Elliott","7882 Roy Burgs Suite 175
West Benjamin, MI 27290",Vazquezfurt,jennifersolis@example.net,170791
181435,Steven Torres,Smith-Mayer,"7872 Chapman Drive
Huntchester, MH 42003",Matthewmouth,lmcdonald@example.net,52550
181436,Tanner Bartlett,Cook Ltd,"1703 Raymond Branch Suite 343
Randallburgh, KY 62176",East William,lisabarnett@example.net,120929
181437,Mary Smith,Beasley-Glover,"349 Ortiz Ridges
South Brianmouth, GA 10036",Farleyport,jasonfowler@example.net,148095
181438,Catherine Meadows,Malone-Jenkins,"299 Lewis Street
Port Cynthia, KS 84187",Lake Jennifer,hutchinsonedwin@example.com,57355
181439,Donald Williams,Ho PLC,"47019 Krause Fall Suite 440
West Anthonyfurt, ND 34468",Port Joseph,bferguson@example.org,94137
181440,Dwayne Morse,"Brown, Robertson and Ellison","56630 James Route
Nicoleport, TN 74267",Robinsonfort,lewiscaleb@example.org,131769
181441,Katherine Keller,"Estes, Martinez and Nguyen","139 Samantha Trail Suite 052
South Theodore, NC 35098",New Nancy,hbennett@example.net,76174
181442,Michael Sanchez,Johnson-Clark,"5574 Katherine Pine Apt. 583
East Frankstad, VI 38134",Ryanland,christine49@example.com,117419
181443,Dylan Melton,Banks Inc,"741 Kim Freeway Suite 863
Keithfort, SD 37128",Sandersport,theresajohnson@example.net,57786
181444,Morgan Smith,Parks-Fleming,"08461 Fisher Shore
South Joann, MT 32759",South Juliaside,lspencer@example.net,197561
181445,Karen Murray,Garcia-Ayala,"52542 Debra Green
Williamsport, DC 19738",Port Paulhaven,petertrujillo@example.org,162525
181446,Caitlin Rivera,Gray-Serrano,"5195 Robert Cape
Matthewmouth, MT 20069",Davidmouth,zachary39@example.com,185171
181447,Christopher Cooke,Raymond and Sons,"8144 Hawkins Rest Apt. 327
New Alanchester, ND 90866",South Justin,kennedykelsey@example.net,183248
181448,Travis Arias,Hill and Sons,"1121 Veronica Glen
Lake Shaneborough, RI 36134",Lake Cynthia,brandonlamb@example.com,138181
181449,Cassandra Wright,Brown-Bell,"9242 Cynthia Spurs Suite 396
West Andrewmouth, NM 37270",Burnettview,sheri85@example.org,167172
181450,Mrs. Tasha Miranda,"West, Reyes and Murphy","33296 Robinson Square
Nicoleland, NJ 58264",West Angelachester,brooksleslie@example.net,156240
181451,Dr. Amanda Hicks,Boyd and Sons,"14338 Lawrence Oval Apt. 974
North Jeffrey, GA 10219",New Neilchester,april91@example.org,167220
181452,Frances Hernandez,"Wood, Kidd and West","640 Leah Ports Apt. 909
Dawnberg, DC 40778",Walkerton,jacob69@example.net,106977
181453,Robert Wade,Esparza LLC,"463 Richards Union Apt. 409
New Maria, GA 54586",Adamsborough,lovejohn@example.org,104434
181454,Christopher Velez,Hunt Ltd,"22271 Michael Trafficway
Francesburgh, TN 30201",East Edward,michelenewman@example.net,182696
181455,Sharon Johnson,Gibson and Sons,"32341 Anderson Crossroad Suite 553
West Kaitlyn, CT 68064",North Joannaside,joyce79@example.com,105598
181456,Kent Campbell,Thomas Group,"36955 Mann Ridge
Andrewbury, VA 03971",East Masonview,nnguyen@example.com,71034
181457,Shannon Case,Ward-Young,"1235 Hunt Common Apt. 404
Stephensonborough, VI 15855",South Raymondshire,luisrangel@example.net,106976
181458,Dale Allen,"Orr, Johnson and Marquez","76724 Berg Islands
Potterside, NE 14068",Fieldsberg,wooddarrell@example.com,106666
181459,Ryan Walls,Todd-Villa,"Unit 2581 Box 2596
DPO AP 94252",Sabrinaton,pauljones@example.com,123349
181460,Samantha Harris,Castillo-Juarez,"USNV Park
FPO AE 68589",Patrickbury,kchoi@example.org,90415
181461,Raymond Fisher,Allen-Brown,"135 Mcdaniel Grove
Allenton, SD 13120",Craigstad,phillippeters@example.com,188