mparker@example.com,156588
310169,Julie Jones,"Graves, Herman and Jones","453 Rocha Path
Bradfort, UT 42525",Lake Gregoryview,joshuajones@example.net,183186
310170,Daniel Carpenter,Schultz Group,"904 Courtney Green Suite 204
Briggsfurt, HI 02492",North Stacy,ffrank@example.org,194061
310171,Renee Rodriguez,"Monroe, Jordan and Eaton","9909 Marshall Walk Suite 346
Lindamouth, NC 75351",Alejandrastad,patrickpowers@example.net,159569
310172,Mary Thomas,Jones PLC,"8956 Lori Fords Apt. 759
Nancymouth, TX 97453",East Karen,alexanderbrooks@example.org,183974
310173,Ann Carter,"Petersen, Campbell and Delgado","7811 Thomas Extensions Suite 070
South Sandra, MD 30135",Sharonland,jeffrey30@example.com,102078
310174,Tamara Hess,Benjamin Inc,"367 Sutton Station
Chavezfort, MT 91861",Jameschester,leonardsteven@example.com,141191
310175,Christian Schneider,"Morales, Morales and Miller","3911 Johnson River Suite 659
Ericahaven, IN 76734",Christinetown,vlopez@example.com,155921
310176,Christopher Spencer,Khan Group,"Unit 2056 Box 7991
DPO AE 66504",Brandonshire,perrydonna@example.com,170814
310177,Mark Walker,Ramos PLC,"9529 Hutchinson Gardens
Robinsonfort, IA 05813",Ryantown,jdavidson@example.org,62008
310178,Melissa Jackson,Robinson Inc,"8997 Timothy Estates Apt. 752
Danville, TX 15298",Port Lauren,nicholascampbell@example.org,143803
310179,Maria Dudley,Larson-Shaw,"386 Nathaniel Unions Apt. 055
Hayesstad, GU 02342",Lake Devinberg,pittslisa@example.net,58105
310180,Stephen Mathews,"Rodgers, Underwood and Johnson","969 Johnson Rest Apt. 553
Perrymouth, DE 49841",South Harold,brockanthony@example.com,83284
310181,Thomas Vargas,"Boone, Moran and Leonard","PSC 8837, Box 9201
APO AA 30200",East Kimberly,vgeorge@example.com,86050
310182,Billy Fuller,Jennings-Rodriguez,"85039 Rowland Estates Apt. 094
Lisaberg, KS 65224",Scottchester,lisa09@example.org,170789
310183,Jesse Hart,Lloyd-Rodriguez,"2429 John Court
Kimberlyview, NE 15783",North Andrewmouth,william54@example.net,81359
310184,Robert Smith,"Warren, Smith and Hart","24946 David Falls
South Patricia, VI 43538",New Sarah,lisahampton@example.org,197243
310185,Steven Castro,"Murray, Moss and Simon","Unit 3521 Box 0811
DPO AE 76776",Thompsonshire,holdenwilliam@example.org,132001
310186,Jennifer Poole,Weiss LLC,"0377 Vicki Trail Apt. 646
Castillomouth, OR 44124",Andersonside,zgraves@example.org,148958
310187,Helen Hall,Hendricks LLC,"35097 Johnson Valley Suite 811
Shaneberg, VA 93207",Beckymouth,jessicacox@example.com,69478
310188,Angie Cook,Nelson Group,"755 Rose Center
Lake Davidbury, RI 56123",Lake Michelle,ggregory@example.com,109299
310189,Sarah Taylor,Johnson Inc,"2738 Marvin Prairie Suite 738
Jessicatown, UT 64210",Port Brandiville,kylewatson@example.com,120333
310190,Melissa Bryant,Pollard LLC,"783 Clarke Mission
North Carolhaven, TX 65970",West Melissaburgh,kyle30@example.com,169149
310191,Ryan Perry,Peterson LLC,"634 Michael Row
Port Haroldhaven, CT 54442",Hubbardland,lopezbrandon@example.net,102095
310192,Philip Lowe,Silva-Carr,"7474 Stewart Walks
Thomasmouth, MN 54511",Lake Dan,james29@example.com,58921
310193,Julie Flynn,"Morgan, Williams and Spears","960 Paula Ways
Thompsonburgh, MS 13103",Nicoleside,brandydixon@example.org,67951
310194,Christian Hudson,"Little, Rogers and Blair","52671 Kristin Cliff Apt. 461
Davidmouth, FM 40544",Caldwellstad,iperry@example.com,134494
310195,Noah Perkins,Delgado-Meyer,"85372 Vernon Track
South Jennifer, IN 47975",East Connorton,paularios@example.net,68839
310196,Leslie Whitehead,"Huff, Howard and Brown","Unit 0794 Box 7643
DPO AA 91961",Pamelaport,ashley10@example.org,133046
310197,Matthew Jones,Hayes LLC,"506 Margaret Oval
Johnsontown, FL 35206",Donaldport,ashley43@example.com,114681
310198,Patricia Peterson,"Martinez, Wolfe and Thompson","258 Leah Prairie Suite 248
Richmondfurt, TX 56584",Gatesland,marycole@example.net,81327
310199,Barbara Doyle,Miller-Porter,"629 Bonnie Union
Port Kelly, WI 37772",Port Sharon,fernandezmichael@example.org,114741
310200,Dr. Bryce Reese DDS,"Cruz, Reed and Davis","821 Mathis Route
Jamesfurt, SD 48052",Jamesland,cynthia90@example.com,105573
310201,Keith Powell,Adkins-Hammond,"35720 Juarez Garden
Wrightstad, ID 95493",Port Jane,kperry@example.org,125705
310202,James Thomas,"Perry, David and Duncan","44823 Chan Springs
Lake Fernando, IN 16034",Lake Matthew,davidwright@example.org,131923
310203,Scott Jackson,"Burns, Snow and Soto","360 Shields Forge Apt. 641
Joneschester, KY 83385",West Abigail,ujohnston@example.org,147726
310204,Julie Garcia,"Rivera, Robertson and Wilson","61434 Stacy Lights
Nguyenbury, PA 43818",Davidside,hallen@example.com,89560
310205,Ryan Clay,Sherman-Hicks,"710 Erin Fields
Davidchester, DC 06049",Nicholeport,zhuffman@example.org,172999
310206,Victoria Ferrell,Ramirez Ltd,"37332 Danny Parkways Suite 005
Hollowayburgh, WI 54363",Taylorborough,brendan54@example.org,53119
310207,Jonathan Terry,"Allen, Woodward and Petty","97783 King Dale Suite 227
West Justinstad, PA 16332",West William,simmonsmatthew@example.com,186616
310208,Bryan Hancock,Joyce-Murphy,"44131 Grant Keys Apt. 581
Christopherstad, PW 89553",Kimberlyport,fyoung@example.org,55543
310209,Bryce Alvarez,Higgins Group,"6891 Nicole Loop
Mcleanview, DC 09294",New Biancaside,anthonyosborne@example.org,94456
310210,Jeremy Padilla,Guerra-Ward,"0405 Anthony Crossroad
Emilyport, MA 07163",Port Daniel,david71@example.com,142445
310211,Stephen Stevenson,Lang and Sons,"1975 Humphrey Avenue Apt. 430
Kleinburgh, WY 81235",Codytown,geraldmartin@example.com,118848
310212,Elizabeth Mora,Hernandez Group,"6297 Contreras Valley
Michealburgh, RI 74193",Jasonside,reidjordan@example.org,175179
310213,Sandra Perez,"Harrell, Simmons and Pitts","13981 Williams Canyon Suite 324
Weberchester, OK 13298",Myerston,william70@example.com,154108
310214,Glen Wood,"Kelly, Duncan and Allen","599 Brian Extensions
North Tracy, WA 68617",East Amandamouth,antoniohouston@example.org,74571
310215,Chelsea Cochran,Dixon-Andrade,"4091 Douglas Mall Apt. 097
East Michael, KS 56121",Lake Jamesville,zgardner@example.org,114021
310216,Frank Hardin,Norris and Sons,"73810 Stafford Manor Suite 686
New Stephanieshire, AL 15245",Port William,christinehiggins@example.org,127979
310217,Meghan Barrera,"Hess, Miller and Robertson","858 Smith Forks
North John, UT 14006",Hutchinsonville,matthew78@example.com,140404
310218,Dr. Alyssa Fisher,"Butler, Walters and Scott","9269 Jerry Trail
North Reneemouth, ND 86344",South Danielleport,qkelly@example.org,167323
310219,Monique Preston,"Lee, Smith and Lawson","9104 Jason Corners
Grantmouth, OK 92973",Bradleyberg,danielle26@example.net,109944
310220,Christopher Shah,Lucas PLC,"USCGC Brown
FPO AA 65248",Lake Jasonmouth,whitedaniel@example.com,192032
310221,Joseph Brown,Perry-Murphy,"954 Evans Causeway Apt. 742
New Paulburgh, NV 55838",South Stevenland,lindawalker@example.net,162286
310222,Lance Salazar,Garcia PLC,"1894 Diaz Common
Thompsonview, FM 74345",Troyville,jerryhicks@example.org,140479
310223,Danielle Duncan,Zuniga and Sons,"770 Timothy Bypass
West Scottside, NY 23817",Hernandezbury,diazaustin@example.net,81238
310224,Mrs. Julie Smith DDS,"Marshall, Malone and Wood","359 Dudley Centers Apt. 539
North Garymouth, WI 61993",South Brandibury,rharris@example.com,172545
310225,Dr. Matthew Lopez MD,Beasley-Castillo,"59823 Burnett Lodge
South Kathleenborough, MA 58793",East Robert,rosejuan@example.com,136248
310226,Mary Bradley,Taylor Inc,"1512 White Extensions Apt. 502
Dennisville, KS 57807",Lake Angelafort,connerrachel@example.org,106059
310227,Michael Green,Phillips-Sawyer,"91263 Laurie Manor
Andradehaven, NJ 38976",South Dylanfurt,adam55@example.org,123373
310228,Jessica Lang,"Gonzalez, Paul and Burke","1010 Zachary Cliff Suite 864
Smithburgh, PR 10869",Campbellmouth,sarahcarpenter@example.net,136803
310229,James Daniels,"Perez, Jones and Carter","513 Andrew Mill Apt. 982
North Mallory, MI 07818",Port Victor,jonathan20@example.net,52308
310230,Timothy Hurst,"Henson, Dominguez and Turner","1712 Alicia Spring Apt. 215
Hunterton, AL 26825",Franktown,wharrell@example.com,128477
310231,Mrs. Lisa Johnson,"Miles, Wood and Macias","23942 Daniel Branch
Floreston, OH 78961",Shirleyport,mpierce@example.org,102902
310232,Rachel Smith,Stephenson-Burton,"9542 Alvarez Plaza Suite 618
Kingfort, IL 67307",Kaylaton,latoyajohnson@example.net,114053
310233,Bernard Walton,Franklin-Morris,"PSC 4063, Box 1723
APO AE 42989",Kristaburgh,antonio41@example.net,182586
310234,Stefanie Lopez,"Lee, Miller and Evans","245 Amber Prairie
Lopezstad, ME 24949",Lewisfurt,thompsonjoanne@example.net,159637
310235,Matthew Miller,Brown-Silva,"0418 Jonathan Drive
Meyerland, MN 44825",New Karenborough,huangdonald@example.org,117999
310236,John Ramirez,"Sharp, Gonzales and Jacobs","4544 Friedman Centers Suite 861
Smithmouth, LA 88943",Jonesside,katherinewalker@example.net,192595
310237,Alicia Gonzalez,Marshall and Sons,"099 Shane Plaza Suite 917
South Hayleystad, SC 78887",Port Lisafort,dylancarson@example.com,143596
310238,Ashley Jenkins,"Gibson, Griffin and Brooks","123 Smith Parkways
South Juliamouth, PR 70529",Popeview,jeffersonjohn@example.net,108287
310239,Bryan Shelton,Clarke PLC,"1781 Jermaine Trail
North Matthew, VA 36775",Rayborough,joseph27@example.net,74699
310240,Robert Trujillo,Rice-Santos,"52299 Anthony Islands Suite 511
Taylorborough, MO 18053",Wileyville,carrieramirez@example.com,143307
310241,Harold Jennings,Clark-Smith,"51546 Barry Radial
Cooperport, CT 29254",Port Angieton,butlermolly@example.net,52074
310242,Jerry Roberts,"Velasquez, Higgins and Acosta","03325 Hunt Forest Suite 730
New Peterbury, ID 96937",Zacharyport,jdunn@example.com,145553
310243,Mr. John Rodriguez,"Cabrera, Hammond and Novak","239 Flores Hills Suite 011
Martinbury, AZ 09084",North Elizabeth,sullivanbrian@example.com,134538
310244,Robert Raymond,Elliott-Cruz,"843 Roberto Landing
West Brandon, SC 85129",Julieland,rgarcia@example.net,195301
310245,Maxwell Olson,Villa-Morris,"850 Rowe Divide Apt. 478
Danielbury, AS 51267",Carriemouth,yrogers@example.org,104708
310246,Joshua White,"Clayton, Lyons and Morgan","7009 William Trail Apt. 432
East Aaronborough, NJ 57899",Lake Zachary,cody32@example.net,143293
310247,Beth Garcia,Cole-Hale,"680 Yang Haven Apt. 698
New Rogerbury, NJ 33655",Jenniferfurt,xadams@example.net,67453
310248,Terry Aguirre,Best Ltd,"USCGC Mitchell
FPO AP 13818",Weavertown,xwood@example.net,170104
310249,Eric Norman,"Garcia, Powers and Tran","9762 Chambers Run Suite 496
Garyville, TN 05047",Lake Anthony,michelemoran@example.com,150812
310250,Mark Hopkins,Santos PLC,"8976 Johnston Turnpike Suite 452
East Kaylee, NY 72740",Barryland,vazquezcarl@example.com,161974
310251,Robert Adams,Davis-Anthony,"4879 Austin Squares Apt. 070
Brooksburgh, FM 11011",Port Kayla,morgangeorge@example.org,184226
310252,Erica Gillespie,Carter-Cooper,"85118 Steven Wells Suite 163
Bennettland, MI 27748",Greenchester,william21@example.org,130515
310253,Alexis Nunez,Morrison-Clay,"PSC 9013, Box 6732
APO AE 59165",Woodsbury,npadilla@example.com,107861
310254,Holly Bradford,"Kelly, Garcia and Jenkins","108 Patricia Port
Knightland, ME 86712",Wilsonfurt,qbaxter@example.com,121210
310255,Marisa Norton,Torres-Jones,"Unit 8195 Box 8502
DPO AA 15512",East Glenntown,donna64@example.com,195008
310256,Michelle Robinson,Farrell and Sons,"20238 Dominguez Garden Suite 413
Johnsonport, IN 21211",Smithfort,owright@example.org,109132
310257,Rachel Harper,Adams-Mclaughlin,"59760 John Roads Apt. 317
Robinsonland, IL 35276",Mcintoshstad,anthonyjennifer@example.org,181429
310258,Diana Villarreal,Parsons-Moran,"2857 Cooper Garden
Jodiborough, KY 45625",East Mark,qgarcia@example.com,129504
310259,Billy Glover,Cannon-Haynes,"383 Bernard Center Apt. 286
New Jefferyland, ID 02927",Robertfurt,vhall@example.net,53187
310260,Amber Walker,Anderson-Smith,"40232 Stephens Inlet Apt. 860
Lake Amyberg, MS 12481",South Theresabury,christopheranderson@example.org,93417
310261,Jennifer Davis,Brown-Barrera,"82990 White Forge Apt. 082
East Kimberlyland, GU 15415",East Tanner,lindsey16@example.net,197023
310262,Dr. Catherine Flores,"Munoz, Gill and Johnson","092 Kevin Way
West Kimberlybury, AR 59264",Millerside,meyerryan@example.net,148604
310263,Zachary Scott,Garcia-Silva,"99308 Ramirez Village
Lake Andrea, VA 59734",East Laurastad,gabrielclay@example.net,133960
310264,David Vargas,Carroll PLC,"064 John Overpass Apt. 600
Michelleview, ND 20875",Andersonchester,ryanfields@example.net,93593
310265,Ryan Stevens,"Mahoney, Lawrence and Young","1999 Daniels Shoals Suite 786
New Donaldfurt, PW 89863",Heatherchester,patricia18@example.net,67501
310266,Mark Clay,"Griffin, Chaney and Kent","0561 Cook Island Suite 143
Williamston, NJ 05940",Victoriabury,lauranunez@example.com,193644
310267,Deanna Johnson,"Logan, Wright and Sandoval","40353 Olsen Greens Suite 371
Smithfurt, AK 86260",Andersonfort,fmiller@example.com,195267
310268,Alexandra Anderson,Morris PLC,"0761 James Stravenue Apt. 696
Davishaven, CO 71492",New Allen,msnyder@example.com,56841
310269,Brian Benjamin,Morris-Sellers,"Unit 9700 Box 5232
DPO AP 96869",Angelashire,michael03@example.org,67806
310270,Stephanie Dunn,"Romero, Scott and Rodriguez","47039 Ashley Turnpike
New Dianachester, TX 44219",West Jenniferville,wardmichelle@example.org,119887
310271,Donna Morgan,Porter-Miranda,"74439 Malik Manor
Lopezland, NM 24099",Joycemouth,marythomas@example.com,184543
310272,Kelly Hall,Ayers-Grant,"USNV Beltran
FPO AE 71494",West Micheal,travis18@example.com,95517
310273,Laura Carter,"Garcia, Green and Brooks","USS Hall
FPO AP 77900",East Williamville,codyfarley@example.com,75943
310274,Kimberly Murphy,Hammond PLC,"7527 David Flats Suite 593
South Jeffery, IN 42371",North Isabelport,michael17@example.net,81254
310275,Christopher Black,Brown-Jones,"73486 Barrett Mountains Apt. 048
Lake Jamesfurt, OR 98410",Gomezhaven,msmith@example.org,139275
310276,John Hicks,Sanchez Ltd,"07181 Lee Run
Stevenshire, VA 86874",Wongberg,sharon80@example.org,117618
310277,Kevin Burgess,Wells-Rowe,"PSC 0524, Box 9871
APO AP 92472",Mendozaside,amy25@example.net,50052
310278,Michael Lopez,Jones-Johnson,"77437 Jordan Center Suite 248
Albertborough, GU 45544",New Erin,lisarodriguez@example.net,62729
310279,Abigail Scott,Holden-Haynes,"6846 Evans Expressway
Laurafort, VA 83268",New Sarahshire,russellharrison@example.net,124396
310280,Erin Sloan,Patel Inc,"834 Hamilton Shoals
Johnside, VA 05540",South Andreside,yatesrobert@example.net,163263
310281,Jimmy Hayes,"Wu, Klein and Watson","387 Ramirez Locks Apt. 391
Danielland, FL 49457",Vaughnbury,patriciacarter@example.com,193838
310282,Thomas Garcia,Fields-Kane,"85553 Kent Lights
East Karen, WV 10009",Johnton,jessica41@example.org,134477
310283,Jason Aguirre,West-Allen,"6516 Juan Mount Suite 361
Wilcoxside, MT 74557",Michaelville,elizabethmcdaniel@example.com,165014
310284,Christopher Brooks,"Washington, Ware and Evans","40219 Alicia Brooks
Lake Michelleton, ND 91943",Edwardshire,knightmichele@example.com,152038
310285,Lori Lloyd,Perez-Shields,"744 Kelly Station Apt. 124
Lake George, ND 64571",Cathyville,fanderson@example.com,175990
310286,Patrick Cooke,Kennedy-Hardy,"762 Baird Springs Suite 641
Port Samuel, VA 87868",Davidborough,ppatrick@example.net,125871
310287,Chelsea Mclean,Marsh-Crane,"9078 Dana Overpass Apt. 361
North Rhondastad, NV 62280",Schmittfort,craiggrant@example.org,83585
310288,Yolanda Macdonald,"Jones, Brown and Thomas","58135 Cardenas Mill
Jensenchester, PW 08580",Keithchester,ericksonkevin@example.com,110457
310289,William Taylor,Guerrero Group,"2223 Thomas Rue
Mistyfurt, VI 52453",Derrickmouth,angelacarlson@example.org,50177
310290,William Farmer,"Kent, Smith and Keller","8357 Santana Crest Apt. 538
Nicoleborough, TN 57792",Sanchezport,brettrojas@example.net,197285
310291,Brittney Young,"Bautista, Smith and Soto","PSC 2545, Box 6154
APO AP 15318",Lake Justintown,yhopkins@example.org,96318
310292,David Wong,Williams PLC,"15572 Jeremy Common Apt. 923
East Warrenton, PW 29074",North Tiffanystad,ashley39@example.com,132616
310293,Jason Francis,Turner-Lin,"5747 Dylan Ferry Suite 694
Christymouth, PA 66409",South Patricia,wgeorge@example.org,82439
310294,Timothy Moore,Russell and Sons,"62352 Christopher View
