@example.net,128970
8858,Christopher Hicks,"Johnson, Johnson and Foster","0952 Thompson Forks
South Derek, WI 27315",Thomasside,victoriapatterson@example.org,56590
8859,John Cherry,Gonzalez-Mcdonald,"288 Michael Divide
North Amyport, HI 42047",Port Karen,jeremy10@example.net,64247
8860,Richard Dalton,"Rodriguez, Pineda and Rivera","4368 Davis Hollow
West Andrewfort, PR 91852",Williamsmouth,iliu@example.com,116569
8861,Stephanie Hatfield,Melendez-Gray,"7712 Brent Wells
Graychester, AL 63352",Kristenborough,denisesummers@example.com,129536
8862,Dawn Casey,Spence-Harrell,"8904 Nicholas Shoal Suite 270
Holmesview, OH 09480",New Valerie,mosborne@example.net,139196
8863,Christina Bailey,Rhodes Ltd,"9358 Kimberly Estates
West Gary, AL 32022",Ramseyfort,holly01@example.com,150749
8864,Micheal Harper,"Jones, Armstrong and Wright","3502 Roberts Islands Suite 021
New Blakemouth, WI 61898",Lake James,crawfordchristopher@example.com,161278
8865,James Hamilton,Bishop Inc,"6622 Gregory Creek
South Josephton, MA 37084",Lindabury,mooremichelle@example.com,113812
8866,Kimberly Brown,"Schroeder, Johnson and Roberts","7306 Christine Stream
Audreyview, AR 14608",Christyside,miguel35@example.net,181327
8867,Teresa Griffin,"Joseph, Short and Griffin","1827 Edwards Drive
South Carolyntown, LA 63565",Port Michael,nathanielwilliams@example.net,178838
8868,Johnny Walters,"Martinez, Fernandez and Mcguire","061 Romero Flat
Butlertown, MI 18158",Lake Crystal,deleonzachary@example.com,177436
8869,Holly Sexton,Lee Ltd,"9670 Norma Motorway
Port Paul, OH 34124",Port Jacobfurt,briannamarshall@example.net,185648
8870,Brian Brown,Valdez-Jones,"7237 Davis Meadow
North Brandon, OR 75985",Juanfurt,vclark@example.org,96674
8871,Jennifer Keller,"Jackson, Black and Greene","63700 Glenn Glens Suite 357
Parkermouth, SD 50454",Lake Stevenland,stephaniequinn@example.com,161969
8872,Ian Adams,"Ramirez, Barnett and Weaver","85009 Allen Ferry
East Amanda, MD 96526",Raychester,john22@example.com,57206
8873,Justin Melton,Graham Inc,"691 Angelica Springs
Billyberg, WY 62401",New Mollytown,deborahhuynh@example.net,101063
8874,Alec Nguyen,"Rice, Hull and Edwards","67650 Kimberly Harbor
Vernonburgh, CA 90656",Hernandezton,bethvincent@example.net,163305
8875,Holly Dominguez,"Young, Alexander and Graham","0392 Myers Square Apt. 271
Laurenburgh, AL 88447",South Natalieberg,msantos@example.org,120816
8876,Jessica Montgomery,"Sullivan, Moore and Price","784 Jason Creek Suite 969
New Marissa, NY 20695",North Lauramouth,johnortiz@example.org,152613
8877,David Payne,Morrison and Sons,"69535 Cruz Manor Suite 454
Tiffanyport, IA 97441",Michaelview,martinezmichele@example.com,178483
8878,Randy Richards,"Martin, Garner and Osborne","1997 Zachary Loaf Apt. 186
Robertport, ME 89720",Rachelstad,blankenshipbrooke@example.org,144690
8879,Rhonda Pham,"Banks, Lowe and Potts","736 May Flat
Lake Morganland, KY 77987",New Steven,kbird@example.com,120649
8880,Rebecca Scott,"Grant, Greene and Smith","7112 Kevin Field Suite 744
Thomasmouth, NM 09412",Brooksburgh,jonathanpatterson@example.org,158303
8881,Erika Perez,Andrade-Chen,"072 Kathleen Motorway Suite 313
Youngport, LA 44706",Knighthaven,lisa70@example.com,106892
8882,Brad Gonzalez,Clements Inc,"6635 Nicholas Plaza Apt. 356
Jessicaland, SC 03346",Elizabethside,youngdaniel@example.com,182890
8883,Jennifer Martin,Walker-Donaldson,"USNV Arnold
FPO AE 01616",Michellechester,stevennguyen@example.org,55675
8884,Chad Lee,Schneider Inc,"8649 Martinez Street
West Andretown, FL 02577",Lake Eric,jeremyrivera@example.org,159904
8885,Jessica Page,"Solomon, Snyder and Johnson","97517 Brown Ramp Suite 166
Jameschester, KY 84182",West Jennifershire,johnsonmary@example.org,143972
8886,Christopher Walton,Green Group,"61251 Alicia Vista
West Ryanburgh, AZ 29668",Johnsonhaven,tkrueger@example.net,113358
8887,Robert Johnson,"Velasquez, King and Davis","26696 Jeffery Streets Apt. 719
Cannonton, DC 93131",Lake Cody,norriswilliam@example.org,63679
8888,Jeffrey Espinoza,"Johnson, Hanson and Martin","071 Miller Wells
Andrewmouth, FM 24069",North Ruth,fblack@example.net,154013
8889,Garrett Allen,"Rogers, Peters and Montes","661 Michael Junctions
West Josephton, OR 83348",Lynchberg,hbennett@example.org,117988
8890,Duane Hooper,"Mercer, Odom and Bailey","0535 Flores Glen Suite 399
Amandaport, AL 74614",Owenstown,mphillips@example.org,191952
8891,Scott Young,Brown and Sons,"7433 Lopez Canyon Apt. 545
Lake Erin, MH 69180",Port Gina,michaelwilliams@example.net,81800
8892,Lindsay Young,"Carter, Rivera and Silva","92731 Amanda Trace Suite 841
New Bethchester, OK 21933",Port Rebeccahaven,nancyfloyd@example.com,82485
8893,Shane Rush,Murphy PLC,"PSC 4686, Box 8459
APO AE 38442",Port Darrenland,benjamin65@example.net,99817
8894,Alicia Williams,Morrow-Cain,"9252 Eric Fork Apt. 138
Annaton, NH 75764",West Ericville,vhancock@example.com,95626
8895,Tiffany Myers,"Brown, Brown and Marks","387 Denise Dam
East Susanbury, PA 21648",New Nancybury,latkins@example.com,82260
8896,Tommy Hoffman,Johnson-Caldwell,"954 Wood Ports Suite 114
Lake Loriland, NY 73028",Nicoleland,kelli55@example.org,60345
8897,Cheryl Ramirez,Reyes and Sons,"287 Taylor View Apt. 590
New Carrieburgh, TN 40582",Lake Zacharyfurt,garycruz@example.org,194616
8898,Debbie Davis,"Martin, Wallace and Shaw","483 Walter Villages Apt. 067
New Jeffrey, MS 18095",Natashaville,mbeck@example.com,110751
8899,Brenda Chambers,Singleton-Wagner,"3672 Sanchez Circles
Tannertown, NV 75818",West David,toddduncan@example.org,171645
8900,Donna Bruce,Aguirre-Rogers,"878 Obrien Green
Garrettview, MH 44228",Austinshire,david03@example.net,106278
8901,Steven Golden,Chambers-Jimenez,"14140 Harris Harbors Apt. 032
Tiffanytown, NC 58753",Lake Michele,juanriddle@example.org,151400
8902,Richard Vance,Strong-Klein,"57013 Tim Stream Suite 672
Lake Maryberg, MD 09874",Wilkinsmouth,andrew89@example.org,188628
8903,Tanya Hall,Huynh LLC,"1758 Coffey Mount
Lake Christopher, MS 68238",Josephberg,jerry81@example.net,116153
8904,Jessica Guzman DDS,Vargas Ltd,"2782 Jerry Circle
Brittanyside, VI 91148",Port Jennifer,cherrera@example.com,195505
8905,David Moreno,"Obrien, Goodman and Taylor","554 Hughes Isle
Jonathonhaven, MN 45228",Curtischester,brandiburch@example.org,102123
8906,Corey Ramirez,"Adams, Lewis and Murphy","USS Cruz
FPO AA 34035",Marieburgh,williamsbilly@example.org,188393
8907,Michael Yates,Ross-Wilson,"16520 Eaton Meadows
Port Michael, DC 85022",Nicholsmouth,carol08@example.com,188921
8908,David Vazquez,Mcintyre-Phillips,"50321 Christopher Centers Apt. 384
Valeriefurt, NJ 06317",Andreaberg,mbrooks@example.net,152803
8909,Jennifer Glenn,Miller-Chandler,"471 Coleman Field
Pachecoburgh, IN 11863",South Karimouth,marissaanderson@example.org,74128
8910,Juan Bell,Cochran-George,"2411 Horton Freeway
Millerstad, NV 80029",East Richard,davidnguyen@example.org,87734
8911,Jonathan Reynolds,Jarvis PLC,"620 Kyle Glen
Ashleyfort, MA 21416",Roseside,jfleming@example.org,130095
8912,Melissa Wade,Barrera-Fischer,"7441 Jackson Wells
Stevensmouth, FL 43439",Lake William,nichole01@example.org,152195
8913,Dominique Norris,Smith Inc,"65739 Mike Light Apt. 387
Davismouth, ND 51847",New Joyce,manningwilliam@example.org,145879
8914,Victoria Barron,"Newman, Sullivan and Kramer","1546 Garcia Gardens
Brittanyhaven, NV 99657",East Natalie,stephencollins@example.org,131973
8915,Mrs. Brittany Rodriguez,"Huffman, Hart and Davis","4632 Mackenzie Groves Suite 617
West Melanie, NE 40056",South Royfort,kevin48@example.org,192261
8916,Lisa Smith,Key Inc,"Unit 1488 Box 7360
DPO AA 54510",Christopherside,williamhopkins@example.com,95787
8917,William Lopez,Flores Group,"591 Gibbs Vista
Lake Keithborough, VA 70685",South Michelle,richard20@example.org,58242
8918,Kenneth Clay,Sutton Inc,"5460 Luis Spur
Danielview, SD 47250",Aliciaton,lthompson@example.com,104406
8919,Jerry Rhodes,Rodriguez-Miller,"48163 Stephanie Rue
New Andrewview, PR 83626",Port Billy,asosa@example.net,146310
8920,Sarah Watkins,Nelson-Kim,"24693 Daniel Brooks
Lake Michelle, WV 63662",Lake Jamesport,jenkinschristian@example.com,170719
8921,Leslie Ross,Cole-Clarke,"97835 Brandon Islands
Fitzgeraldchester, IL 48558",Feliciaton,vwells@example.org,154607
8922,Kathy Nunez,"Evans, Poole and Freeman","12627 Duran Shoals
Seanborough, GA 22862",Kennedyfurt,rjames@example.net,62827
8923,Mary House,Zamora LLC,"312 Weiss Vista Suite 259
Katherinetown, DC 37687",Carrollport,jocelyn03@example.org,185595
8924,Alan Taylor,Walker Inc,"20543 Thompson Knolls Apt. 316
Port Nicholas, WV 30521",Michaelside,lisasmith@example.org,132506
8925,Troy Pope,Simpson Inc,"240 Megan Ridges Suite 606
Port Philip, FM 59531",Pamelatown,mooneysarah@example.org,158604
8926,Tony Edwards,"Castillo, Sutton and Morgan","35709 Stephens Run Apt. 897
North Michael, CA 69527",Georgeview,jessica46@example.com,58984
8927,Alexander Allison,"Arnold, Heath and Jenkins","3551 Wilson Neck
West Kristin, VT 87790",North Davidville,scottburns@example.net,66422
8928,Kyle Hatfield,Allen and Sons,"2104 Martinez Ranch Suite 508
South Markshire, ME 05766",Clarkburgh,joel41@example.net,68266
8929,Jonathan Cox,"Reeves, Wheeler and Carr","3484 Angela Village Suite 344
East Robert, NC 87723",East Connor,roger95@example.org,94553
8930,Wendy Taylor,Davis-Robles,"7712 Destiny Court Suite 742
West Jasonbury, VT 67383",Mercadobury,sheila05@example.org,183415
8931,Thomas Green,"Solomon, Galloway and Johnson","Unit 6825 Box 8996
DPO AE 45567",Huntport,robert83@example.com,155600
8932,Debra King,Anderson Group,"717 Shea Throughway
South Michael, AR 09143",Lake Kimberlyborough,kingjustin@example.net,179514
8933,Shane Roberts,Gonzalez-Maynard,"622 Michael Field
South Shannonhaven, AL 87163",Maryfurt,chancock@example.com,117466
8934,Keith Smith,"Douglas, Rivera and Larson","897 Sharp Station
Longfort, MS 39929",Lake Melissa,lrogers@example.net,193802
8935,Leonard Stewart,Wilson Group,"9205 Eric Tunnel
New Mario, MT 67800",Ronaldton,vrich@example.net,105503
8936,James Miles,"Garcia, Mitchell and Evans","95767 Watson Radial
Adamsborough, HI 75555",Justinton,kayla45@example.com,114124
8937,Michael Porter,"Williams, Garcia and Allen","3587 Hicks Squares
South Rhonda, DC 86907",South Raymond,copelandandrea@example.com,144363
8938,Paul Cox,Johnson-Frazier,"66289 Janet Estate Apt. 641
South Erica, NH 29745",Loriton,ewalker@example.com,189167
8939,Lynn Erickson,Harmon Inc,"811 Emily Trace Suite 005
Waltonchester, ME 48903",Roberttown,danielshelley@example.net,184368
8940,Travis Newton,Johnson-Melendez,"200 Pierce Plaza Apt. 071
North Claire, MA 71815",Andrewfort,barrtheresa@example.net,80190
8941,Ian Reyes,Carpenter Group,"495 Dennis Mission Suite 380
West Ericaport, MH 26343",West Kendra,cartershawn@example.net,138327
8942,Linda Rodriguez,"Bates, Solis and Robinson","Unit 9248 Box 8591
DPO AA 61881",East Jamesfort,stephaniemyers@example.net,164205
8943,Henry Lamb,"Butler, Lara and Stone","075 Deborah Keys
West Karifurt, WI 61243",Port Matthewbury,garyflores@example.net,115878
8944,Eric Allison,"Garrett, Lopez and Romero","40423 Zachary Gardens
Port Chaseburgh, ID 15852",North Kristin,hmcmillan@example.net,173307
8945,Cody Matthews,Harvey-Davis,"11465 Duarte Plain
Shaffermouth, MN 56510",North Shelly,bullockpaul@example.com,122236
8946,Dwayne Burch,Williams-Johnson,"79053 John Views
Andrewfort, MN 67678",Lake Karen,bentonalexander@example.net,190270
8947,Tiffany Lawrence,Butler-Morrison,"58147 Monroe Freeway
Port Melissa, FM 74033",South Juan,agonzalez@example.net,54648
8948,Maria Trevino,Garcia-Hernandez,"52631 Miller Land Apt. 465
Marissaborough, GU 72694",Jotown,jonescynthia@example.net,136370
8949,Robert Odonnell,"Rubio, Shields and Peterson","52824 Alyssa Pass
Kristenview, UT 64274",Mendezview,ballardjulia@example.net,50441
8950,Norma Glover,Russell-Mcmahon,"6000 Gordon Corner
Dorothyshire, WI 34817",Lewisberg,pwilliamson@example.com,164912
8951,Lisa West,"Vega, Lester and Salazar","781 Hunter Knolls Suite 830
Kerriport, PR 32493",South Garyville,kwilliams@example.com,147101
8952,Holly Green,"Rogers, Odonnell and Smith","14426 Michelle Fort
Port Edward, NM 87741",South Rogerside,sarahrivera@example.com,73587
8953,Lori Callahan,Mcguire Group,"9259 Elizabeth Gateway
West Marcoville, FM 91866",South James,alice09@example.com,123102
8954,William Smith,Lee-Long,"594 Brian Valleys Apt. 536
Simpsonview, NV 78201",South Heathermouth,patrick58@example.net,124910
8955,George Palmer,Nichols-Steele,"0496 Renee Village
Carpenterview, AK 08919",Port Mitchellfurt,jacksontonya@example.com,91907
8956,Kara Johnson,Lowe Group,"242 Jessica Prairie Apt. 619
Lisaburgh, MS 01856",New Johnmouth,amy43@example.com,92431
8957,Jason Cole,Jones-Hammond,"46560 Winters Loop Suite 244
New Emmaport, NY 25440",Rileyfort,oaustin@example.net,81443
8958,Tracey Ryan,Lloyd PLC,"0982 Matthew Greens Apt. 412
West Jonathan, WI 68828",Amyfurt,ihodge@example.com,120302
8959,Allen Zimmerman,Ortiz-Hill,"651 Richard Hill
North Lauraborough, PW 21311",North Alexis,cwilliams@example.net,158220
8960,Ashley Thomas,"Blackburn, Black and Rodriguez","8901 Janet Island Suite 477
Lake Williamburgh, NV 57359",North Devinhaven,paulwilliams@example.com,140632
8961,Teresa Gonzalez,"Fitzgerald, Lopez and Smith","83509 Cook Corner
Rebeccabury, NH 89859",Bauerburgh,progers@example.net,116583
8962,Sarah Garner,Oliver-Harrington,"62654 Salazar Points
Millertown, KY 88419",Lake Nathan,crystalphillips@example.org,103082
8963,Stephen Clark,Baird Inc,"962 Bradley Green Apt. 060
Carrollview, MP 44189",New Richardview,omiller@example.com,85210
8964,Michelle Poole,Roy-Sanford,"615 Dudley Junctions
Christinaburgh, MA 88483",Troyberg,zimmermanjerry@example.com,179856
8965,Mia Beck,"Brewer, Jenkins and Williams","365 Jamie Ridge
Lake Michelle, MP 69240",North Barbara,oingram@example.org,175914
8966,Jackson Whitney,Sandoval Inc,"7192 Antonio Prairie Suite 259
Guyborough, LA 52154",Stevenston,xnguyen@example.net,174319
8967,Jacqueline Thompson,"Olson, Berry and Lopez","08165 Smith Plains
East Stacy, WV 66770",Adamshire,jamesrogers@example.org,149774
8968,Joseph Gibson Jr.,"Torres, Wagner and Klein","184 Brandy Extensions
Madelineborough, PW 35192",Courtneymouth,crystalcowan@example.com,140441
8969,William Compton,Cooper-Weaver,"951 Chapman Courts
Tracyport, CT 10174",New Ritaland,brightjeffrey@example.com,137576
8970,Patrick Williams,Clark Inc,"2270 Jenna Knoll
Lake Gregoryville, VA 11136",Lake Oscar,tlopez@example.net,191433
8971,Michele Meadows,"Stephens, Spencer and Martinez","27254 Davis View
Port Andrewmouth, IN 46413",Dianatown,ryan01@example.net,114992
8972,Amy Macdonald,Haney Inc,"58466 Kathryn Mount
New Philipton, MN 73131",East Joanmouth,jessica69@example.com,165744
8973,Melinda Peterson,"Choi, Hoover and Wright","1584 Maldonado Fall
Angelaburgh, ID 48555",Sanchezmouth,parksjon@example.org,128417
8974,Stephanie Long,Davis-Curtis,"PSC 0381, Box 5551
APO AE 67537",Floydshire,markzimmerman@example.net,141584
8975,Rachel Mccarthy,Ellison Group,"9250 Cummings Burg
South Amanda, AZ 86011",Garciaton,fholland@example.net,192937
8976,Erica Richardson,Rasmussen Ltd,"367 Vincent Trail Apt. 348
New Christopher, GA 96173",North Kennethhaven,dcollins@example.com,158375
8977,Patrick Owens,"King, Smith and Jensen","758 Jeffrey Walk
Mckaymouth, IA 23499",Jenniferstad,vfernandez@example.net,115210
8978,Rebecca Moore,"Strickland, Dean and Jones","8323 Jay Hill Apt. 404
Dominguezville, VA 25631",Ericberg,stacylutz@example.org,100477
8979,Mark Rogers,Maldonado Inc,"88584 Angela Tunnel
Kathleenview, UT 71629",Markstad,ibrown@example.org,56861
8980,Erin Brewer,"Brooks, Russell and Andrews","109 Beasley Track
Stephensburgh, CT 10856",East Monica,whitecharles@example.com,150526
8981,Erica Morris,Henderson Group,"38707 Danielle Cliffs Suite 260
North Patrick, IL 60590",New Maryhaven,trhodes@example.net,148522
8982,Mr. Robert Smith,Allen-Williams,"8311 Johnson Lodge Suite 251
Michaelside, AR 23122",Edwardfurt,samantha96@example.org,105519
8983,Tamara Phillips,Morrow-Jones,"PSC 2899, Box 3278
APO AE 62106",North Ericaborough,schneiderjames@example.net,154970
8984,Karen Smith,Sharp-Wagner,"88520 William Hills Apt. 679
West Lisa, NY 83464",South Ryanside,lance02@example.com,131266
8985,Amanda Ward,Grant-Gonzales,"62870 