
212540,Andrew Reilly,Hodge Ltd,"584 Robert Dale Suite 407
Lake Seanbury, NJ 18968",Aprilport,robertsthomas@example.com,122561
212541,Jack Craig,"Lara, Reilly and Snyder","5744 Washington Radial
New Deniseshire, CT 57255",Lake Crystal,grayshannon@example.com,191311
212542,Erica House,Jones-Walker,"710 Monica Spurs
Hintonfort, IL 68231",New Mikehaven,dyoung@example.net,196989
212543,Stacy Houston,"Maldonado, Roberts and Weaver","5281 Shea Junctions
South Heatherville, OH 43705",Villegashaven,lsweeney@example.net,70138
212544,Daniel Perry,Mckinney-Vargas,"203 Kim Loop
Lake Dustin, WI 66515",Lake Amybury,dean85@example.net,180923
212545,Julie Johnson,"Grimes, Graham and Rivera","PSC 0820, Box 8592
APO AP 54653",New Carolport,tommy04@example.org,127176
212546,Kristie Hendricks,"Calderon, Kim and Smith","154 Christopher Burgs
Meganfort, TN 18493",North Martinview,adavis@example.net,177496
212547,Joshua Gonzalez,Phillips-Harris,"246 Christensen Ramp Apt. 570
Lake Jacqueline, VI 01346",East Melissa,vincentsalinas@example.net,182501
212548,Dana Pearson,"Kramer, Berry and Sanchez","56190 Bonnie Brook Suite 064
Mollymouth, MN 72920",New Laura,ttaylor@example.net,128585
212549,Joseph Smith,Smith-Perez,"97950 Justin Dale
New Johnshire, FL 62368",South Leahshire,steven96@example.net,197433
212550,Sandra Caldwell,Flores and Sons,"65734 Salinas Tunnel Apt. 586
New Jason, PA 71482",Riveraberg,rebecca36@example.org,129829
212551,Leah Williams,Hughes Inc,"8528 Robert Row
Amymouth, OH 73655",South Barbara,phillipdunn@example.net,120705
212552,Cassie Olson,"Fernandez, Smith and Moore","7784 Jason Trail
New Tracey, AK 62815",Walkerborough,sbrown@example.com,90895
212553,Selena Holmes,Turner-Watkins,"80621 Holmes Plain Apt. 512
Huffmanside, FL 16795",Joshuamouth,jessica27@example.org,134399
212554,Andrew Morrison,Miller and Sons,"60986 Miller Knolls
Port Melissa, MS 95566",Angelaport,odomkenneth@example.com,179149
212555,Randy Carpenter,"Thompson, Stuart and Hamilton","USNV Miles
FPO AA 65307",Lake Christinemouth,nross@example.com,147836
212556,Kent Holden,Baker-Manning,"0641 Torres Walks Apt. 764
New Richard, LA 82821",Lake Phillipstad,donna57@example.com,188318
212557,Jessica Jones,Trujillo and Sons,"3585 Lee Prairie Apt. 683
West Steventon, WY 17279",South Christina,imendoza@example.com,120667
212558,Kayla Parker,"Buchanan, Nichols and Potter","520 Lindsay Haven
Joystad, OH 09239",South Michael,troyglover@example.org,103443
212559,Andrew Weaver,Rodriguez-Henderson,"8419 Kelsey Harbor Apt. 263
South William, NH 25573",South Anthonyside,gford@example.org,191529
212560,Elizabeth Richardson,Brooks-Hughes,"751 Ramos Lodge
Billyland, KS 48232",East Nathanburgh,michelleknight@example.net,58757
212561,Amanda Vaughn,Vaughn-Dominguez,"13599 Ryan Causeway
Millerborough, WI 40568",North Kevin,michael58@example.org,105427
212562,Michelle Smith,Brady Group,"174 Roth Harbors
Port Natalieport, WY 55873",South Nancy,newtonrichard@example.com,110481
212563,Patricia Baker,Brown PLC,"8302 Davis Forge Suite 059
Harrischester, NJ 73582",New Crystal,xharvey@example.com,94436
212564,Kellie Finley,Snyder and Sons,"66242 Richard Point
Jeremyberg, AK 23684",East Lisabury,carlhood@example.com,84720
212565,Austin Pearson,Bright Ltd,"043 Howard Cliffs
Robinsonshire, HI 80580",New Austinchester,amy76@example.net,121212
212566,Tracy Mejia,Miller and Sons,"5637 Frank Burg
Mileschester, CT 19626",Port Michele,francissusan@example.net,181469
212567,Stacy Obrien,Roberts-Rhodes,"9687 Smith Flat Suite 526
Fowlerfurt, MP 55702",New Luis,micheal03@example.org,80551
212568,Steven Lopez,Lloyd PLC,"546 Robert Port Suite 737
Gregoryville, GA 10229",Lake Steve,jennifer61@example.com,121272
212569,Lindsey Wright,"Marquez, Harris and Prince","7144 Wells Fords Suite 209
Washingtonside, DE 20409",South Johnfurt,hreynolds@example.net,74729
212570,Claire Walker,Benton Ltd,"5168 Horn Circle
Hernandezstad, FL 94346",Joseside,maryreed@example.com,107597
212571,Cheryl Robbins,Bradford LLC,"299 Leah Lock Suite 114
Rachelberg, MT 93651",North Lisahaven,christopher42@example.org,167177
212572,Cameron Smith,English-Payne,"8651 Tyler Drive Suite 095
North Jerry, UT 46581",Ramosfort,jessica47@example.org,109519
212573,Misty Miller,Miles-Smith,"127 Ryan Hill Apt. 698
Marisafort, DC 37784",Port Rebecca,ngonzales@example.net,167743
212574,Jason Wheeler,"Rivera, Church and Morton","11530 Morgan Mills
Port Janet, FL 24582",Franciscochester,whiteheadshelly@example.net,80049
212575,Jamie Rodriguez,Thompson-Rasmussen,"5431 Michael Views Apt. 796
Douglasview, SC 53428",New Jordan,tapiajames@example.org,172447
212576,Ashley White,Ruiz-Hurley,"85846 Phyllis Ridges Suite 135
Johnbury, MA 32251",Roseland,emilyochoa@example.com,112412
212577,Gary Scott,Lucas-Arellano,"430 Vickie Ranch
West Brandonville, NE 86774",Port Jeffrey,blairbrittany@example.net,88417
212578,Mathew Green,"Reyes, Ortega and Crawford","5098 Brown Tunnel
South Angela, MT 29483",Gomezshire,james59@example.net,99241
212579,Mike Thompson,"Serrano, Arias and Vargas","535 Scott Points Apt. 489
Hoffmanberg, ND 54278",Theresaville,tonya13@example.net,60082
212580,Elizabeth Jenkins,Wheeler PLC,"005 Mora Glens
New Keithland, NH 67492",Sampsonton,maykimberly@example.net,59616
212581,Lindsey Carpenter,Barnes-Burton,"88780 Rowland Alley
Danielmouth, ND 69175",East Zachary,kaylawhite@example.net,54486
212582,Kenneth Jones,Cooper-Saunders,"8879 Lee Cove Suite 627
Murphyville, OH 54947",Adamborough,brian27@example.com,132832
212583,Melissa Garcia,Bradford PLC,"9690 Lawson Dale
Nelsonshire, MS 84333",Soliston,amanda20@example.com,120046
212584,Kelsey Fields,"Thomas, Pope and May","8886 Phelps Meadows Apt. 035
Thomasshire, TN 56830",East Michaelhaven,josephcarlson@example.net,173342
212585,Christina Paul,"White, Mueller and Davidson","60963 Jennifer Summit
New Shawntown, NE 90130",Lesliefort,tdaniel@example.net,90798
212586,Marvin Soto,"Brown, Garza and Ashley","80029 Clark Keys
Brooksport, RI 85698",Port Maxwellberg,kennethjohnston@example.net,87887
212587,Jennifer Martinez,"Mcintosh, Salas and Carrillo","1941 Gross Village Apt. 188
Robertview, AR 00643",Martinstad,mullinstamara@example.net,145004
212588,Douglas West,"Butler, Sims and Ramirez","900 Daniel Fall
East Rachel, IL 80626",West Christinachester,lindamartin@example.org,79868
212589,Robert Hernandez,"Watkins, James and Simon","3926 Lopez Turnpike Apt. 467
Huberfort, NY 16302",Seanstad,sharonvazquez@example.org,96849
212590,Anthony Cortez,Williams-Norton,"4788 Melissa Passage Apt. 631
Smithshire, NJ 05318",Christyville,fbates@example.com,55908
212591,Michele Trujillo,Hendricks Group,"48574 Bender Forge
East Bethany, IA 04609",Jasonville,william85@example.net,171970
212592,James Callahan,Howard Ltd,"8277 Stewart Fords
North Regina, KS 69570",North Derek,zeaton@example.org,55623
212593,Kelly Schwartz,"Schroeder, Fisher and Collier","PSC 3451, Box 4310
APO AA 44870",Lake Larrymouth,stevenfisher@example.com,134436
212594,Matthew Ramos,Wang-Harris,"4140 Aaron Throughway
Karenton, SC 60825",Jeffreyport,lisa44@example.com,77589
212595,Amanda Walker,Adams PLC,"6665 Joshua Estate
West Stacyfurt, AS 06398",Scottland,bgonzalez@example.com,198625
212596,Christina Swanson,"Taylor, Rivas and Perez","745 Justin Drive Suite 735
Port Randallstad, FM 81481",Veronicaview,donna43@example.net,186282
212597,David Price,Sullivan-Hughes,"USCGC Miller
FPO AP 45832",South Michael,russellhelen@example.com,166962
212598,Samuel Davis,Davis Group,"19365 Christopher Plains
East Kevin, PA 80080",Guerraland,lawrenceswanson@example.com,120132
212599,Casey Thompson,"Simmons, Taylor and Abbott","USS Torres
FPO AA 72992",Chasebury,idouglas@example.net,192143
212600,Alexander Palmer,"Baker, Hobbs and Rogers","8761 Barbara Fields Suite 432
Aaronfurt, MS 76041",South Janiceview,albert71@example.net,101683
212601,Bryan Hill,"Wright, Fisher and Murphy","53867 Barbara Ways Suite 398
West Thomasfurt, NC 38682",Ginashire,barnettaustin@example.org,94178
212602,Kim Jones,Wagner-Hall,"0832 Hawkins Brook Suite 148
South Jessehaven, PR 34221",Port Cheryltown,megan44@example.com,84432
212603,Joshua Harris,Douglas-Walker,"698 Margaret Island Suite 190
East Lisa, FL 44516",Zunigafort,xsantos@example.com,133927
212604,Cheryl Weaver,"Butler, Thompson and Osborne","Unit 9804 Box 3155
DPO AE 10029",East Anthonytown,hughestravis@example.org,78741
212605,Eric Myers,"Dominguez, Williams and Mccarthy","618 Eric Road
Lake Matthewmouth, DC 77858",Jacobtown,warddonald@example.com,195672
212606,Justin Morales,Porter-Hall,"244 Singh Drives Apt. 275
Warrenshire, CT 32046",Jonesberg,tabithaandrews@example.org,84722
212607,Kelly Knight,Thompson Ltd,"Unit 9808 Box 0146
DPO AE 83808",West Annette,michelle79@example.org,128403
212608,Alyssa Cisneros,Rogers and Sons,"88105 Wilson Meadows
West Briannaberg, PR 64137",Andersonfort,daybelinda@example.com,193734
212609,Thomas Pennington,"Hoffman, Jackson and Ross","100 Sheppard Turnpike
Cassandraport, WI 02627",Port Davidfort,rhondabuchanan@example.org,76899
212610,Jennifer Richards,"Jones, Gonzales and Saunders","8002 Robinson Club Suite 963
Acostatown, PW 53795",Lake Kristenchester,matthew81@example.com,143898
212611,Patrick Miller,Dickerson PLC,"6045 Bray Fields
Millerberg, PR 19961",Kimton,mirandaalexander@example.org,53859
212612,William Dean,"Wolfe, Willis and Johnson","34592 John Mountains
Lisaside, MI 63265",Robertville,olong@example.org,148298
212613,Brandi Franco,Anderson LLC,"92458 Thomas Square
Juliebury, GA 97915",Nunezfort,john80@example.org,185675
212614,Danielle Ho,Black-Sweeney,"15437 Timothy Dale Apt. 183
East Sean, VT 30409",New Shelleyport,leonard11@example.net,174056
212615,Robert Ward,Baker Group,"Unit 3958 Box 2432
DPO AP 87363",Smithville,amandashort@example.com,195071
212616,Anthony Edwards,Hayes LLC,"759 Justin Islands
Port Richard, GU 39469",North Victor,nshort@example.com,142190
212617,Annette Rich,"Harvey, Wallace and Thornton","22692 Austin Extension
Karinashire, PR 42727",Carlsonville,douglasryan@example.org,108058
212618,Sue Price,Lopez-Perez,"004 Amber Bridge Apt. 332
Lake Elizabeth, HI 05117",Bowenstad,kelleymaria@example.org,93136
212619,Mary Pham,Griffith-Smith,"8941 Melissa Ports Suite 829
North Abigailmouth, CO 86157",North Heatherhaven,carlosortiz@example.org,197324
212620,Carolyn Keith,Riley PLC,"8385 Olson Motorway
Bonniemouth, GU 01357",Morganmouth,pamela74@example.net,151959
212621,Sarah Herring,Quinn Inc,"615 Kenneth Plains
Amandabury, PA 85839",Lake Lawrenceberg,nhernandez@example.org,62366
212622,Jason Villanueva,Collins LLC,"15519 Matthew Motorway Apt. 967
Stephanietown, NH 09034",Jessicaville,martinezelizabeth@example.com,150029
212623,Antonio Powell,Bond Group,"8259 Palmer Lodge
Lake Cynthialand, AL 64652",Richardfurt,deleonamber@example.com,88103
212624,Laura Pruitt,Hudson-Arnold,"541 Amanda Lights
Lake Jessicatown, LA 50746",Port Anitaborough,matthew11@example.com,135006
212625,Madeline Roberts,Holloway-Mendez,"Unit 9066 Box 0231
DPO AE 81752",South Ashleyside,dean19@example.net,85962
212626,Allison Carlson,"Savage, Parrish and Gutierrez","08413 Gibson Plains
West Krystal, NE 47884",Marcusbury,bradley32@example.com,50394
212627,Evan Robinson,Young-Burns,"8271 Alexander Dam
Harrisfort, FL 99571",Justintown,strevino@example.net,174356
212628,Emily Gilbert,Lee Group,"650 William Overpass Apt. 993
Morrisstad, MA 14542",Michaelview,kristawalter@example.net,81136
212629,Scott Boyd,"Myers, Scott and Lee","718 Castro Club Apt. 992
Terrimouth, RI 90784",North David,smithdiane@example.net,77842
212630,Scott Mayo,"Boyd, Chambers and Taylor","659 Rebecca Plaza
West Nicole, ND 09294",Andersonview,dana07@example.com,90912
212631,Kristen Ballard,"Colon, Davis and Mitchell","672 Jack Prairie
North Matthewton, MH 63328",Katherinechester,lacosta@example.org,99635
212632,Amanda Barnes,King-Davis,"75803 Romero Mills Suite 566
Steinstad, WV 77189",Lake Derekberg,colson@example.com,76090
212633,Richard Alexander,Hood Group,"9836 Michael Terrace Apt. 593
Port Jessica, MN 89262",New Tiffanyton,paul01@example.org,129413
212634,Brenda Matthews,Bailey-Richardson,"4947 Stephanie Trail
Scottport, HI 65383",Aaronberg,cory13@example.org,67424
212635,Diane Bowman,"Williams, Park and Reyes","09193 Jared Ports Suite 416
Michaelton, NM 94577",Quinnland,ianstephens@example.org,122463
212636,Patricia Clark,Moore-Lambert,"49421 Amy Island Suite 931
Lake Brandi, MD 08965",Kimberlyfurt,castrovictoria@example.org,129653
212637,Melinda Galloway,David-Webb,"39010 Timothy Radial Apt. 340
Port Lisahaven, HI 09071",East Laurafurt,fordrichard@example.com,155950
212638,Katie Villarreal,Mcknight Ltd,"7856 Robert Stravenue
Lake Lisa, GA 02445",South Lesliechester,xjacobs@example.net,117303
212639,James Carter,Moss and Sons,"8351 Gonzalez Port
Port Donna, OR 97379",New Stephanie,dawnvaughn@example.net,164506
212640,Zachary Robinson,"Donaldson, Sanchez and Smith","009 Adam Hills
South Kimberlytown, NE 30245",Loriborough,vsmith@example.org,137403
212641,Mrs. Alyssa Lee,Dougherty LLC,"762 Gabriel Key Suite 676
Lake Seanmouth, SD 17677",West Luis,davidcherry@example.net,113757
212642,Christopher Russell,Burke Inc,"60866 Molina Roads Suite 102
Pamelaport, VI 23475",Lake Francis,marshalljessica@example.com,151186
212643,Kristie Coleman,"Castillo, Navarro and Edwards","02055 Rhonda Spurs
Dariushaven, GU 60399",West Lauren,gregory11@example.com,79217
212644,John Burch,Black-Lawrence,"PSC 2288, Box 3372
APO AE 62922",Port Robert,millerscott@example.com,199536
212645,Sara Lewis,Garcia Group,"746 Maria Dale Apt. 674
North Sarah, KY 77311",West Christopherfort,joechambers@example.net,143159
212646,Patrick Trevino,Roy-Taylor,"Unit 2391 Box 8135
DPO AP 69272",East Matthew,jayjohnson@example.com,56994
212647,Cynthia Wilson,"Olson, Conner and Fritz","812 Knight Shore
Robinsonshire, MH 74434",Brockburgh,benjamin99@example.org,99619
212648,Thomas Santos,"Williams, Romero and Owens","USCGC Donaldson
FPO AA 29103",New Matthew,thorntonashley@example.net,73212
212649,Cynthia Jimenez,Sanchez Group,"70076 Mindy Freeway
North Angela, NH 35457",Lake Philip,janderson@example.com,187969
212650,Edward Fields,Johnson-Livingston,"76649 Gomez Squares Apt. 508
North Larry, CO 97034",Port Robert,aaronrobinson@example.net,187236
212651,Kevin Martinez,"Wood, Nash and Parker","9143 Thompson Brook Apt. 015
Williamsstad, DC 29952",Baldwintown,robert25@example.org,100431
212652,Leslie Marks,"Evans, Mckinney and Stanley","03557 Jason Track Suite 148
Port Michael, MH 96880",West Kylefort,valerie22@example.org,124853
212653,Heather Todd,Adams and Sons,"31283 Denise Estate Apt. 044
East Chelseyland, WI 90702",New Jimland,judith19@example.net,150366
212654,Katie Banks,Petty-Diaz,"17846 Sanders Knoll
Tracyport, ND 39313",Lake Heidi,jonathan94@example.org,72401
212655,John Paul,"Conrad, Rosario and Shaffer","1699 Tina Alley Suite 344
South Glenn, NC 95397",Alexanderview,kwalsh@example.com,135686
212656,Latasha Ingram,Brown-Smith,"0494 Ramirez Mountains Apt. 300
Port Andreashire, WA 81922",Knightview,whitematthew@example.net,195771
212657,Ryan Fox,"Chang, Davis and Dominguez","580 Parker Park
Hullborough, AS 64574",North Sierra,savannahcox@example.net,124220
212658,Victoria Singleton,Garcia and Sons,"74078 Kelly Village Apt. 713
Port Beckyborough, IL 20593",North Michaelside,mblack@example.net,55528
212659,Jacqueline Cooke MD,"Ortiz, Johnson and Powell","7059 Oneal Ford Suite 440
Port Steven, AZ 48750",Johnsonfurt,jamiebarker@example.net,138738
212660,Kendra Flores,"Mata, Fuller and Morris","926 Harris Rapids Suite 167
Port Brenda, VT 37325",Amyview,uandrews@example.net,195487
212661,Meredith Reyes,Green-Chaney,"4046 Hill Burgs Apt. 421
Andrewport, MD 89891",Taylorland,nkirk@example.net,109049
212662,Cristina Davis,Mendez and Sons,"7084 Heather Port Apt. 176
Richardton, WV 93511",Bonnieshire,samantharobinson@example.org,152931
212663,Rebecca Porter,Stewart-Odom,"5468 Stokes Cliff Suite 816
South Robert, PR 06918",Williamville,lewisandrew@example.net,183005
212664,Alicia Campbell,Knight-Hess,"7909 Kari Gardens
Vickieton, NM 17822",Faithshire,jaclyn05@example.com,66347
212665,Jerry Wagner,Long Ltd,"78226 Erika Harbors
New Francesstad, TX 62903",South Leah,cunninghamaaron@example.net,66715
212666,Cher