g, ND 66541",Transtad,sharon90@example.org,191507
474058,Victoria Romero,Hoover Group,"06418 Lucas Mission
Samuelville, NY 61451",South Samuelshire,mary71@example.org,95873
474059,Cindy Houston,"Harris, Ramirez and Hill","6929 Fisher Harbors Apt. 891
Pamelamouth, MD 67652",Emmaport,christopherclark@example.net,176463
474060,Gregory Kaiser,Robertson-Cervantes,"13036 Jacobson Roads Suite 218
Port Amberchester, IA 83366",Andreville,alexander05@example.net,62393
474061,Amber Williamson,"Smith, Lopez and Oliver","6444 Jennifer Haven
East Eric, FL 05264",Davidborough,ericflores@example.com,183607
474062,Janet Smith,"Smith, Russell and Mills","322 Karen Corners Apt. 778
Lisaberg, RI 53458",Port Teresachester,ericayates@example.org,73924
474063,Courtney Tran,Miles PLC,"USS Camacho
FPO AP 58775",Josephfurt,ashley51@example.org,146447
474064,Julie Martin,"Ramirez, Ferguson and Wolf","97736 Acosta Plaza
West Davidmouth, PR 85839",Millerchester,gbaker@example.com,113500
474065,James White,"Barnes, Jones and Gray","853 David Port
New Brian, CA 78260",Angelamouth,david97@example.net,169881
474066,Craig Dudley,"Palmer, Mcgrath and Callahan","1334 Katrina Vista Apt. 765
Andrealand, FM 86611",New Kimberly,amy74@example.org,127791
474067,Kayla Montoya,"Clark, Soto and Baker","6369 Robert Underpass Apt. 873
Bergmouth, PW 31477",West Williamburgh,powelldiane@example.com,85361
474068,Ian Flores MD,Payne LLC,"2439 Robert Drive Apt. 310
Amybury, MA 12503",Markshire,jpatton@example.org,89243
474069,Elizabeth Ortiz,Clark-Singleton,"1276 Lee Plaza
Michaelburgh, AS 23401",Nancybury,matthew27@example.net,73931
474070,Brian Garcia,Arnold-Nelson,"53941 Chambers Lock
Griffinside, HI 42773",New Sandra,lopezwendy@example.org,152391
474071,Rebecca Madden,Lyons Ltd,"USS Richmond
FPO AA 76141",North Amyberg,tjohnson@example.org,105664
474072,Karina Higgins,"Williams, Johnson and Evans","473 Mueller Manors Apt. 088
Melanieberg, AZ 67615",Maryport,browneric@example.org,74137
474073,Emily Pena,"Ramirez, Miller and Warren","5429 Contreras Lights Apt. 569
Mitchellfurt, SC 38489",Lake Virginiastad,robertward@example.com,97517
474074,Amanda Peterson,Chan LLC,"670 Pittman Extension
Daughertyberg, OK 70982",Lake Tina,sharpdaniel@example.net,176709
474075,Austin Campbell,Grant-Shepard,"53312 Booth Manors Apt. 813
North Mark, DE 94433",Phillipsberg,bgibbs@example.org,183785
474076,Alejandro Gonzalez,"Hayes, Kim and Hayes","77127 Escobar Flat Apt. 878
Lake Kristinahaven, MP 23608",Deborahfurt,oyoung@example.org,164183
474077,Brittany Chang,Chan-Bryan,"Unit 0103 Box 3282
DPO AA 31692",Williston,robertcampbell@example.org,170810
474078,Jonathan Hampton,"Boyer, Medina and Delacruz","68689 Smith Pine
South Samuelborough, FL 73809",Hammondville,jaredcordova@example.com,145415
474079,Christina Knight,Solomon-Lin,"06280 Suarez Turnpike
Gonzalezmouth, MO 95233",North Jennifermouth,henryjake@example.com,193690
474080,Cynthia Hinton,"Phillips, Cortez and Sheppard","725 Thompson Lights Suite 001
West Jonathan, VA 46481",East Rebeccashire,daniel76@example.com,112053
474081,Melanie Mendoza,Henry Group,"5535 Shane Square Suite 098
South Kevinshire, WY 25027",West Melinda,kennethbennett@example.net,84821
474082,Valerie Snyder,"Rogers, Brown and Murray","2574 Shannon Mission
Noahburgh, WI 04678",Curtisbury,lpratt@example.net,77725
474083,Christina Collier,Flores PLC,"4670 Jenkins Views Apt. 858
Michaelville, NY 52551",East Cheryl,qterry@example.org,79173
474084,Randy Rasmussen,Ballard Group,"4297 Ashley Ways Apt. 390
Jonesshire, OH 35502",Nelsonbury,conwaygregory@example.org,110876
474085,Zachary Allen,"Lowery, Jackson and Hernandez","3315 Patrick Harbor Apt. 057
Jonathanmouth, ID 69548",Susanmouth,myersscott@example.com,128262
474086,Jennifer Franklin,Deleon Ltd,"40956 Reed Village
North Tomport, NJ 07173",Martinezchester,steven05@example.com,199705
474087,Amber Wilson,Wilson-Bailey,"2721 Carla Mission
Dayton, MO 88725",Jamiechester,mdavis@example.net,157810
474088,David Barry,"Peters, Vasquez and Wagner","984 Fisher Port
Walterberg, MD 69423",West Andrew,duranmichael@example.org,174186
474089,Alan Garcia,Molina-Larson,"53139 Ashley Meadows Suite 000
Soniaberg, KY 97283",East Alex,fmorrison@example.com,91890
474090,Nicole Leblanc,"Torres, Franco and Hampton","81300 Hall Summit Apt. 036
West Heather, CA 28822",Timothyside,jamesrichard@example.com,60391
474091,Brenda Roberts,Vance Group,"USCGC Reed
FPO AA 89295",North Alanborough,amanda17@example.com,163732
474092,Jason Herring,"Williams, Rodriguez and Garcia","92178 Shepard Fields Suite 469
South Cynthia, AK 00861",South Donaldton,nathaniel47@example.com,164481
474093,Keith Johnson,"Campbell, Smith and Wong","10930 Calhoun Alley
Lake Robertmouth, FM 61220",East Douglasborough,rsmith@example.com,140050
474094,Darren Hughes,Morris-Martin,"40332 Brian Glen Apt. 763
West Nicholaston, AS 43528",Smithside,katherine83@example.org,149104
474095,Douglas Moore,"Jacobs, Thompson and Jones","22020 Greg Harbors
West Bruce, NV 70553",West Christian,reedlisa@example.com,141853
474096,Jerry Cook,"Contreras, Martin and Ward","90865 Atkinson Street Apt. 365
East Michael, GU 39749",Matthewville,longlinda@example.com,114782
474097,Mrs. Vanessa Williams MD,"Kim, Cameron and Jenkins","Unit 3658 Box 9485
DPO AA 19041",North Ericaburgh,burkechloe@example.org,141622
474098,Jamie Carpenter,"Green, Young and Bishop","01717 Mitchell Fort
New Feliciamouth, NV 33375",East Theresa,kristamendez@example.net,162111
474099,Yesenia Barrett,Johnson-Henderson,"231 Sanders Vista Suite 431
East Michaelbury, RI 17041",South Robert,harriscory@example.org,60209
474100,David Oliver,Watson PLC,"928 Thomas Ville
East Diane, NC 91056",Lake Penny,johnsonelizabeth@example.com,136717
474101,Mitchell Scott,Baker Group,"6008 Brown Ridge
Adrianaton, NE 16881",New Juanchester,theodoreparrish@example.com,164834
474102,Desiree Gibson,Goodwin-Lewis,"2053 Sarah Ford Apt. 421
Port Kevin, IL 47682",Kimberlyberg,ingramcarrie@example.net,110442
474103,Kimberly Buck,"Bautista, Garcia and Wilson","4598 Henry Lights Apt. 892
North Andrew, SC 04294",New Tiffany,jonesjames@example.com,199864
474104,Kenneth Poole III,"Calhoun, Johnson and Pena","4178 Edwards Forges Apt. 952
South Frankmouth, MD 02306",Lake Donald,john25@example.org,78994
474105,Kimberly Williams,"Cruz, White and Sanchez","32641 Young Circles Apt. 985
Cynthiabury, MD 77793",Lake Javier,julie95@example.net,137308
474106,David Watson,Miller Ltd,"1634 Elliott Spurs Suite 615
Matthewbury, MO 97906",Port Latashamouth,lknight@example.org,175138
474107,Gregory Herrera,Martinez-Torres,"210 Williams Land Suite 797
Amandafurt, NH 36532",West Johnborough,tiffany15@example.com,86512
474108,Casey Martinez,Marshall-Barnes,"45684 Miles Wells
Joshuaville, PA 63164",Michaelbury,kaiservanessa@example.net,126394
474109,Samantha Chan,Curry-Tyler,"32704 Smith Island Suite 365
Gutierrezland, NJ 48473",Herreraton,aprilbrown@example.net,92178
474110,Joel Evans,Contreras-Blake,"9506 Walker Road
East Cameronfurt, MD 81541",Lake Ericbury,michaelmyers@example.net,155908
474111,Joseph Mayo,Morales Group,"44285 Woods Lane Suite 734
New Mary, WY 44167",West April,elizabethpierce@example.com,73896
474112,Brandon Mcintyre,Allison-Thompson,"3809 Alexander Meadow Suite 114
Robinsonburgh, SC 84259",Williamsview,sherricole@example.org,189576
474113,Virginia Jimenez,Mason-Gibson,"008 Hayes Fort Apt. 983
Stephenbury, WV 18482",Port Jamesburgh,daniel65@example.com,139717
474114,Jesse Haley,"Sharp, Rodriguez and Jensen","777 Palmer Valley
Hintonfort, PA 56164",Shafferburgh,michael80@example.com,193356
474115,Lisa Ayala,Bryant PLC,"6813 Shields Plaza
Weissberg, KY 86954",Frankside,owallace@example.com,77300
474116,Tonya Neal,"Roman, Hebert and Cuevas","70067 Harrington Gateway Apt. 472
Port Melissa, OH 01714",Jayview,millerdonald@example.com,146695
474117,Pamela Wise,"Barnett, Morgan and Baker","45682 Edwin Orchard
New Roberthaven, OH 25539",East Brookemouth,anthonyclark@example.com,105706
474118,Jennifer Mann,Fischer-Owens,"4959 Taylor Burg
North Tracy, WY 96706",Richardsonton,emily72@example.net,195914
474119,Brenda Davis,Singh-Rodriguez,"70795 Laura Roads Apt. 371
Port Tamara, HI 99107",Sarahstad,dawnshields@example.org,84382
474120,George Hall,Holland Ltd,"78580 Jermaine Branch
Joshuashire, MD 16562",West Andrew,daniel88@example.com,78330
474121,Aaron Garcia,Bush Inc,"18900 Deleon Parkways
Monicashire, OK 58365",Fosterhaven,schung@example.org,145638
474122,Catherine Mcconnell,Wright PLC,"PSC 5133, Box 1291
APO AA 91905",Port Anna,dennisgrant@example.com,157931
474123,Ryan Chan,Curtis-Bowman,"2807 Daniel Square Suite 183
Tiffanyburgh, NE 76346",Bensonberg,kennethglenn@example.com,158612
474124,Sarah Johnson,Brewer and Sons,"4168 Ellis Mall Apt. 233
New Ashleyton, VI 69106",Angelaport,qpotter@example.com,130382
474125,Haley Brown,"Taylor, Smith and Fry","PSC 3871, Box 0034
APO AE 03754",Brooksstad,campbellwilliam@example.com,173158
474126,Christopher Sanchez,Newman Group,"5031 Cook Common Apt. 676
Jonesland, TN 27092",North Vanessa,meyermatthew@example.com,164055
474127,Michael Moore,Williams PLC,"5202 Katherine Island Apt. 108
West Danielberg, VA 32727",East Erica,christopherbriggs@example.com,136458
474128,Calvin Flores,Brown-Weaver,"3324 Reynolds Spurs
North Micheleport, FM 95544",North Kristaside,robertarmstrong@example.net,117537
474129,Thomas Payne,Martin Group,"0745 Kimberly Mission
Ashleyburgh, WA 83238",North Jennifertown,john65@example.org,132082
474130,Daniel Johnston,Lindsey Inc,"666 Paul Fort Suite 240
West Jeremyborough, CT 36167",New Jeremyhaven,tara56@example.net,50638
474131,Victoria Jones,"Jordan, Wong and Foster","88224 Higgins Port
Aprilville, MP 96100",West Susanview,gabrielaflynn@example.org,156706
474132,Mark Day,Kirk-Campbell,"97273 Summers Lane Apt. 923
Taylorland, DE 33500",South Michaelstad,plivingston@example.com,179670
474133,Jamie Carr,Macias LLC,"1447 Jackson Cove
New Nancyburgh, TN 17844",Timothystad,benjamin23@example.net,182528
474134,Anne Martinez,"Clarke, Young and Hobbs","62564 Shane Rapids
Annaview, OH 71229",Lake Kennethton,tylerhoffman@example.com,152879
474135,Mr. Anthony Nelson,Mason and Sons,"1003 Suarez Trail
Jonesfort, VI 63577",North Sarahfurt,andersonmelissa@example.net,140325
474136,Thomas Greene,Little-Brown,"55029 Elizabeth Parkways Apt. 005
Devinton, NH 98143",Kinghaven,qrivera@example.com,166325
474137,Sean King,Johnson Group,"819 Fuller Port
Hayneston, DC 56765",Leestad,andrewkidd@example.net,86278
474138,Becky Wood,"Clark, Mitchell and Coleman","99192 Felicia Mall Apt. 669
Pamelaview, HI 77028",South Marcusbury,jonesdavid@example.net,173244
474139,Richard Carroll,Jones-Walters,"5391 Bailey Camp
Port Michaelton, MN 04227",Jimenezmouth,melissabaker@example.net,131825
474140,Joshua Marshall,Smith Ltd,"689 James Branch
Doyleborough, IN 74131",Gentryland,ywilson@example.org,83322
474141,Rebecca Burgess,Luna LLC,"7972 Kimberly Canyon Apt. 147
Foxland, WI 63821",North Morgan,vnewton@example.org,148326
474142,Pamela Martin,Brown-Mitchell,"3984 William Motorway
New Kathleenchester, IL 45061",Farrellchester,brian69@example.org,162943
474143,Jennifer Lynn,Jackson LLC,"8463 Green Mountains
West Kimberly, MS 52168",South Joview,laurahicks@example.com,126218
474144,Angela Walls,Soto Group,"91151 Michael Center Apt. 246
Dianebury, NV 01783",East Jamesville,james65@example.com,50482
474145,Connor Baird,Burns and Sons,"561 Jamie Pine
Jefferyport, IN 39586",Lake Wayne,melissapena@example.com,61174
474146,Michael Adams,Haney LLC,"481 Deleon Pass Apt. 383
Aaronton, AL 42617",East James,millssteven@example.net,180900
474147,Deborah Moore,King PLC,"590 Mcgee Ferry
Lake Tammyshire, MN 87513",Bensonshire,jeremyjohnston@example.com,133511
474148,Shawna Garcia,"Patrick, Carey and Gill","6960 Smith Centers Suite 659
South Jennifermouth, AR 32386",South John,eugene78@example.net,133957
474149,Connor Sullivan,Vance-Palmer,"619 Melissa Dale Apt. 879
Lake Francisco, IN 72410",Dillonfurt,ykelley@example.org,142173
474150,Kelly Mora,Graves and Sons,"5004 Boyd Hills Suite 836
Lunastad, GU 47168",Gayhaven,douglasjoshua@example.org,196544
474151,Kathleen Anderson,Maynard and Sons,"9671 Walters Village Suite 665
South Taylorburgh, TX 15274",Millerberg,matthewcarter@example.net,85260
474152,Regina Leach,Moore and Sons,"525 Bird Lakes Suite 583
Port Samanthatown, WI 66233",Patriciaville,martinezamanda@example.net,67107
474153,Brandi Smith,Gonzalez LLC,"25902 Catherine Dam
Gentryshire, TN 65639",Lake Bryan,julie60@example.org,80338
474154,Lisa Payne,"Sawyer, Kidd and Martin","0764 Sean Rue Apt. 782
East Jacqueline, OR 86493",Lake Davidborough,allensteven@example.com,76120
474155,Charles Andrews,"Turner, Lee and Oconnell","42972 Wagner Crossroad
Lake Conniechester, SC 75734",North Allenburgh,crodriguez@example.org,102129
474156,Matthew Martin,Morrison PLC,"98239 Pena Prairie
New Lisastad, OR 82059",Lake Stephanieton,espinozajohn@example.com,199716
474157,Samuel Abbott,"Bender, Vazquez and Miller","225 Mullen Circles Suite 492
East Laura, AZ 93744",Duketon,julie19@example.net,134357
474158,Christopher Snyder,Cunningham-Rogers,"200 Paul Cove Apt. 561
Shaneton, VA 53532",Fieldsborough,monroelisa@example.org,174236
474159,Kimberly Terry,Peterson-Waters,"Unit 1391 Box 9688
DPO AE 50158",Jasonfurt,howellmatthew@example.org,153619
474160,Kathy Jones,"Palmer, Fuller and Wilkins","66693 William Rest
South Jennifer, DE 41366",Kristenstad,hgallegos@example.net,96132
474161,Terry Harmon,Yang Group,"389 Clark Oval
East Richardburgh, WA 77812",Newmanview,robertfoley@example.com,122891
474162,Matthew Lewis,Richardson PLC,"622 Vasquez Greens Suite 408
Timothyview, MS 88831",Williamstown,mhanson@example.com,113559
474163,Madeline Harris,Reese-West,"893 Jacob Stream
Damontown, IL 58640",South Patrickfort,jessicanelson@example.org,66368
474164,Robert Walter,"Lee, Hansen and Young","USS Martin
FPO AA 67429",Martinchester,vwatson@example.net,102040
474165,Juan White,"Martin, Robbins and Duffy","5461 Nichole Path Suite 090
Francisborough, MS 64179",North Albert,wilsonjustin@example.net,192959
474166,Jodi Jackson,Valencia PLC,"5740 Gonzalez Walks
Port Ashley, NE 21668",Elizabethborough,ymurphy@example.org,68584
474167,Theresa Clark,Fuentes-Jones,"627 Michael Corner
Martinezview, ME 71210",Johnsonside,harrismicheal@example.net,95104
474168,Melanie Long,"Smith, Myers and Johnson","092 Sharon Mountains Suite 240
Donnachester, TX 70280",Port Jamietown,whood@example.org,87716
474169,Thomas Meyer,Martin and Sons,"11011 Clark Lock Apt. 133
North Nicole, WA 40169",North Karen,jasonrios@example.net,133732
474170,Jamie Stanley,"Green, Parker and Jackson","PSC 0253, Box 3083
APO AE 16703",East Jill,brian09@example.org,127339
474171,Brian Gutierrez,Strong PLC,"2697 Wall Route
Aaronland, MH 18035",Cassandramouth,sgreen@example.net,84136
474172,Jason Rivera,Delgado LLC,"14029 Stephanie Freeway
Melendezville, AL 98580",North Amyville,bfisher@example.org,175726
474173,Amy Baker,Kerr-Jackson,"7603 Bryce Shore
Bergport, NJ 11933",Bridgetberg,stephaniepowers@example.com,56393
474174,John Medina,"Cabrera, Sanchez and Hernandez","30173 Daniel Circles Apt. 882
Michaelbury, WY 10101",North Judy,andrewjohnson@example.net,88845
474175,Sheryl Bishop,Howell-Mcmahon,"81497 Kelly Pass Suite 956
Ochoaton, MA 83758",Sarahhaven,steven25@example.com,100513
474176,Kelly Williams,Becker-Gibson,"02114 Dennis Heights Apt. 341
Billyview, MS 21145",Davishaven,jamiemoran@example.org,188300
474177,Theodore Hernandez,Chavez Ltd,"Unit 6742 Box 0952
DPO AE 96099",Richardland,brittany57@example.org,117867
474178,Leah Lee,Hernandez Inc,"17891 Green Ridges
New Lindsayshire, MS 96871",Whiteside,anthony12@example.com,86573
474179,Chad Oliver,Lucas LLC,"79357 Williams Place
Reedside, LA 83185",Lake Misty,moralesthomas@example.com,113295
474180,Stephen Fleming,Lee LLC,"24920 Beth Corners
Kimberlyborough, VA 98790",Lake Michellehaven,petersonmadison@example.net,66217
474181,Kenneth Baxter,Mills-Patterson,"70576 Watson Estates
Turnerview, SC 94316",Danielsbury,butlerlaurie@example.com,191881
474182,Cynthia Ingram,"Dickerson, Murillo and Howell","17717 Wallace Lodge Suite 473
Sharitown, WA 95900",Heatherville,jackhall@example.org,157058
474183,Tim Stevens,Agui