acy Gordon,"Brown, Evans and Rivas","37871 Kim Crest Apt. 639
Raystad, MD 58777",North Anthony,joseph21@example.com,187131
382451,Lisa Boyd,Shelton LLC,"4061 Rachel Camp Suite 111
Nolanstad, PA 18322",Port Ashley,mercedesward@example.net,56419
382452,Aaron Green,Olson-Roy,"USS Turner
FPO AE 79534",Robinshire,jevans@example.com,127866
382453,Jill Norman,Brown-Kelley,"592 Benjamin Prairie Suite 560
Ramirezstad, NE 13454",Patelmouth,nford@example.com,174712
382454,Kevin Anderson,Ballard Group,"287 Mcdonald Wall Apt. 356
Debbieside, MS 97629",East Rebecca,kennedyjames@example.com,76924
382455,Michael Leon,Daniel-Saunders,"84714 Megan Shore Suite 954
Davisland, LA 14633",Lake Jeffreyview,wesleyburton@example.com,89148
382456,Julia Lawrence,Hopkins-Miller,"524 Reed Lakes
North Kenneth, CT 02976",Johnsonside,scottsonia@example.com,113920
382457,Clinton Burton,Richardson Group,"64023 Vargas Vista Suite 437
West Kelly, FL 09583",Parkerborough,mcmahonsusan@example.org,129039
382458,Kristen Crawford,Taylor-Sanford,"0739 Richard Plain Suite 445
Krystalfort, GA 49171",Port Davidton,thogan@example.com,132615
382459,Scott Hinton,"Williams, Williams and Franco","4123 Francisco Bridge Suite 602
Riveratown, GA 98775",Mcdonaldview,blankenshipheather@example.com,191267
382460,Tracy Ford,Alexander-Ellis,"6163 Aaron Island
New Colin, CA 99829",Port Robertport,daniel10@example.org,173435
382461,Amanda Powell,"Powers, Evans and Mercado","3985 Jacobs Passage Apt. 316
Nicolasstad, MN 31935",Lake Laurenshire,gallegosdebbie@example.com,119203
382462,Timothy Brown,"Adams, Doyle and Sullivan","20042 Andrea Lights
South Ashleyfurt, GA 40875",Melindaview,bellis@example.org,190870
382463,Albert Davis,Stewart and Sons,"872 David Lodge Apt. 105
South Amandaland, OR 02439",Adamhaven,pgarcia@example.com,118324
382464,Jessica Branch,Kim PLC,"173 Bradford Freeway Apt. 968
Lake Stephanie, VA 90141",West Nicole,briana83@example.org,80467
382465,Jacob Yu,Santiago and Sons,"52315 James View Apt. 731
Cindyfort, PW 85945",North Jamesmouth,robertsamber@example.net,95784
382466,David Moreno,Griffin-Ward,"85071 Ward Burg Apt. 063
Williamsborough, MS 88147",Rebeccaview,peter36@example.org,130231
382467,Wendy Moss,Thompson Ltd,"88949 Bailey Unions Apt. 820
East Tylerburgh, IN 99674",Moorestad,teresa65@example.com,87615
382468,Charles Dunn,"Morris, Ramos and Douglas","Unit 1501 Box 6567
DPO AA 14743",Phillipsborough,fwarner@example.com,192699
382469,Stephen Taylor,"Cooper, Fisher and Curtis","91314 Smith Forge
West Charlesside, CA 93333",Cruzfurt,fergusonjohn@example.org,162373
382470,Stephanie Garcia,"Riggs, Hoffman and Davila","1920 Gilbert Parkways Apt. 575
Hansenton, GU 89317",Ortizchester,jeremy29@example.net,74619
382471,Mark Lawrence,Elliott LLC,"2432 Benjamin Brook
Rebeccafort, SC 12741",South Sarahville,elliottelizabeth@example.com,87954
382472,Denise Anderson,Gibson-Zimmerman,"721 Andrea Ville
North Linda, MP 74908",West Daniel,danielmartinez@example.net,100276
382473,Sheila Parker,"Rush, Ross and Conner","461 Kaitlyn Square
East Javierhaven, DC 93850",Taylorside,iramirez@example.net,175221
382474,Taylor Gonzalez,"Jimenez, Gill and Le","5560 Browning Overpass
Sheppardberg, NH 09896",Joshuaton,terri54@example.org,126545
382475,Theresa Brown,Perez PLC,"4701 Bradford Passage
Navarroberg, LA 72600",West Michaelburgh,arnolddavid@example.org,80388
382476,Laurie Mccoy,Glenn and Sons,"0500 Moses Dale Suite 575
Josephshire, GA 95056",Kathybury,larsenbrandy@example.com,156421
382477,Elizabeth Greene,"Wood, Mooney and Cowan","34887 Wilson Grove Apt. 737
Jameston, OR 39719",South James,gabriela85@example.net,114454
382478,Scott Hall,Rogers-Noble,"46088 Murray Circles Suite 413
East Lisaton, ID 31315",Johnsonstad,tsmith@example.com,177972
382479,Matthew Smith,Tucker Inc,"416 Tina Track
Richardsonbury, VT 66573",Josephtown,zhernandez@example.org,87567
382480,Emily Nguyen,Young-Hughes,"8226 Tran Mountains
North Nancy, SD 49021",Dannymouth,kingelizabeth@example.org,123504
382481,Kimberly Lawson,Holder PLC,"PSC 7541, Box 6472
APO AP 12314",Lake Lisaberg,stephanie50@example.net,83590
382482,Thomas Brown,"Joseph, Sanchez and Pittman","2183 John Views Suite 551
Henryside, NJ 66332",Mejiafort,lewiselizabeth@example.net,156196
382483,Rachael Torres,"Anderson, Newman and Bell","9334 Williams Burgs Suite 496
Brownshire, KY 29511",Davisborough,lisa44@example.org,152830
382484,Amber Nelson,"Rogers, Harris and Bautista","40245 Mcdaniel Circles
Andersonfurt, NY 93554",East Amandaview,autumnhoward@example.com,172590
382485,James Ortiz,Martinez-Marshall,"9545 Ashley Fort
Christopherbury, FM 82803",Larsonburgh,joshua68@example.org,111989
382486,Jeremy Smith,Gross Inc,"3000 Walter Canyon Suite 318
Ericabury, WY 86865",Tonyaland,willisjesse@example.org,104008
382487,Stephanie Chandler,Smith-Mckenzie,"615 Rita Meadows Suite 076
Port Christopherchester, NM 53451",West Robin,cookpaul@example.com,99902
382488,Tom Smith,"Oneal, Buck and Stuart","22387 Donna Haven
Eugenefort, PA 90434",Stephenton,monica73@example.net,176534
382489,Dr. Pamela Johnston,Simmons PLC,"PSC 8218, Box 4431
APO AA 49849",West Kathy,harrisontimothy@example.net,147948
382490,Timothy Barber,Jimenez-Smith,"65526 Steven Islands
Brittanychester, CO 26910",Pachecoton,joelbarnett@example.net,98213
382491,Sarah Smith,Young PLC,"331 Johnson Squares
North Elizabethtown, AL 20744",East Stacey,taylor93@example.net,166660
382492,Cindy Moore,"Saunders, Matthews and Moore","93502 Antonio Dale Apt. 289
Port Garrett, CA 24027",South Trevorstad,qmoore@example.net,175421
382493,Jason Joseph,"Thomas, Wright and Bryant","2490 Jackson Via Apt. 627
Mccallbury, AZ 71697",Timothystad,jennifer02@example.org,74836
382494,Keith Davis,Price Ltd,"3928 Scott Mews
East Jasonstad, GA 38462",West Timothybury,christopher61@example.net,59319
382495,Emily Curry,Baker-Martinez,"Unit 3417 Box 6969
DPO AA 80324",North Ryan,rachael05@example.org,113665
382496,Christopher Middleton,Harris-Moore,"19014 Crane Dam
Knightville, CT 52033",Port Robertview,vlopez@example.org,179661
382497,Emily Holloway,Burke-Clark,"127 Ortiz Passage Suite 349
South Rebecca, KY 48053",Lake Karen,dtaylor@example.net,173379
382498,Kara Rodriguez,"Fernandez, Cain and Rios","90500 Grant Vista Apt. 329
South Sethville, AK 26999",East Kyle,jonathan64@example.com,179262
382499,Heather Cunningham MD,"Morales, Saunders and Baker","722 Deanna Street Apt. 808
South Stacie, PR 98885",Amymouth,masoncassandra@example.org,157893
382500,Maria Rowland,Ruiz Inc,"74468 Warner Center
Daughertyland, IL 89553",South Fernandoview,reneeflowers@example.net,126578
382501,Anna Moran,"Powell, Tucker and Palmer","2415 Justin Cliffs
Lake Amyfurt, CT 91049",Dominiqueport,jeffrey86@example.com,137159
382502,Danielle Gonzalez,York-Nguyen,"0866 Jackson Creek
Higginsborough, UT 99061",East Elizabethstad,hannadevin@example.com,107995
382503,Richard Moyer,"Olson, Guzman and Marquez","741 Rebekah Club
Johnsonmouth, NE 43403",Davisland,tgomez@example.net,159975
382504,Marcia Stark MD,Kelley Group,"80798 Debra Plain Suite 558
Michaelborough, NJ 08866",Harveyfort,hinestamara@example.com,69608
382505,Lisa Morgan,"Webb, Blackburn and Norris","74778 Moore Ports
West Luis, ME 22113",Veronicaville,martinheather@example.org,81138
382506,Tanya Campbell,"Kaiser, Phillips and Buckley","299 Morales Pass
East Matthew, DE 29304",Justinbury,santossteve@example.org,173167
382507,Mark Aguilar,Ryan-Hicks,"35849 David Plains
South Jacobfurt, HI 52943",Robertview,tjohnston@example.com,111664
382508,Theresa West,"Mills, Anderson and Alvarado","18032 Vaughan Glen
North Sheryl, MH 88879",Lake Susan,woodslori@example.net,168346
382509,Kari Lam,Gray PLC,"722 Amanda Skyway Apt. 168
New Patrick, OK 49750",South Reginachester,ihuynh@example.org,62180
382510,Erin Moon,Young PLC,"3440 Griffin Pass
Teresaland, IL 68450",Williamburgh,andrewyoung@example.org,199971
382511,Laura Hahn,Myers PLC,"9248 Brian Burg
Hamiltonland, IN 27247",South Jessicachester,rayanna@example.com,190774
382512,Scott Burnett,"Patterson, Carson and West","76290 Oconnell Cove
Amyshire, MO 59721",West Matthew,kayla73@example.com,195962
382513,Brooke Matthews,"Anderson, Johnson and Bridges","3207 Sandoval Burgs Apt. 211
Lake Daniel, MP 37575",North Heather,ashley90@example.net,189827
382514,Brenda Morales,Williams-Moon,"23123 Woods Alley
West Courtneyport, MS 80036",Janettown,david10@example.com,156752
382515,Julia Williams,James-Parker,"367 Reed Isle Suite 975
Port Brendabury, MD 36383",Castilloburgh,bradleyalice@example.net,188578
382516,Marissa Moran,"Chavez, Weaver and Miller","252 Tammy Camp
South Cameron, VT 80845",Jonathanhaven,perrylori@example.com,190252
382517,Jeanette Wilson,"Gaines, Gilbert and Perez","719 Nguyen Mission
East Heather, NY 79200",South Lisafort,lellison@example.org,195207
382518,Ryan Williams,Beard and Sons,"5957 Stacey Street
New Gabriel, WV 30232",West Charlestown,stevenpace@example.org,153454
382519,Thomas Ayala,"Green, Simon and James","35839 Sharp Ford
West Emily, FL 59694",East Michael,griffinamanda@example.net,167200
382520,Marcus Williams,Coffey-Johnson,"11034 Martinez Ways Apt. 785
Wrightview, AZ 62541",Lake Brianside,hurleygarrett@example.org,123114
382521,Christine Strickland,Wright-Davis,"758 Luis Drives Suite 284
Teresafort, ID 89773",Port Brent,morsetodd@example.org,129487
382522,David Perez,"Robbins, Bryant and Osborne","3772 Jackson Park
Port Samantha, WA 77414",Lake Nicoleton,paularivas@example.net,86986
382523,Brian Gonzalez,Hicks PLC,"19768 Robert Rue
Thompsonfurt, NV 24140",Jillmouth,snavarro@example.org,152772
382524,Dr. Susan Rivas,"Harrell, Cordova and Hill","2794 Stein Union
Ewingchester, MP 40600",Jessetown,higginssandra@example.net,111064
382525,Robert Moore,Snyder Group,"4449 Brandon Land Suite 051
Davisfort, AL 14464",Lake Tanyaland,curtis76@example.org,109769
382526,Jennifer Rich,Allen-Cannon,"0414 Gould Cape
New Steve, GU 05318",Rowlandchester,wwilliams@example.net,186219
382527,William Lowery,White Inc,"99365 Smith Brook
Jessicachester, PW 70863",Thompsonmouth,vmueller@example.net,110618
382528,Phillip Allen,"Mullins, Fleming and Bishop","4636 Holloway Gardens
West Randall, LA 76169",Lake Amberland,ryanwilliams@example.org,194961
382529,Annette Lewis,"Guerrero, Schmidt and Scott","96935 Aguilar Stravenue
Barreraland, PR 96107",West Jonathan,wtaylor@example.com,177328
382530,Teresa Brewer,Hartman PLC,"422 Hughes Island Suite 332
Erikafurt, IN 61860",Matthewview,kristin00@example.net,193208
382531,Cynthia Mccullough,"Beard, Mcmillan and Ibarra","3869 Maria Flats Suite 371
Walkerton, MD 48731",Fergusonton,karidurham@example.org,177744
382532,Dr. Jason Estrada DDS,"Gibson, Robinson and Ferguson","5118 Davis Points
Cameronville, OK 33572",New Kathleen,dunlapchristian@example.net,75917
382533,Lauren Mendez,Wallace-Burnett,"76168 Jessica Ranch
South Stevenside, ID 10061",Harrisonstad,hgray@example.net,83459
382534,Joshua Lewis,Butler-Durham,"PSC 6355, Box 2199
APO AA 16712",North Paulamouth,angela69@example.com,101100
382535,James Davis,Lee PLC,"18550 Joanna Corners
South Taylorfort, KY 30852",Johnland,bphillips@example.org,71093
382536,Emily Thomas,Brady LLC,"034 Amber Road
South Stevenshire, TX 09559",Mclaughlinberg,qmcpherson@example.org,166486
382537,Diane Maxwell,Sosa-Jackson,"8415 Randall Neck
Smithside, TX 15753",East Sophia,smithandrew@example.net,149425
382538,Katherine Robertson,Hart-Cooper,"75734 Larson Camp Apt. 267
Christopherland, TN 44493",Tracytown,gbaxter@example.org,77844
382539,Dale Finley,"Norton, Davis and Little","1616 Tammy Parks
West Thomasport, NM 32061",Newmanchester,davidsonana@example.org,113786
382540,Logan Stevens,"Hernandez, Porter and Ryan","69548 Payne Rapids
Rachelbury, VA 45545",West Randy,zhangkevin@example.net,124526
382541,Kristopher Perry,Torres LLC,"5727 Donna Isle
East Vernon, KY 23527",Hessland,econner@example.org,88267
382542,Michelle Day,"Aguilar, Anderson and Mendoza","118 Tammy Mission Suite 088
East Gregory, WY 68782",Port Manuelborough,dianescott@example.org,164354
382543,Lori Dunn,Green PLC,"67775 Nicole Mountain Suite 745
East Reneetown, MT 18932",Kimberlymouth,christineclark@example.org,72464
382544,Kenneth Hughes,Glenn Inc,"0398 Nicholas Fort
Pittsshire, AZ 47716",West Kelly,rogersolivia@example.com,188134
382545,Teresa Williamson,Simpson-Rodriguez,"Unit 5504 Box 9247
DPO AE 59881",Nicoleport,roberto17@example.com,135508
382546,Jeremy Sanchez,"Zimmerman, Jimenez and Watson","4355 William Ways
East Mollyburgh, AR 18936",East Joel,csanchez@example.com,110049
382547,Ashley Phillips,Myers-White,"PSC 9936, Box 3894
APO AP 67861",South Daniel,ucaldwell@example.org,75908
382548,Lorraine Smith,Schmidt-Davis,"5892 Smith Meadows Suite 401
Lisahaven, NH 84199",Rosston,mbates@example.net,130566
382549,Brenda Johnson,Burns-Pacheco,"Unit 9725 Box 9477
DPO AE 41701",Petertown,johnsjason@example.com,113112
382550,Joyce Williams,Sanders-Rose,"1397 Craig Views Suite 768
North Paulmouth, NC 69725",Tracyfort,qfuller@example.org,148985
382551,Dustin Benson,Cruz-Moore,"75958 Clark Courts
West Nicholas, NY 18571",Sarahfurt,michael12@example.net,180510
382552,Paul Johnson,Estes Group,"736 Alexa Camp Suite 577
New Antonioville, MA 19844",New Michaeltown,bentonvincent@example.org,166093
382553,Jennifer Alvarado,"Henry, Garrison and Lane","92308 Hernandez Crossing Apt. 450
Stanleyfort, SD 98546",Goodwinview,goodcarolyn@example.org,105682
382554,David Pineda,"Martin, Sandoval and Allen","4222 Sanders Bypass Suite 370
Port Allison, MA 91438",Stephensonport,urodriguez@example.com,91532
382555,Jane Wells,Watson LLC,"2409 Gregory Springs
Port Jonathan, PA 17454",Kendrafurt,suzanne28@example.org,93964
382556,Donna Johnson,"Golden, Clark and Stevens","0672 Christopher Fords Suite 848
Mayermouth, TX 58406",West Stevenmouth,daviddavis@example.net,98610
382557,Kristen Johnson,Reed and Sons,"273 Martin View
South Zacharybury, SC 76562",West John,taylormiller@example.com,76428
382558,Holly Gaines,"Woodward, Chapman and Little","279 Robert Lakes
West Bonnie, GU 55973",South Benjamin,nathan21@example.com,117591
382559,Jacob Nguyen,Mills-Lee,"5608 Acevedo Fields
Deborahbury, NV 05402",Brandonmouth,michael66@example.org,191524
382560,Elizabeth White,Hood-Rice,"71558 Carter Crescent
Nguyenchester, NV 22391",Kyleview,christine55@example.com,64278
382561,Christopher Johnson,"Gomez, Stein and Lowery","00793 Vazquez Oval
Lindsayfurt, VI 46016",Lake David,jestrada@example.net,191103
382562,Penny Harris,"Ross, Harrison and Reyes","005 Alvarez Rapids
Robertville, CO 26605",Lake Loristad,charlesthompson@example.net,186581
382563,Alexis Pope MD,Phillips LLC,"66585 Lewis Fall Suite 621
Walkerhaven, RI 94517",Barbaratown,rachel82@example.net,70262
382564,Hector Davenport,"Potter, Molina and Morrow","68555 Laura Shore Apt. 401
East Allenstad, VA 40552",Michaelport,holttimothy@example.com,110256
382565,Kaitlyn Taylor,Flores Ltd,"USNS Guerra
FPO AE 23188",South Barryshire,trevor74@example.org,133114
382566,Erin Delgado,"Ward, Welch and Knight","84213 Savage Square Apt. 174
South Charles, PA 37459",North Sarah,david88@example.net,60046
382567,Frank Diaz,Cooper Inc,"11594 Russell Mews
Port Patrickland, DE 15723",Beckmouth,brendanking@example.net,129466
382568,Mary Odom,Smith and Sons,"85938 Ronald Inlet Suite 621
Normanborough, PR 84478",Michaelberg,stephenmorris@example.com,153833
382569,Michael White,Martinez-Booth,"USNS Fitzpatrick
FPO AE 74353",Delgadofort,mcbridechristopher@example.net,144678
382570,Judy Barry,Nixon Group,"367 Erin Point Suite 278
Robinsonbury, NY 62155",Wendymouth,matthewmcmahon@example.com,79674
382571,David Parker,Adams LLC,"89991 Smith Roads Suite 051
New Brianhaven, OH 58541",Brittanyfurt,jrivera@example.org,195138
382572,Kenneth Johnson,Fields-Mccarthy,"050 Andrew Knoll
Sethtown, AL 66528",Matthewport,jenniferhopkins@example.org,177782
382573,Ronnie Peterson,Parker and Sons,"834 Evans Fall Suite 972
Jorgehaven, MT 22022",Chasefort,rmiller@example.net,126882
382574,Melissa Ramos,Romero-Perry,"6895 John Villages
Lake Joseph, AZ 38452",Lake Michael,alexwalters@example.org,50638
382575,Larry Barnett,Sosa-Butler,"9564 Nathan Islands Apt. 035
North Haley, IN 93745",Walkerfort,williamsonzachary@example.org,58344
382576,Caroline Cohen,Anthony and Sons