d, KY 43901",North Karen,stephaniebrown@example.org,118629
288694,Carl Ramos,Mueller-Morales,"4402 Moody Groves Suite 380
Martinezberg, DE 25255",East Frankland,mitchelldeborah@example.com,78733
288695,Janet Landry,Chandler-Contreras,"81827 Johnson Island Suite 339
New Davidhaven, AZ 52528",Bettymouth,brockkimberly@example.net,75315
288696,Stephanie Ortiz,Lawson-Fernandez,"380 Dylan Stravenue
South Robert, RI 57604",Lake Jacobport,brettelliott@example.com,158533
288697,Melissa Jones,Wagner-Day,"05085 Smith Meadow
New Sarah, AZ 37751",Amytown,amy23@example.org,192968
288698,William Gonzalez,Jones-Walker,"33828 Elizabeth Green
North Steven, FL 15226",Fisherborough,jeffrey80@example.org,109895
288699,David Armstrong,Hansen-Kirby,"3365 Jacqueline Track
Courtneytown, LA 00924",Lake Jonathanberg,silvachristine@example.net,158051
288700,Rodney Duran,Brewer Inc,"4638 Price Pine Suite 235
South Tanyaburgh, CO 63149",East Loriburgh,brittanymiller@example.org,164504
288701,Valerie Mills,Dickson-Stone,"USNS Reyes
FPO AP 68748",Perezchester,jacksonmegan@example.net,88886
288702,Linda Munoz,Church-Khan,"587 Jones Extensions Suite 149
Port Craigfort, PW 15226",North Robert,justin69@example.net,50238
288703,Anthony Leon,"Rodriguez, Monroe and Torres","86586 Cristina Centers
Kellyshire, PW 81512",South Thomas,chelseacampbell@example.org,127198
288704,Jimmy Brown,Barton Ltd,"171 Walter Park
North Nicoleport, GU 74422",Port Robertland,vanessa38@example.net,144805
288705,Kimberly Burns,"Perez, Lloyd and Cantrell","2491 Gibson Oval Suite 281
South Michelle, WV 99371",Leeville,melissa59@example.org,140260
288706,Erin Black,"Berry, Bass and Wilcox","35000 King Drive Apt. 031
North Aaron, AR 17306",Newtontown,nwilliams@example.com,186015
288707,Andrea Ellison,"Santiago, White and Taylor","9025 Terri Manor
West Keith, SC 75225",New Erin,kimann@example.net,131068
288708,Jasmine Williamson,Miller Ltd,"068 Dawn Plains Apt. 122
Lake Aaron, AL 35599",Lake Melissa,utaylor@example.org,71620
288709,Michael Brown,Larson-Perry,"699 Orr Village Apt. 346
Acostaberg, MP 85212",Sethfurt,bwright@example.org,171230
288710,Jacob Higgins,"Richardson, Jackson and Henry","7103 Merritt Island
South Amandachester, PR 69180",Kiddberg,cramirez@example.net,59726
288711,Rebecca Flores,Lewis Group,"8427 Wallace Key Suite 712
New Laurenville, OR 03963",East Amberhaven,jamesdavis@example.com,86567
288712,Kristopher Cabrera,Holland-Weaver,"41015 Potter Lane
South James, IL 99809",South Courtneyborough,fisherfrederick@example.net,193420
288713,Rebecca Martin,Johnson Ltd,"8567 Eric Bridge Apt. 850
South Marcusmouth, MI 63367",South Brian,pearsonbrian@example.com,141406
288714,Ryan Ferguson,Villa-Stafford,"0405 Scott Station Apt. 078
Juliastad, HI 98872",New Dannyburgh,beth74@example.net,123451
288715,Luis Montgomery,Castro-Lee,"28878 Tristan Rapid
East Katherinechester, WA 71822",Glassshire,bruce54@example.net,146234
288716,Steve Wilcox,"Mullins, Moore and Gilbert","691 Michael Courts Suite 888
Ashleystad, SD 74172",New Eugenefort,buckleyjohnathan@example.org,120874
288717,Sean Vargas,Rodriguez-Chang,"503 Sutton Coves
South Thomasview, MD 66086",North Denisemouth,thompsonmark@example.net,184456
288718,Gabrielle Mason,Berger PLC,"475 Frederick Plains
Smithfort, GA 35479",Catherinetown,matthew97@example.net,139926
288719,Kara Fox,Mccall-Graham,"82623 Christopher Prairie Suite 187
New Dannyborough, WA 94769",South Charlesburgh,hinesregina@example.com,90976
288720,Brent Maxwell,Kennedy Ltd,"801 Christopher Summit Suite 853
East Edward, WV 93013",New Robertburgh,craig17@example.net,192030
288721,Michelle Thomas,"Sullivan, Stone and Gordon","USS Wilson
FPO AA 12975",Powersberg,nboyer@example.com,167553
288722,Timothy Silva,Davidson Ltd,"42283 Olivia Spur Suite 231
Lake Nicholasland, MI 81768",Grahamport,brandon46@example.net,122260
288723,Jason Williams,"Williams, Sims and Wilson","8257 Livingston Courts Apt. 253
Eddiestad, UT 13604",East Huntermouth,vaughnhannah@example.org,157643
288724,Samantha Rivas,Young PLC,"6895 Richard Ports
Robertside, CA 18074",South Steven,michelledelgado@example.org,196985
288725,Jacob Melton,Beasley Group,"2347 Nelson Circle Apt. 299
South Anna, MH 97354",West Katieland,pchristensen@example.com,121493
288726,William Fletcher,Robinson Group,"449 Cooper Green Apt. 126
Gilbertborough, NY 46474",Estesborough,owensmarc@example.com,138909
288727,Jesus Parker,"Thompson, Harrell and Martin","03661 Mark Pines Suite 835
Merrittton, OH 38701",Hallton,andreaowens@example.com,129994
288728,Jennifer Reed,"Cole, Pham and Haynes","67054 Brown Rest
Lutzburgh, NJ 26799",Rodriguezberg,sarafoster@example.org,198786
288729,Jonathon Anderson,Palmer Group,"2987 Gonzalez Junction Suite 648
North Brandontown, LA 40111",Jefferymouth,schneiderjeffrey@example.com,72950
288730,Christian Ewing,Gallagher-Morales,"3435 Sheila Springs Apt. 526
Coleburgh, OH 67791",Marktown,patriciageorge@example.org,101637
288731,Andrea Banks,Olson-Rodriguez,"482 Veronica Plain Suite 637
Lake Theodoreland, WA 99330",New Jerryhaven,kleincheryl@example.com,56942
288732,Carlos Avery,"Osborn, Cook and Bentley","23736 Melanie Well Suite 173
East Erinside, KS 15876",Port Courtney,erogers@example.net,119503
288733,Jennifer Aguirre,"Oliver, Green and Myers","833 James Parks
West Carlhaven, IL 26381",Floresfurt,stacy55@example.com,187531
288734,Joshua Gomez,Barton Inc,"4948 West Loop Suite 310
Hernandezmouth, NM 26957",Mcclainberg,elijahmcintyre@example.org,111936
288735,Jacqueline Price,Payne-Ramirez,"9033 Harrell Plain
Johnsonbury, GU 38432",Lucasshire,justin48@example.org,164835
288736,Andrew Strickland,"Maldonado, Walsh and Bailey","651 Baker Roads Suite 022
Rhondastad, IN 80710",Leemouth,adamtaylor@example.net,167179
288737,Taylor Holloway,"James, Murray and Rangel","06502 Teresa Heights Suite 512
Kimberlyfurt, IA 04122",Timothyberg,spencer01@example.net,66246
288738,Paul Johnson,Clark-Clark,"8110 Mclean Course
Jenniferton, VA 62234",Port Ronaldbury,calebgoodwin@example.com,192677
288739,Amber Perry,"Moore, Freeman and Willis","77237 Wood Flats Suite 390
Crystalfort, WI 37158",Rebekahmouth,david75@example.net,153919
288740,Julie Mejia,Schaefer Inc,"4630 Bruce Spur
Harveyland, UT 64828",Lake Julie,dianelee@example.org,174154
288741,Stephanie Peterson,"Johnson, Henry and Contreras","358 Heather Knolls
East Elizabeth, VA 36047",Mollychester,brewernicholas@example.net,75339
288742,Ronald Atkinson DDS,"Carter, Galvan and Sampson","2540 Karen Motorway
South Kyle, NJ 06797",Andrewsborough,hodgesjeremy@example.com,158001
288743,James Snyder,"Horne, Merritt and Patel","PSC 3878, Box 4763
APO AP 36151",Lake Robertberg,antonio78@example.org,123400
288744,Samantha Cook,Collins-Evans,"984 Aaron Pines
Kendraville, MS 33008",New Nathanbury,uclay@example.com,116022
288745,Lisa Barker,"Morris, Dominguez and Johnson","0876 Stephen Ramp
Ramirezville, FM 07615",Thompsonton,andersonchad@example.com,66845
288746,Jesse Tran,"Lawrence, Fields and Hubbard","PSC 5381, Box 8708
APO AE 72227",New Brendafurt,stephanie98@example.net,60969
288747,Nichole Bean,Green-Gibson,"7416 Victor Road
Port Daniel, IL 91227",East John,rickymccormick@example.net,140733
288748,Dr. Joshua Macias,"Gonzalez, Watkins and Green","07145 Snyder Causeway Apt. 817
Andersonshire, OH 75369",Christyborough,williamschristopher@example.net,77846
288749,Jacqueline Williams,"Carney, Villarreal and Thompson","506 Houston Village Apt. 955
Port Damonchester, HI 32112",Ariasshire,james84@example.org,66103
288750,Mary James,Vang LLC,"003 Stefanie Gateway Suite 127
Port Pam, GU 09541",North Carlabury,derrick30@example.org,175947
288751,Tina Baker,"Lopez, Erickson and Richardson","56443 Gibson Neck
Port Bobbyhaven, IN 34417",Port Dennisberg,jesusmadden@example.net,162974
288752,Abigail Holmes,"Nguyen, Robinson and Hicks","92951 Lisa Land Apt. 956
Taylorfort, MN 45778",South Lori,whernandez@example.org,87523
288753,Wendy Thomas,King LLC,"768 Samuel Villages
Lake Carolyn, PA 23176",Tylerstad,christinagonzalez@example.net,109134
288754,Daniel Cook III,Contreras Inc,"11431 Chen Falls
Vancefort, DC 46105",South Megan,johngonzalez@example.org,121996
288755,Harry Moore,Carson-Rodriguez,"15212 Ramirez Mills Suite 301
Port Tara, GA 40989",West Samuelville,stephen30@example.com,60124
288756,Ryan Clayton,Morris-Morris,"45007 Thomas Extension Apt. 157
New Maria, VT 83352",New Jermaine,singhchristopher@example.com,96087
288757,Michael Turner,"Garcia, Smith and Wagner","Unit 7712 Box 1206
DPO AP 42978",North Kenneth,vward@example.org,122249
288758,James Mitchell,Wang-Dickson,"50294 Hood Curve
East Jeffery, OR 12676",Cochranfurt,hickmanjessica@example.net,127479
288759,Alexis Brown,Reid Inc,"890 Camacho Club
Jenniferside, IL 19246",Willisborough,zacharyfoster@example.org,161784
288760,Alicia Huff,Gaines and Sons,"21930 Claire Trail
Lake Jeffreyport, NY 01544",Jessicatown,stephanie72@example.net,79651
288761,Marc Vaughan,Ward-Melendez,"610 Lewis Spur
Gentryfurt, IA 16358",Vasqueztown,stephensjohnathan@example.net,108316
288762,Latasha Mcconnell,Norris-Hudson,"2207 Autumn Views
New Teresaland, WI 86811",West Ashley,vturner@example.org,136704
288763,Katherine Cruz,Adams Ltd,"25604 Lopez Views Apt. 437
South Rebeccachester, AZ 41659",Jenkinsmouth,randycasey@example.com,141857
288764,Anthony Hubbard,Wright Inc,"7699 Odonnell Parkways Apt. 653
Port Sarafort, CT 34191",Josephtown,swhite@example.com,171722
288765,Steven Mcclure,Wilkerson-Hughes,"99390 Benjamin Junction Suite 254
West Martha, NH 65932",Rickyland,adambrown@example.org,91069
288766,Dominique Carter MD,Tran-Salazar,"974 Atkins Estate Apt. 196
Jenniferland, ID 08972",Port Jacobton,fordkelli@example.org,194074
288767,Timothy Mejia,Beard Inc,"8133 Eric Spur Apt. 353
East Daniel, NM 46431",New Sarah,dyoung@example.net,124982
288768,Gary Santos,Cook Group,"9305 Jessica Burgs Suite 655
East Carla, SC 51367",Lauraside,kellie66@example.org,199861
288769,Keith Mccarthy,"Mason, Burton and Fitzgerald","29533 Shannon Centers
North Kathleen, PA 76076",Port Danielfurt,brandonfitzpatrick@example.com,55938
288770,Debbie Clark,Hernandez LLC,"159 Scott Rapid
New Lauramouth, RI 18392",East Lisa,jasmine34@example.com,114117
288771,James Moyer,Knight and Sons,"3082 Shawn Land Suite 440
West Robert, PW 50137",Port Tony,stuartsarah@example.org,69944
288772,Patrick Anderson,Frazier LLC,"PSC 9452, Box 1850
APO AA 79951",East Shannonmouth,beckeraaron@example.net,95516
288773,Timothy Brown,Massey Group,"938 Rachel Views
South Loganshire, AZ 93643",Ashleyland,linda20@example.org,74963
288774,Keith Cook,"Santiago, Bush and Mcgee","PSC 2395, Box 8208
APO AE 44005",Kimberlyberg,shane99@example.org,122693
288775,Rebecca Turner,"Hudson, Wilson and Perez","USNV Wheeler
FPO AA 93852",West Jamiefort,ajones@example.com,77998
288776,Mary Hampton,Anderson-Smith,"USS Rollins
FPO AA 08393",East Williamshire,brittany78@example.org,93890
288777,Samantha Wheeler,"Mendoza, Sullivan and Parks","50870 John Shore
West Frances, MD 78134",Lake Nicholas,hcarter@example.org,75967
288778,Joe Valdez,"Mccormick, Jackson and Ramirez","1875 Smith Junctions
South Shelley, NJ 97858",Beanfort,millerscott@example.com,56448
288779,Andrea Peterson,Garcia-Anderson,"63465 Gary Vista Apt. 968
Lake Joseph, MO 02425",Solomonville,bennettjanice@example.org,108317
288780,Julie Bowers MD,Nunez-Roberts,"442 Wang Keys
Lake Stephanie, GA 38940",New Jeffreybury,trevor12@example.com,111612
288781,Kathryn Ferrell,Middleton-Allison,"058 Gerald Stravenue
Chapmanbury, FL 68874",East Tammyton,uball@example.com,152049
288782,Paige Ellis,Jones-Gonzales,"7516 Molina Vista Suite 202
Kristinehaven, NH 61059",Cooperfurt,briantaylor@example.org,103017
288783,Brianna Daugherty,Floyd-Nielsen,"79977 Washington Isle
Kaufmanland, MN 53721",North David,cgriffin@example.com,152835
288784,Donna Garrison,Farmer and Sons,"USCGC Dougherty
FPO AA 79621",North Derrickhaven,dominguezalice@example.net,80962
288785,John Soto,Maddox Inc,"77892 Rhonda Groves
North Erikland, MT 05375",North Seanfort,joseph50@example.com,152907
288786,Angela Collins,"Williams, Ho and Jackson","2577 Maurice Ferry
Scottview, NE 86090",Hornview,brittanymiranda@example.net,63619
288787,Nicole Ramirez,"Mendez, Perez and Johnson","299 Gregory Junctions Apt. 728
West Frankport, WA 84141",North Kimberly,pageelizabeth@example.org,162098
288788,Travis Gaines,Best Ltd,"26074 Christian Parks
New Tammychester, HI 69553",Steinport,dawnchen@example.org,126655
288789,Robert Phillips,"Walsh, Miller and Newman","100 Wright Junction Apt. 222
East Louisburgh, NV 54928",Lake Troy,toddmiller@example.org,162580
288790,Susan Graham,Mills Ltd,"308 Kayla Expressway
Martinberg, WI 64345",North Jennastad,johnshaffer@example.org,188546
288791,Mark Lopez,"Hicks, Munoz and Wade","25134 Melissa Gardens
New Christopher, NM 27540",Jaredhaven,zachary82@example.org,135077
288792,Katelyn Turner,Owens Inc,"56761 Sharon Isle
Schultzton, MP 57623",West Eric,clarkkatrina@example.com,89471
288793,Scott Roberts,Sims Ltd,"3089 Adam Station
Masseymouth, KS 96926",Briannafort,dennismorales@example.org,155156
288794,Timothy Howell,Martin LLC,"06166 Steven Point
Rowlandton, DE 35466",North Linda,deborah77@example.org,88318
288795,Zachary Rocha,"Crawford, Garcia and Tran","05618 Randy Walk Apt. 969
Thomasland, NH 70029",New Madisonburgh,thomas92@example.net,183550
288796,Lisa Taylor,Smith-Gomez,"92302 Watson Forges Apt. 665
New Prestonhaven, IL 87351",Diazfurt,sandraharris@example.org,186820
288797,Heather Turner,"Flowers, Ramsey and Sosa","80342 Chavez Stravenue Suite 990
South Leahhaven, OK 70397",New Heidi,lnovak@example.com,178547
288798,Carrie Abbott,Anthony LLC,"07722 Bennett River
Port Brianna, TN 37654",Stacieburgh,cbradley@example.org,192308
288799,Jamie Gibbs,Morales-Bush,"157 Baker Falls
Richardsonhaven, DE 50052",East Christine,zfernandez@example.net,110615
288800,Briana Chambers,Robinson LLC,"03059 Laura Key Suite 530
Kariberg, VI 55699",Johnsonton,dennisjordan@example.org,127836
288801,Russell Smith,Scott-Garcia,"93772 Smith Crossroad Apt. 492
New Sean, HI 00875",West William,nunezjennifer@example.net,51232
288802,David Navarro,Torres-Foster,"486 John Crescent Suite 544
Wilkinston, SD 52049",Johnsonton,gentrypatrick@example.org,80745
288803,Sherri Miller,King and Sons,"4963 Alison Isle Suite 408
North Cameronfurt, SD 96082",Lindafort,brandon48@example.com,113475
288804,Timothy Tanner,"Ross, Price and Johnson","7030 Pearson Locks Apt. 849
New Nicholas, DC 08155",Elizabethfurt,smanning@example.org,102362
288805,John Taylor,Lee and Sons,"531 Chen Corner Suite 195
Smithport, IA 08462",Gonzalezfort,wjones@example.org,54637
288806,Mark Goodman,"Brown, Valdez and Romero","PSC 0431, Box 6209
APO AP 25847",Laurachester,moorebrian@example.com,179175
288807,Nicole Velasquez,Santiago-Miller,"185 Melendez Row Suite 642
North Kellytown, NY 36407",Delacruzport,turnerpeter@example.com,193009
288808,Ricky Maxwell,Curry-Combs,"534 Kennedy Groves Apt. 162
Williamsside, MA 10084",Stephaniehaven,mfrost@example.net,164499
288809,Eric Huff,Johnson Inc,"162 Sheri Curve Apt. 800
New Jeremy, SC 05352",New Samanthaberg,oelliott@example.net,120499
288810,Sara Howell,"Lopez, May and Mckay","93368 Rios Stravenue
Morganborough, MS 91591",Susanmouth,mmcmahon@example.com,126125
288811,David Freeman,Hernandez-Cruz,"4942 Mckinney Parks Suite 977
Allenberg, MI 60222",Lake Charles,dhaas@example.com,131367
288812,Pamela Alvarez,"Mitchell, Trevino and Gilmore","108 Jones Isle Suite 450
Port Javier, SC 38565",New Vincentton,ryanjackson@example.org,53938
288813,William Ingram,Wong-Bailey,"USCGC Roberts
FPO AE 94965",East Rickyport,medinajennifer@example.com,135143
288814,Toni Reynolds,"Scott, Horton and Blackburn","PSC 5153, Box 2969
APO AA 38556",New Ryan,kjacobs@example.org,123296
288815,Jamie Ross,Hardy-Hayes,"76625 Clark Corners
West Jeremychester, WV 18598",Jessicabury,vickie37@example.net,79914
288816,Colin Bass,Knight-Rogers,"9766 Bishop Isle
Robertsmouth, WV 77961",New Kellyfort,kimberlyreed@example.org,110096
288817,Lisa Jackson,Rodriguez LLC,"45456 Fuentes Knoll
New Kylie, MH 38734",Stephenmouth,nsmith@example.org,94835
288818,Gary Nelson,"Jones, Dixon and Chavez","88195 George Inlet Suite 178
Jensenville, OR 63198",Andrewburgh,khamilton@example