043,Melissa Mathews,"Hendricks, Fowler and Taylor","376 Coleman Trafficway
Port Alicia, DC 65651",New Christopherburgh,cherrynancy@example.net,76237
236044,Scott Jones,Howard-Palmer,"USCGC Smith
FPO AA 86315",West Charles,alexis93@example.com,64714
236045,Cassidy Nelson,Ballard-Phillips,"4236 Robert Stravenue
Wilsonville, GU 16026",East Steven,robert28@example.org,51996
236046,Adrienne Perez,Davis-Oneal,"USS Gross
FPO AP 65549",Port Davidburgh,mariamontoya@example.com,110134
236047,Jennifer Miller,"James, Nash and Montgomery","875 David Field
Dwayneberg, OH 01746",Lake Amber,valdezandrew@example.net,140816
236048,Justin Moore,Garrison LLC,"35496 Welch Divide
Riverastad, SC 03637",South Elizabeth,markrivera@example.com,106138
236049,Kristin Clark,"Hardy, Wood and Myers","45487 Jill Parkways
East Cheryl, MI 06095",East Edward,barbara03@example.org,150754
236050,Jonathan Petty,Robinson-Yoder,"43810 Ashley Trafficway
West Jacobfurt, ND 85812",New Vanessamouth,youngchristopher@example.net,169412
236051,Bryan Mcbride,"Martinez, Smith and Owens","251 Macdonald Rue
West Cindy, HI 13874",North Manuel,stephensjessica@example.org,107255
236052,Kaylee Smith,Hart-Hampton,"6074 Barrett Mall Suite 800
Velazquezchester, OR 59082",South James,danielle95@example.org,59942
236053,Michael Velazquez,Dawson and Sons,"4972 Amanda Haven Suite 902
Theresaton, LA 22587",East Jenniferfort,farmerpeggy@example.com,67061
236054,Victoria Roach,Ortiz-Robertson,"18836 Meyer Islands
Daviston, MN 72538",Gutierrezton,danieldiaz@example.com,185776
236055,Tiffany Roberts,Blake PLC,"1749 Adams Union
East David, OR 25327",Port Brucefurt,lesliebrown@example.net,65496
236056,Edgar Miller,Stephens Inc,"88019 Wade Lane Suite 397
Brendabury, MO 15033",Jesusfurt,hevans@example.org,78044
236057,Michele Cobb,"Holt, Roberts and Lyons","8771 Pena Mission Apt. 822
South Michaelville, NC 64848",Port Jason,michael07@example.net,144690
236058,Alejandra Thompson,Jones PLC,"USS Brown
FPO AP 30173",North Elizabeth,christopher77@example.net,170869
236059,Amy Ross,Farmer-Manning,"735 Sara Drives
South Jose, NV 27355",South Haroldborough,garretttiffany@example.com,57556
236060,Jessica Hunt,Andrade Ltd,"25458 Juan Extensions
Port Richardmouth, UT 82677",Port Pamela,melissa37@example.org,75461
236061,Edward Wood,"Davis, Holmes and Vance","500 Zoe Courts Suite 547
East Brittanyhaven, NY 88820",Pamelashire,pcoleman@example.com,120848
236062,James Sanders,Baker-Jones,"11027 Barnett Roads Suite 571
Kimberlyview, VA 60160",East Olivia,charlesmiranda@example.com,76850
236063,Lauren Holmes,Coleman-Jacobson,"75035 Stephanie Harbors
Tatemouth, IA 28355",Daniellechester,victorialopez@example.com,131933
236064,Donald Thomas,Cruz-Bridges,"06070 Roberts Junction Apt. 474
Jenniferfurt, AL 53309",Bakershire,yatescarol@example.com,133987
236065,Richard Mitchell MD,Vaughn-Robinson,"10053 William Cliffs Apt. 440
Laurentown, TX 11591",Johnmouth,rhenderson@example.com,73883
236066,Jennifer Tucker,Graham-Snyder,"34865 Murphy Stravenue Apt. 930
North Anna, PR 94445",Sarahview,timothy40@example.net,105812
236067,Nicole Gonzalez,Campos Group,"1711 Patrick Route
New Annette, PR 31570",Martinezhaven,jilliandunlap@example.net,65609
236068,Justin Stanley,"Pierce, Gray and Williams","58996 Victoria Mount
Christophermouth, NV 72116",Trevinostad,harmonchristine@example.com,69865
236069,Stacey Fox,"Carter, Ramos and Booth","541 John Lodge
Griffithton, IN 94811",Danielville,lindsey38@example.net,82035
236070,Elizabeth Graham,"Evans, Glenn and Dean","0312 Brock Curve
Dennismouth, MN 70594",North Julie,smithchristopher@example.net,109443
236071,Kimberly Mcknight,Velazquez Ltd,"960 Evans Crest
North Lisa, NH 95919",South Elizabeth,theodoreeaton@example.com,132934
236072,Linda Gordon,Esparza-Cunningham,"7702 Jeanne Orchard Suite 547
North Adrianport, OH 89160",Lake Edwardbury,edwardhernandez@example.com,96888
236073,Scott Rodriguez,Bishop-Bryan,"1246 Gonzales Fort Suite 418
Sandovalberg, DC 10310",Oliviaport,htorres@example.org,164842
236074,Joseph Matthews,Jimenez LLC,"345 Lee Way
East Timothy, WY 49680",Jonesland,dennisjones@example.net,51178
236075,Keith Medina,Gonzalez-Boyd,"934 Hancock Springs
Adamston, OK 10575",Port Lisa,nholland@example.com,140525
236076,Brian Kelly,Hogan-Wallace,"Unit 3720 Box 2263
DPO AP 03479",Hudsonburgh,anthonyweaver@example.com,181190
236077,Nicholas Torres,Castro Group,"3276 Johnson Key Suite 556
Beverlyburgh, VT 79778",West Alicia,jarvisrichard@example.org,127133
236078,Bradley Charles,Beltran-Johnson,"8753 Watson Gardens
Aaronland, AR 51286",New Bradleyland,tracybarr@example.org,147188
236079,Anthony Bullock,Krause Group,"205 Carol Heights Apt. 446
South Sarahburgh, GU 73139",Port Todd,omolina@example.com,191900
236080,Anna Sutton,Rodriguez-Vazquez,"388 Shawn Trafficway
North Michaelville, GU 27587",Port Allisonfort,awagner@example.net,128030
236081,Angela Lin,Moore and Sons,"656 Carter Walk
East Julie, MN 52367",Lake Erikahaven,linda55@example.org,160419
236082,Thomas Hudson,Manning LLC,"5422 Johnson Junction Suite 583
Davistown, NY 42108",North Pamelaport,martinezeileen@example.net,187124
236083,April White,"Blackwell, Brandt and Hall","73066 Parks Cove
West Juliashire, AZ 82625",South Colton,reynoldsjaime@example.org,138249
236084,Brendan Chambers,Alexander-Hawkins,"Unit 6251 Box 6666
DPO AP 59717",Millermouth,jordan68@example.org,119908
236085,Carla Blankenship,Day Inc,"4913 Cunningham Mill
Allenstad, GA 70035",Mitchellburgh,ghopkins@example.net,132354
236086,Tanya Swanson,"Green, Cross and Moreno","55187 Walsh Wells Apt. 672
Jonesshire, AL 18479",Paulfurt,avasquez@example.net,134498
236087,Andrew Rodriguez,Eaton-Stephenson,"08496 Hale Mills Suite 228
Amytown, TN 13132",Loganstad,jennifer93@example.net,108047
236088,Jennifer Benson,Duncan-Hurley,"8293 Anthony Stream Suite 760
East Michaelstad, WI 27331",East Christian,misty76@example.net,187115
236089,Todd Allen,King PLC,"USCGC Russell
FPO AP 41161",West Connieside,dukejames@example.com,195133
236090,Lawrence Patton,Hansen Ltd,"9916 Stephanie Turnpike Suite 335
North Jamesshire, MT 14659",Jonesport,elizabeth26@example.org,188165
236091,Amanda Jones DDS,Hamilton Group,"90487 Margaret Mountain
Sweeneyville, WV 47922",Jasonview,phillip06@example.com,69354
236092,Paul Luna,Miller-Williams,"4512 Brandon Circles Suite 544
Braunshire, KY 11292",North Jason,scott13@example.org,129684
236093,Jacqueline Smith,Taylor PLC,"904 Nicole Gardens
North Philipmouth, TX 37409",West Kevinhaven,pmitchell@example.org,114756
236094,Arthur Mcbride,Wolfe PLC,"72512 Richard Corners Suite 224
Michaelton, SD 69376",South Melanie,jessica41@example.com,89841
236095,Steven Keller,Rice-Oconnell,"345 Chapman Mission Suite 984
Martinezbury, IN 22786",New Daniel,albert74@example.net,53293
236096,Randy Johnson,Thomas-Nicholson,"796 Gonzalez Causeway Apt. 436
Natalieborough, MA 95207",New Julie,uskinner@example.com,191506
236097,Amber Love,Schultz Inc,"78131 Lindsey Parkways
Christineside, VI 02510",North Russellborough,davidthomas@example.com,193011
236098,Elizabeth Cortez,Ross and Sons,"805 Jason Burgs
Ballardmouth, IL 84898",Loriburgh,npayne@example.net,59868
236099,Lisa Carlson,White LLC,"5703 Carr Loop Apt. 691
Port Lauren, PR 33903",Keithhaven,brownmichael@example.net,157078
236100,Aaron Melton,Swanson-Harper,"58331 Juan Trail Apt. 879
South Steve, MS 29545",East Anthonyfort,clarkchristopher@example.org,194348
236101,Beverly Reilly,"Hicks, Bryant and Miller","54989 Barry Freeway
Austintown, LA 68781",Melissaville,rachelflynn@example.net,101866
236102,Kayla Thomas,"Garcia, Watson and Grimes","312 Jones Path
East Nancyland, NC 18607",Kimberlytown,zmoore@example.org,114367
236103,Jeffrey Robinson,"Lopez, Newton and Miller","0065 Jimenez Shores
Port Wendy, AL 84201",North Justin,michaeljackson@example.net,100658
236104,Jacqueline Farley,Johnson-Cain,"13361 Lowe Place
Stephensstad, MT 38170",Tammyhaven,johnnynguyen@example.net,196279
236105,Eric Meyer,Smith-Bradley,"70861 Johnston Expressway
Gonzalezside, VA 04985",North Jasmin,wendy41@example.com,119025
236106,Larry Goodwin,Sullivan-Lee,"5444 Michelle Mews
Port Lisafort, WY 31931",New Caseyfurt,colemanwilliam@example.org,196445
236107,Todd Gordon,Cooper and Sons,"27658 Olivia Isle Suite 432
Matthewsfurt, MT 69272",Lake Angela,mark44@example.com,168499
236108,Cathy Dawson,"Anthony, Ruiz and Harmon","5615 Hammond Wells Suite 037
West Johnside, MT 33300",Timothyland,steven82@example.net,175676
236109,Jonathan Daugherty,Hamilton Group,"86867 Williams Walks Suite 836
Donaldshire, ND 18897",West Melanie,lindastokes@example.com,169339
236110,Joseph Hall,Mcdonald-Gardner,"938 Weaver Parks Suite 372
Christinaberg, AS 47768",Port Lindashire,imoore@example.com,159157
236111,Darlene Ryan,"Gardner, Marshall and Murray","173 Tina Circle
South Curtis, PA 97802",Port Davidberg,catherinesmith@example.org,148841
236112,Phillip Jacobs,Mueller Inc,"529 Wells Drives
Griffinton, NY 58885",Lake Ericville,gross@example.com,176763
236113,Robin Williams,"Reilly, Baker and Moore","8917 Emily Roads
Heidiside, OK 33159",Port Jerryland,kathleenbrown@example.org,194501
236114,Mary Taylor,Martinez Ltd,"997 Brittany Meadows Apt. 172
West Abigail, KY 61751",Bryanborough,andrea14@example.net,94338
236115,Jeremy Crosby,Frye-Hogan,"46722 Rose Stravenue
Adammouth, WA 61831",New Kelseyshire,ttaylor@example.org,56304
236116,Steven Young,"Allen, Peck and Bauer","3053 Ronald Dale Apt. 040
Jonesport, ME 80712",Reneeville,patriciaruiz@example.com,115815
236117,Willie Yoder,Waters-Rivas,"797 Young Villages
Smithton, AL 41825",South Amberport,brookecoleman@example.net,195980
236118,Kimberly Miller,Gilbert-Rogers,"957 Malone Centers
East David, UT 10827",North John,lrhodes@example.org,68450
236119,Neil Dixon,"Rosario, Thomas and Adams","59513 Andrews Street
Reedside, ND 03189",Georgeburgh,ypark@example.com,82321
236120,Sarah Lewis DDS,Carter-Davis,"71855 Amanda Viaduct Apt. 933
Katherinechester, CA 66411",Perrymouth,christopher74@example.net,77764
236121,Valerie Diaz,"West, Cowan and Olson","10147 Jean Gardens Suite 278
Emilychester, WV 62752",Rebeccatown,kimberly63@example.net,64764
236122,Michelle Hernandez,Bauer-Valentine,"501 Robinson Plaza
Devonhaven, NC 21606",New Curtisland,mdavis@example.com,164946
236123,Joanna Blankenship,Evans Inc,"5929 Wilson Throughway
South Billy, NY 64287",Christopherfort,aaronsnyder@example.com,176697
236124,Andrew Lewis,Daniels-Rodriguez,"227 Kent Causeway Suite 156
New Brandon, MS 95333",Harrisside,vanessa67@example.org,181025
236125,John Farmer,Owen-Lawrence,"729 Gilbert Freeway
Lake Tiffanyshire, AR 57269",Port Annette,qgarcia@example.com,76903
236126,Mary Wade,Simpson Group,"5939 Daniel Port
Kellymouth, VT 29655",North Paulchester,burchsamantha@example.org,151414
236127,Deborah Castro,Moss-Pratt,"30328 Catherine Mall
West Territown, VA 39499",Port Anthony,harriscynthia@example.com,119444
236128,Mitchell Smith,Mcintyre and Sons,"1719 Diana Lake
Reevesfort, GA 87797",New Katherine,jenna79@example.net,182109
236129,Kimberly Frost,Pierce Ltd,"9168 Parker Lights
South Anthony, IA 75904",East Lisachester,pmitchell@example.com,136347
236130,Susan Silva,Dalton-Lopez,"1650 Todd Stravenue Apt. 373
New Jasonshire, AZ 31357",North Christophershire,ghernandez@example.net,150302
236131,Robert Jones,Love Inc,"578 Strickland Pine Suite 540
New Kevin, KY 86377",South Jasontown,cjones@example.net,130502
236132,Mark Anderson,Salazar-Edwards,"11131 Long Mews
West Anthony, NJ 09867",Hollowayfort,krobertson@example.com,191440
236133,Steven Mcdowell,Castro Ltd,"USS Robbins
FPO AA 23403",Port Karen,zhanggina@example.org,71967
236134,Dominic Arellano,Lee-Vance,"2432 Christopher Light
Port Tiffany, AZ 88523",Reneemouth,jonathonmartinez@example.com,182979
236135,Caitlin Mcmahon,Scott and Sons,"751 Jeffrey Burg Suite 753
Beckerburgh, RI 31903",North Logan,alyssa80@example.net,122003
236136,Brian Harrell,"Koch, Lindsey and Simpson","8901 Brittany Drives
New Mary, OK 07173",New Robertstad,portermichael@example.com,147226
236137,Robert Lawson,"Williams, Schwartz and Jones","86555 Jones Skyway
West Stephanieborough, NE 05455",Myerschester,jenniferlewis@example.org,87763
236138,Robert Carter,"Jacobs, Bell and Clark","4066 Julie Squares
New Kathleenmouth, WY 12839",Port Kristopher,andradealexander@example.com,55525
236139,Timothy Poole,Nolan PLC,"326 Rose Pike Apt. 247
Nathanland, AL 63854",New Jennifer,danielanderson@example.org,191258
236140,William Henderson,"Wilson, Porter and Rodriguez","581 Julie Parkways
New Paige, NE 32394",Lake Jerryburgh,buckleyclayton@example.com,189069
236141,Laura Harvey,"Ross, Johnson and Anderson","5582 Rojas Key Apt. 257
Martinezberg, DC 55065",Fisherville,joenorman@example.com,146978
236142,Lindsey Jackson,Ellis PLC,"36544 Lopez Spur Suite 094
Martinezhaven, NV 34131",South Cassandra,christopher17@example.net,76395
236143,Eric Martinez,"Bass, Sweeney and Castillo","10826 Nathan Inlet
Rosaleshaven, CA 16863",Evanschester,monica25@example.com,106329
236144,Lori Brooks,"Mitchell, Glass and Bell","61564 Roy Lock Suite 651
North Sean, OK 11941",Alanberg,tstewart@example.net,163163
236145,Crystal Klein,"Evans, Townsend and Clark","93579 Love Place Suite 621
Oliverport, MT 37705",West Dale,kathleen90@example.org,74015
236146,Mark Robinson,Clark-Banks,"45416 Dawn Circles Suite 240
North Tanyaton, PW 09391",Evelynfurt,kaitlinpeters@example.org,112133
236147,Tiffany Willis,Gibson-Foster,"1892 Hunter Harbors
Markstad, IN 97807",Jonathanborough,patrickwilliams@example.com,158659
236148,Daniel Massey,Tapia-Bates,"7331 Norris Passage Suite 689
North Susan, NJ 13813",Port Meghan,colleen53@example.net,85170
236149,Jason Craig,Miller-Solomon,"00041 Taylor Motorway Suite 305
Timothybury, MP 75609",Danielletown,ipowell@example.org,157130
236150,Sophia Howell,Stanton Group,"47818 Lee Row
Beanfort, NC 92859",New Joshua,christine10@example.com,187526
236151,Nicole Jimenez,Tucker and Sons,"6341 Desiree Ford Suite 334
West Zacharyland, AK 14001",East James,zacharybryant@example.com,136336
236152,Ian Pierce,"Mclaughlin, Miller and Myers","3980 Jacob Villages
Lawsonshire, LA 23861",Sandraside,christine07@example.net,103101
236153,Robin Eaton,Taylor-Taylor,"1541 James Locks Suite 191
Hopkinstown, CA 48700",New Joshuamouth,kblack@example.net,97621
236154,Amber Hernandez,Rivera Inc,"121 Espinoza Mill Apt. 728
Wongfort, VI 32280",North Wendyshire,reynoldsangelica@example.com,102691
236155,Jack Stewart,Williams PLC,"7188 Hannah Walks Apt. 921
East James, GA 38569",Millerton,hudsonmary@example.com,64518
236156,Keith Morgan Jr.,Ross Inc,"22601 Browning View Suite 657
Charlesstad, VI 56266",New Sarah,vphillips@example.org,156416
236157,Thomas Nelson,Hart and Sons,"25346 Hamilton Gateway Suite 629
Vancefort, PW 10333",Woodwardchester,wallacesteven@example.com,136185
236158,Misty Smith,"Weaver, Mccarty and Kelley","72298 Fields Extension
Haroldfort, MH 92460",South Scottside,jonesscott@example.net,109604
236159,Ronald Miller,Rodriguez-Hansen,"2139 Riddle Shore Apt. 619
Danielleborough, MS 05500",East Amberberg,evan66@example.com,122112
236160,Sarah Snyder,"Liu, Ford and Walters","USS Coleman
FPO AP 08810",Port Sandra,coffeyjonathan@example.com,194492
236161,Joseph Salas,Stephens-Burton,"1564 Cristina Field
New Laura, ME 40450",Mooreberg,hernandezerin@example.org,106041
236162,Brett Allen,"Johnson, Taylor and Berger","6351 Yates Ridge
Port Nicole, MP 49666",Ronnieport,clairethompson@example.com,52154
236163,Rodney Cordova,Sheppard Ltd,"PSC 8761, Box 0680
APO AE 89185",Davidburgh,lisaschneider@example.com,58211
236164,Derek Mills,Matthews-Franklin,"257 Gay Prairie
Nancymouth, TN 32205",New Frank,steventucker@example.org,191430
236165,Kelly Alexander,"Flores, Mcdaniel and Miller","797 Smith Lake Apt. 531
Williamshaven, ND 60546",Brucestad,melissa19@example.com,170991
236166,Miguel Shaw Jr.,Snyder-Garcia,"195 Mendoza Shoals Apt. 583
Port Rodneyview, AS 22048",Lake Sonyabury,matthew25@example.com,196658
236167,Amanda Wallace,"Hanson, Miller and Mitchell","33540 Troy Common
Jeanburgh, MI 35011",South Angela,bmorris@example.com,77340
236168,Mrs. Tara Pham DDS,"Barker, Ruiz and Wells","99154 Scott Gateway Suite 958
North Kelly, NC 40453",Grahamberg,rebeccahoward@example.net,184966
236169,Ro