xample.com,58147
51736,Ms. Leah Matthews MD,Davis-Brown,"9019 Gibson Villages Suite 315
Jamieshire, KY 81678",Port Kelly,jgriffin@example.com,181895
51737,Kathleen Drake,"Barton, Johnson and Ross","781 Li Inlet
Lake Jeffery, NH 23863",East Heathershire,nicole87@example.org,146391
51738,Ronald Martin,"House, Jordan and Russell","799 Kyle Dale Suite 813
Parksfort, NM 68932",New Lindseyburgh,austincole@example.net,86178
51739,Daniel Lawrence,"Gonzalez, Mcmahon and Morrow","USNV Burke
FPO AP 18585",Klineville,gellis@example.org,145672
51740,Daniel Watson,"Jenkins, Brown and Santiago","7306 Roth Club
Larsenfort, NE 81386",Jenniferside,russellfrye@example.org,151358
51741,Robert Miller,"Patterson, Terry and Martinez","67352 Martin Lock Suite 110
North Janet, GA 96691",Chapmanport,renee75@example.net,50170
51742,Don Parsons III,Pierce-Sharp,"082 Nancy Harbor Apt. 030
Thomasfort, WI 76061",Port Daniel,hector61@example.com,91789
51743,Katherine Wallace,Herman LLC,"6580 Warren Fords Suite 631
Rodriguezville, AK 49128",Russellside,allisonmcneil@example.com,124026
51744,Denise Yates,Arellano Ltd,"3303 Osborne Dale Apt. 870
East Martha, IN 46335",Russellfort,vargasmisty@example.org,172427
51745,Elizabeth Walker,Bowers-Johnston,"8847 Kimberly Path
Bassmouth, SC 06887",East Rhonda,paustin@example.com,63350
51746,Caroline White,Walton-Jackson,"158 Fernandez Mission Apt. 350
South Allisonfort, MT 30463",South Stephaniebury,mayeramanda@example.org,114092
51747,Holly Gibbs,Torres-Arnold,"467 Reid Well
South Keithberg, IL 93541",East Alyssa,johnsoncarla@example.com,65494
51748,Danielle Stewart,Brewer-Bailey,"355 Jennifer Road
Smithview, WV 22878",Lake Rachel,allensonia@example.net,155006
51749,Renee Hopkins,Robinson Inc,"841 Gordon Row Apt. 899
North Charleschester, AK 72630",Holtview,iprice@example.net,130443
51750,Heather Romero,French-Martinez,"6232 Brown Drives Apt. 592
West William, PA 34765",Nguyenland,daniel41@example.org,155631
51751,Zachary Martin,"Sandoval, Smith and Smith","976 Jacobs Spurs Apt. 729
Sanchezport, LA 04020",East Paula,fgeorge@example.org,176193
51752,Douglas Armstrong,Gonzalez Inc,"1935 Laura Lock
Kathleenville, VI 06120",Gillespieland,craig58@example.com,121473
51753,John Rogers,Reyes and Sons,"0799 Jessica Forges Suite 032
Port Kimberlyberg, AR 55563",New Brandy,lopezbrenda@example.org,132423
51754,Christopher Rodriguez,Ford Group,"97981 Teresa Estate
Anthonyfort, ID 57093",Shanemouth,tyleranthony@example.org,145210
51755,Justin Delgado,White-Weaver,"43856 Conway Prairie
Angelaview, DE 85620",Port Davidchester,millererica@example.org,85680
51756,Ian May,Hernandez Inc,"120 Richmond Drives
New Jason, LA 88990",Millerburgh,jorgehorton@example.org,59896
51757,John Craig,"Warren, Ramirez and Porter","570 Butler Park
East Jefferychester, GA 60372",East Yvetteville,cheryl84@example.org,83724
51758,Shane Ramirez,Castillo PLC,"0100 Grant Inlet Apt. 370
West Alishafort, WI 57642",Garciaberg,carrrhonda@example.net,162467
51759,Brooke West,Jones-Meyers,"853 Fernandez Divide
Port Kaitlyn, MT 34226",Port Tracy,ochoaveronica@example.org,149628
51760,Jason Webster,Sanchez and Sons,"848 Anthony Mountain Apt. 422
Jimmyfort, OR 36245",Kristamouth,hmurray@example.net,95608
51761,Shannon Harding,"Wright, Pierce and Rodriguez","733 Little Field
West Kyle, SD 36861",North Rogerville,bbridges@example.net,144262
51762,Isaiah Wright,Lamb-Gonzalez,"7821 Carrie Island Suite 591
New Gregory, AZ 00953",Port Leslie,bookerjames@example.com,116581
51763,Aaron Anderson,Perez Ltd,"3541 Patricia Tunnel
North Michelle, WY 80820",Jennastad,jimmysmith@example.com,50917
51764,Michael Cox,Smith LLC,"1762 Rodriguez Knolls
South Christinaburgh, LA 74428",Lake Matthewshire,wilkinscharles@example.org,113218
51765,Mary Chang,"Kennedy, Delgado and Clay","226 Jones Lane
Michelleton, ND 62844",South Anthonyberg,ellismichael@example.com,162821
51766,Brian Gibson,Moore-Olson,"83034 Lopez Circles Suite 311
North Christopher, SC 19843",Freemanville,lauren10@example.net,182473
51767,Ryan Atkinson,Robinson-Vaughn,"9894 John Plains
West Nathanport, GU 29799",South Bruce,okelley@example.com,130101
51768,Nicolas King,"Olson, Douglas and Larson","71955 Wang Plains Suite 193
North Leslieville, DE 93014",Port Janeland,emiller@example.net,87573
51769,Nathan Hernandez,Robinson LLC,"442 Jeffrey Parkway Apt. 142
Port Charles, RI 03488",Port Carolport,rjackson@example.net,148834
51770,Caleb Smith,"Duran, Poole and Lewis","220 Samantha Turnpike Apt. 893
Lake Kevin, HI 42223",Lake Nathanfurt,kbell@example.org,80558
51771,Susan Combs,Brown Inc,"8314 Henry Port
North Daniel, GU 72670",East Charles,hdominguez@example.org,157511
51772,Kristina Hall,"Cox, Schwartz and Robinson","USS Barton
FPO AA 66061",Brownborough,donald61@example.com,68741
51773,Ashley Goodman DDS,Miller-Novak,"USNS Cooke
FPO AA 07531",Martinhaven,matthew64@example.org,188562
51774,Michael Martin,Herrera PLC,"212 Bass Rest
West Scott, LA 13742",Lake Lucasborough,thomas60@example.net,89494
51775,Ryan Mann,Ryan Group,"106 Michael Tunnel
East Katiehaven, HI 35781",South Joanshire,millerjohnathan@example.com,93511
51776,Lisa Edwards,Wilson-Williamson,"7748 Sanchez Land Apt. 296
Juarezfurt, MH 30454",Port Katherinetown,paul98@example.org,146224
51777,Marcus Rosario,Pierce-Porter,"0923 Karen Mountain
New Thomas, NC 67235",South Brady,danielboyd@example.org,135130
51778,Patricia Randall,"Thompson, Robertson and Hatfield","61529 Jason Path
Shawnmouth, DE 02131",Lake Reneemouth,molinawilliam@example.net,177414
51779,Robert Reed,Cohen-Anderson,"2880 Timothy Inlet Apt. 492
Roseland, ID 32689",East Jameston,jbrown@example.com,55283
51780,Ashley Bender,"Jimenez, Martinez and Robertson","464 James Land
South Shaneberg, NC 20252",West Tonyport,jsmith@example.com,163246
51781,Sharon Pacheco,"Contreras, Griffith and Thomas","PSC 4378, Box 4164
APO AA 07043",Port Jamesmouth,toni94@example.net,195963
51782,Amanda Murray,"Johnson, Shaw and Miller","944 Abigail Knolls Apt. 480
Coxborough, NY 08934",South Kimberlyville,lauren02@example.com,131224
51783,Donald Stanton,Green PLC,"16947 Benjamin Harbor Suite 911
Port Christopherport, MS 68962",Anthonytown,allenelizabeth@example.com,79359
51784,Patrick Marshall,"Smith, Butler and Turner","279 Stephens Divide
South Annachester, NH 94117",Deniseview,figueroadakota@example.org,70326
51785,John Jones,"Walker, Bradford and Bennett","35323 Nicole Streets Suite 307
Morganside, ID 99598",Harrisland,lauren25@example.net,173760
51786,Jennifer Lee,Mccoy-Brennan,"582 Melanie Spur Suite 596
New Carolyn, PA 26861",Murraytown,michelle50@example.org,185289
51787,Rebecca Foster,"Ellison, Santana and Valdez","837 Amy Canyon Suite 684
Wellsberg, KS 24832",South Robert,darryldickerson@example.net,68912
51788,Jose Pugh,"Gillespie, Miranda and Hamilton","30303 Henry Square
Port Heather, DE 73426",Davidfort,iramos@example.org,63224
51789,Austin Simmons,Wright-Robinson,"6078 Garner Hill Apt. 741
South Heathershire, ME 47291",Kristyton,ahernandez@example.net,80548
51790,Abigail Hart,"Williams, Smith and Johnson","15158 Smith Garden Apt. 952
South Nathanberg, NJ 51904",North Heather,bryanbrock@example.net,128622
51791,Charles Matthews,Robbins Ltd,"97218 Jacob Courts
Scottland, IN 10386",East Julie,josesexton@example.org,128962
51792,William Dominguez,"Hahn, Nelson and Davis","850 Sandra Track
Martinland, SC 24017",West Richard,nicole33@example.org,127239
51793,Jordan Johnson,Johnson Group,"5859 Miller Manor Apt. 190
Seanport, CA 96698",Bobbyland,nwest@example.com,92046
51794,Ryan Schmidt,Rivers Ltd,"78013 Tammy Coves
New Danielstad, VT 69875",Miguelbury,cpowell@example.net,101829
51795,Amanda Patterson,Madden Ltd,"56218 Mccall Spur
Danielview, MN 97791",West Laurenland,chandlerandrew@example.com,142058
51796,Lisa Johnson,West Inc,"USNV Ryan
FPO AP 90954",Lake Markborough,stephen08@example.com,87567
51797,Raymond Rivers,Roberts-Bryan,"31665 Craig Avenue
Port Ann, NV 18469",Davisside,normanbrown@example.net,166571
51798,Nicholas Wheeler,"Mayer, Arias and Potter","65503 Ramirez Creek Suite 517
New Michaelton, AL 81271",West Dustinview,jholmes@example.net,67636
51799,Jennifer Olsen,Anderson Ltd,"39880 Victoria Valleys
East Thomas, OR 27721",North Debra,smithjaime@example.org,180730
51800,Kenneth Wheeler,Guerra-Potts,"028 Jessica Causeway Suite 928
South Kimberly, PR 81926",Freyshire,brenda24@example.net,96121
51801,Jeffrey Hebert,Bullock-Williams,"739 Timothy Islands Suite 577
Angelaborough, IA 09607",Zacharyland,gilbertcory@example.org,137825
51802,Christian Mcmillan,Smith and Sons,"170 Yates Drives Apt. 452
Lindatown, IN 23450",South Stacy,martinchase@example.com,140526
51803,Misty Good,"Martin, Dominguez and Grant","5004 Victoria Summit
Ruiztown, OR 22375",Andreaton,fergusonmonica@example.net,57895
51804,Angela Johnston,Hall and Sons,"Unit 8329 Box 5428
DPO AE 23784",Danielville,jwhite@example.com,99039
51805,David Rivera,Bright-Thompson,"702 Wood Loop
Jeremymouth, MA 35722",Lake Darin,brendantodd@example.net,65393
51806,Rhonda Moore,Hawkins-Gibson,"89657 Hooper Fields
Kristinaside, NJ 84323",West Patrickville,priscillaparker@example.com,162855
51807,John Cruz,Scott LLC,"2450 Donovan Plaza
South Roseberg, NJ 43773",New Gregmouth,pmoore@example.net,71938
51808,Samantha Campbell,Newman-Harris,"627 Jenkins Lakes Apt. 677
Woodsbury, MS 48553",Patriciaside,lauramorrow@example.com,82137
51809,Bobby Petty,Davis-Williams,"63154 Aaron Cape Suite 194
South Marc, UT 68739",Port Caitlynfurt,coxdouglas@example.com,190936
51810,Christopher Blankenship,Ferguson Ltd,"444 Richard Stravenue Suite 688
Foxmouth, AK 23780",Lake Damon,calderonwilliam@example.net,141001
51811,Brittany Moody,Long-Reeves,"54302 Mills Junction Apt. 738
Woodbury, MP 07840",Chelseyside,jasoncollins@example.org,118338
51812,Cheryl Anderson PhD,Sullivan and Sons,"61114 Benjamin Pass Apt. 196
Johnsonbury, SC 67480",South Justin,ashley34@example.org,126235
51813,Anna Mckay,Hubbard and Sons,"6066 Joyce Square
South William, OH 67070",South Michaelside,edwardrice@example.com,51966
51814,Rita Beltran,Bradshaw-Moore,"021 Robert Drive Suite 473
West Juliehaven, MP 87759",Toddstad,lisa20@example.com,97815
51815,James Villanueva,Burke Group,"6756 Jeffrey Path
South Erica, RI 27885",Lake Anne,carlos35@example.net,66585
51816,Katherine Wright,"Byrd, Best and Turner","610 Joy Ridge
South Mary, WV 95416",Navarrotown,royjulia@example.org,127704
51817,Tabitha Owen,Pugh PLC,"60602 Cristian Creek Apt. 840
North Brandonview, LA 40515",North Joshua,andrewschaefer@example.com,166105
51818,Casey Ortiz,Mullen and Sons,"54463 John Via Apt. 427
Nelsonport, KS 95753",West Mark,regina98@example.org,184926
51819,Brenda Jones,"Carlson, Mcguire and Stevens","5897 Jon Parkway Suite 209
Carolberg, WI 63216",Richardfort,eric82@example.com,107437
51820,Joseph Estes,"Good, Oconnor and Graham","69162 Michelle Lock
Toddview, GU 10363",Port Jason,kristinahill@example.com,125581
51821,Joseph Phillips,"Gray, Aguilar and Holden","711 Christopher Stravenue
Williamton, VI 25991",Chelseamouth,mfletcher@example.org,52706
51822,Carol Crane,"Maddox, Hernandez and Murphy","95506 Fox Wells Suite 257
Ericfort, DC 65873",Bryantside,ywhite@example.net,100149
51823,Karen Mills,"Moore, Hill and Newton","3204 Laura Estate
East Kirsten, LA 20073",Brendamouth,aaustin@example.net,198740
51824,Alison Perez,Velazquez-Moore,"99151 Dawn Mission
Bradleyberg, MT 29031",Duncanbury,deborah90@example.com,137411
51825,Dawn Hernandez,Lawrence Group,"90025 Golden Expressway Suite 660
Melissastad, FL 49897",East Arthur,hallmeghan@example.com,62665
51826,Cody Cole,Burch Group,"770 Smith Plain
Mercadoborough, IL 11061",Port Matthewmouth,margaret34@example.net,163767
51827,Jennifer Davila,Williams-Morgan,"077 Barnett Gardens
West Ryanport, GU 20896",North Wayne,orussell@example.org,132553
51828,Mark Glass,"Potts, Wilson and Greene","24514 Richard Forks
East Kelly, HI 22786",Port Kaitlyn,dana80@example.net,82333
51829,Jennifer Roberts,"Bray, Kennedy and Solis","348 Owens Key
Lake Kristentown, MI 46321",Port Donmouth,bradleydorsey@example.net,93130
51830,Lauren Young,Bell-White,"382 Lam Crossing Suite 094
Port Sherry, AS 99453",West Jenniferland,jbraun@example.com,110013
51831,Wanda Calderon,"Le, Murray and Patel","2537 Donna Greens
East Jesse, WA 25202",New Rebecca,garycole@example.org,124164
51832,Clarence Richards,Simpson-Gonzalez,"9035 Jacob Station
Kathrynmouth, HI 59432",Feliciaview,webbnancy@example.org,170127
51833,Ryan Baker,"Mcdonald, Wilson and Taylor","716 Robert Haven Apt. 545
South Edward, CO 97587",Dawnfort,durhammichael@example.org,56832
51834,Ryan Rogers,Jimenez LLC,"848 Beard Fort
Rogersside, FL 63908",North Michael,william62@example.net,147375
51835,Jo Taylor,Fletcher Group,"771 Cooper Plaza Apt. 088
West Richard, MS 71016",Suzannetown,martinezjonathan@example.com,115241
51836,Andrew Poole,"Hamilton, Brock and Reed","8253 Sherry Villages Suite 977
Gallagherberg, MH 55170",West Angelville,zwheeler@example.org,95930
51837,Gregory Brooks,Johnson-Williams,"6427 Stephanie Prairie
Port Emilymouth, MA 52601",New Jason,jasonmurphy@example.com,134450
51838,Bruce Lin,Wood-Smith,"278 Patterson Station
Andrewchester, MO 93823",North Allisonborough,sean38@example.com,113163
51839,Manuel Harris,"Bailey, Hill and Ruiz","212 Joseph Path
West Joshuabury, IL 93587",Blankenshiptown,blackcaleb@example.org,143676
51840,Matthew Anderson,Perez Ltd,"98008 Michael Hills
Craigton, MD 99028",Lake Erin,kelly65@example.com,120254
51841,Nicole Stone,Butler-Yates,"830 Hill Passage
West Steven, MD 95756",Andrewborough,mcculloughrandall@example.com,186124
51842,Taylor Fox,Mendoza Ltd,"945 Duke Center
Lake Charlesshire, AS 68136",New Davidfurt,hortonbreanna@example.com,52728
51843,Kristy Medina,Thomas LLC,"380 Schmidt Forge
West Maryborough, CT 59429",Torreshaven,ihorton@example.net,102530
51844,Benjamin Alvarado,Anderson-Moore,"1017 Cochran Divide
South Donald, CA 66781",Milesland,ddavis@example.org,197694
51845,Amy Smith,Young-Smith,"54474 Patrick Circles
West Matthewchester, WI 19160",North Tinaville,jasmineharrison@example.org,168300
51846,Tyler Johnson,"Villegas, Carter and Aguilar","065 Wong Pike
New Aaron, WY 70508",Carrchester,charles84@example.net,158745
51847,Emma Garcia,"Bullock, Vega and Schneider","16373 Newton Flats
Harrisborough, SD 62239",West Jaredstad,whiterodney@example.org,74154
51848,Teresa Barker,Sutton and Sons,"388 Gray Square
Bonniemouth, WI 53656",New Reginaton,bryangerald@example.net,139874
51849,Levi Brown,"Powers, Anderson and Stevens","071 Jeffrey Trafficway
Port Jeremy, PW 84402",New Kimberly,tking@example.com,185069
51850,Bryan Gonzalez,Johnson Ltd,"45526 Nolan Glen
Lake James, UT 30810",Laurachester,jeremyenglish@example.org,126477
51851,Jose Adkins,Parker-Russell,"PSC 2255, Box 5172
APO AP 22094",South Jacob,frycarolyn@example.net,69388
51852,Jordan Vargas,Gibson-Williams,"73548 David Circle Apt. 946
Clayfurt, MT 63191",Santiagomouth,wolfedeborah@example.net,100186
51853,Jacob Cunningham,"Davis, Franklin and Rivera","6030 Richardson Vista
Richardfort, WY 89350",Buckleyport,vsandoval@example.net,99294
51854,Debbie Riley,Mccormick PLC,"05941 Travis Place Suite 261
Lake Luke, MD 07145",South Christopherburgh,amartin@example.com,109294
51855,Jonathan Smith,Tanner-Long,"261 Jordan Trace Apt. 601
East Laurentown, UT 44046",South Aaronport,garcianicholas@example.net,197795
51856,Stephen Davis,Scott-Jones,"03261 Crane Viaduct
Jamesfurt, NC 61751",Jonberg,rhondacalderon@example.com,137932
51857,Michael Johnson,Guerra Group,"830 Hess Fields Suite 126
Port Linda, SC 51736",Murraymouth,keith51@example.org,71384
51858,Scott Campbell,Perez LLC,"7406 Angela Flat
Butlerchester, TX 78129",New Donna,fsmith@example.net,164325
51859,Philip Mills,Wells-Powers,"USS Johnson
FPO AP 60059",Jocelynchester,rlong@example.net,176654
51860,Joel Garrett,"Garcia, Carroll and Leonard","392 Jones Light
North Leeville, DC 99088",Christopherbury,leah67@example.com,61902
51861,Bianca Martin,Riley Group,"064 Jessica Walks
Davidstad, WV 82527",North Ann,erik73@example.org,69508
51862,Richard Wood,"Huynh, Lopez and Scott","16826 Amy Lights Apt. 782
North Jason, PR 06047",Amyberg,derekdunn@example.org,71771
51863,Christopher Burton,Howell Ltd,"929 Peterson Orchard Suite 167
North