3449",Lake Randyside,cbrooks@example.com,159464
167680,Cody Woods,Mendez-Jones,"11205 Brown Vista Suite 308
Richardsburgh, AZ 31163",East Ronald,leematthew@example.com,85902
167681,Henry Norton,"Dickerson, Hayes and Robinson","USNV Riley
FPO AP 91380",Abbottburgh,aking@example.com,70889
167682,Linda Davis,"Singleton, Griffin and Young","2763 Sanchez Rue
Michelemouth, RI 50643",East Noah,ccook@example.org,194300
167683,Edward Cole,Mendoza and Sons,"314 Kathryn Viaduct
Millermouth, IN 34183",West Raymond,johnsonjennifer@example.net,174581
167684,Steven Jackson,Hammond and Sons,"PSC 4303, Box 9020
APO AA 48719",Melissafort,jasonleblanc@example.com,122958
167685,Jeremy Butler,Robertson-Fields,"494 Reyes Gardens
Port Kaylastad, TN 25409",Robinsonport,william00@example.com,180686
167686,Brianna Williams,"Ochoa, Wagner and Brown","20986 Williams Grove
Anitashire, ID 23801",Jameschester,sherismith@example.net,64723
167687,Adam Hill DDS,Romero Inc,"078 Chapman Creek
Coffeystad, CO 20646",East Davidborough,xbrown@example.net,130535
167688,Melissa Williamson,Marshall-Santos,"Unit 1446 Box 9954
DPO AP 84698",New Patrick,joneswilliam@example.com,175611
167689,Brittany Avila,Rangel-Lewis,"73353 Kimberly Glen
East Douglas, IN 38987",North Lee,joelmelton@example.net,82459
167690,Clinton Leonard,Pollard Inc,"3175 Cory Crest Suite 184
Stephenfort, VI 81909",Lake Jenny,carneyangela@example.com,141214
167691,Shane Ball,"Fleming, Morrison and Mccann","413 Hernandez Heights Apt. 371
Fordtown, WI 58149",Lake Elizabeth,blackjonathan@example.com,98462
167692,Albert Abbott,Hill and Sons,"PSC 3093, Box 2783
APO AA 10208",East Pamela,brendawilliams@example.net,137131
167693,James Mitchell,"Washington, Garcia and Davis","09149 Sanchez Ports
North Katherine, AS 45717",New Alexisfort,bfoster@example.com,65164
167694,Omar Reed,Gross PLC,"05586 Williams Islands Apt. 183
West Taraside, CO 78517",West Leslie,jacksonnicole@example.org,150495
167695,Mr. Charles Short,Lewis Group,"PSC 1264, Box 1490
APO AA 33334",Wesleymouth,carpenterscott@example.com,117983
167696,Rose Barrett,Howard-Vargas,"23700 Daniels Mountains
Loweryton, DE 01372",Porterfurt,xgonzalez@example.org,51218
167697,Steven Sparks,Ortiz LLC,"898 Taylor View
Booneport, GA 31038",New Michelle,nicholas99@example.com,60320
167698,Dean Henry,Douglas and Sons,"20508 Larsen Mountains Apt. 127
Port Derrick, VI 29704",Saundersmouth,chase40@example.org,197184
167699,Maria Gonzalez,"Cooley, Briggs and Smith","8790 Murphy Views Suite 107
North Dawn, CA 63962",Butlermouth,markvaldez@example.net,61234
167700,Victoria Zimmerman,Johnson-Johnson,"06535 Julia Center Suite 560
Katherinechester, NE 60555",Taylorfort,millerkathleen@example.net,195746
167701,James Bowers,"Harrison, Harris and Saunders","6203 Katrina Wells Apt. 677
Hensleyberg, RI 05152",Gonzalesshire,rrussell@example.net,101283
167702,Emily Phillips,Shelton PLC,"Unit 1856 Box 5745
DPO AA 58654",New Micheleberg,emily02@example.com,187366
167703,Ryan Hernandez,"Jones, Greene and Rivera","PSC 4556, Box 4109
APO AE 10897",Morsehaven,fpeters@example.org,139726
167704,Rhonda Moore,Sullivan LLC,"PSC 3578, Box 2719
APO AE 40537",Rogertown,samuelharris@example.org,194395
167705,Anthony Barnes,"Burke, Cabrera and Hall","4408 Carter Estates Apt. 359
North Aliceburgh, OH 14652",New Tylerport,christinearroyo@example.com,143386
167706,Paul Brown,"Hayes, Stone and Lynch","25278 Hill Port
Danielchester, AS 47835",Lake Judy,hermanangela@example.net,124380
167707,Sierra Sims,"Lawrence, Scott and Davidson","63134 Peter Squares
Lake Juliemouth, KY 99228",Emilyland,browngabriel@example.org,134546
167708,Robert Valdez MD,Bradley Group,"377 Nancy Track
South Jacobberg, PW 52851",Shellyport,bsoto@example.org,192678
167709,Donna Kelly,Brooks-Bernard,"USS Roberts
FPO AA 68807",Lake Lindashire,smithjenny@example.org,178902
167710,Savannah Jones,"Cook, Liu and Jones","4510 Peter Pass Suite 436
Smithhaven, PA 66753",Lake Preston,nicholscrystal@example.net,101231
167711,James Underwood,Francis-Wilson,"35166 Emily Hollow
Austinburgh, SD 46820",Jenniferbury,bwebb@example.com,55956
167712,Scott Ellison,Jimenez PLC,"32549 Smith Flats
New Sheliaside, CT 86873",Craigstad,robertweaver@example.org,193611
167713,Dr. Frederick Townsend DDS,Mathews Group,"83002 Holly Crossroad
North Lisaland, PA 21681",Sotostad,banksdaniel@example.com,53842
167714,Jonathan Massey,Williams-Kerr,"7049 Daniel Village
Dianafort, SC 73689",Port Elizabeth,morrisjoseph@example.net,137355
167715,Rachel Adkins,"Bruce, Williams and Swanson","28970 Johnston Squares Suite 816
West Jackport, MT 03621",Port Lauramouth,raypatricia@example.net,159031
167716,Ann Hood,Malone-Nelson,"98105 Taylor Road
Lake Richardberg, ME 32757",Lake Justin,christine82@example.net,87355
167717,Jason Mathis,"White, Bradley and Rogers","1338 Crystal Villages
Jenniferton, MP 77152",Nguyenton,brian14@example.com,147073
167718,Joseph Griffin,Mason and Sons,"2519 Elizabeth Springs Apt. 469
Deniseshire, VI 78280",Lake David,jenniferclark@example.com,182980
167719,Danielle Fisher,"Oneill, Weaver and Gomez","24304 Ramirez Ridges
West Christine, MA 79116",Jasonstad,tamara14@example.org,142358
167720,Kelly Cardenas,"Roman, Ellis and Lloyd","81570 Wallace Mission Suite 720
New Ashley, WI 19666",Silvaton,alexander08@example.org,164471
167721,Robert Wilson,"Johnson, Foley and Chase","98340 Potts Mission
New David, UT 97774",West Bradley,christopher05@example.net,67185
167722,David Tapia,Gardner-Taylor,"970 Chan Coves Apt. 023
New Lindamouth, FL 44018",Lake Kristenstad,brownkimberly@example.net,94935
167723,Jasmine Williams,"Benton, Delgado and Peterson","14301 Lowe Corners
East Gregoryside, WA 65701",Morganland,cynthia27@example.net,182404
167724,Angelica Johnson,Carter LLC,"989 Kimberly Drive
Adamview, AK 09652",Jeffreyburgh,wsmith@example.com,140687
167725,Joel Baker,"Wallace, Dorsey and Walters","508 Ho Fields
North Michaelton, ME 94627",Veronicashire,brendanlopez@example.net,62780
167726,Kenneth White,English Group,"9897 Montgomery Spur Apt. 602
Lake Josephview, MD 57932",Gonzalezberg,hermananita@example.org,110360
167727,Jennifer Middleton,Murillo Group,"05743 Wiley Land
Wilsonville, TX 12341",Lake Oliviaport,knightzachary@example.net,121612
167728,Brittany Sanchez,Williams Ltd,"3836 Mason Skyway Apt. 151
New Taylorton, NJ 68970",Burgesstown,silvajulie@example.org,152143
167729,Bradley Sims,Curtis-Boyd,"819 Heather Overpass
Kimberlystad, SD 53031",East Carolynborough,barbara50@example.com,62181
167730,Carrie Beltran,Thompson Inc,"08637 Kurt Forks
Ibarrafort, IA 19886",New Nancymouth,jessica78@example.org,150634
167731,Christine Robles,Davis-Le,"80328 Wu Skyway Suite 009
Aguilarburgh, WI 69954",Mauricehaven,jill76@example.com,120913
167732,Andre Montoya,"Henson, Salazar and Saunders","00450 Jennifer Track Apt. 022
Allenshire, SC 36681",West Davidport,barbaraherring@example.net,71294
167733,Kimberly Valencia,Carlson Ltd,"1779 Stewart Loop
Port Amandaborough, AK 55542",Denisefort,andrea98@example.net,144715
167734,Samantha Garcia,Morris Inc,"1117 Justin Pike
West Monicaland, WA 04908",Watkinsfurt,rioseric@example.net,63134
167735,Daniel Jennings,"Garcia, Williams and Wood","15982 Frederick Manor Apt. 474
North Davidburgh, TX 49453",Lake Aaronhaven,todd51@example.net,165251
167736,Thomas Levy,White Group,"875 Rachel Course Suite 214
East Gailhaven, MT 39693",West Tiffany,reneeparks@example.com,93902
167737,Thomas Rasmussen,"Blankenship, Larson and Peterson","930 Cuevas Passage
Port Phillipbury, WV 88767",New Richard,scottsmith@example.org,97997
167738,Edwin Saunders DDS,Thompson-Johnson,"4410 Thomas Mission Apt. 120
Lake Janet, HI 99497",Lake Bradyhaven,richardfrost@example.net,121094
167739,Jessica Gilmore,Hines-Gonzalez,"4443 Bryan Vista Apt. 436
Jeremiahborough, VA 58175",South Philip,pittserin@example.net,65170
167740,James Bates,"Jennings, Ellis and Leonard","78726 Hunt Heights
Port Julieshire, AK 18683",Lake Mindy,twilliams@example.com,198197
167741,Hunter Myers,Schwartz Group,"137 Tyler Ways Apt. 196
New Aimee, IL 22475",East Tiffany,gdouglas@example.com,185311
167742,Jesse Johnson,Roberts PLC,"656 Smith Inlet Suite 673
West Deborah, PR 50987",Brettville,jonesrobert@example.net,116270
167743,Heather Wilson,"Hayes, Melendez and Hernandez","021 Michael Mission Suite 764
Transide, OK 99907",New Michellefort,jonathancarpenter@example.net,158223
167744,Jamie Pham,Arnold-Lopez,"349 Kristen Route Apt. 140
West Jeremyside, OK 07391",Lake Jamie,porteranthony@example.com,90834
167745,Mrs. Cynthia Thomas,"Knox, Randolph and Hunt","Unit 0102 Box 5668
DPO AP 37539",Williamston,jharrison@example.com,74221
167746,Dr. Stefanie Martinez,Garcia-Long,"4594 Melanie Hills
East Nancy, MO 64681",Ryanfort,devinlane@example.org,104969
167747,Sandra Sanders,Jensen Group,"89803 Julie Mall
Jeffreyhaven, MO 41210",Hendersonhaven,acummings@example.com,85068
167748,Julie Hill MD,Smith-Moore,"9435 Horton Hills Suite 095
Vanessastad, GA 18351",North Ryanhaven,stevenhernandez@example.org,143459
167749,Todd Jones,Sims and Sons,"749 Nelson Cliff
Wardchester, GU 31598",East Nicole,scott94@example.org,97720
167750,Whitney Fox,Phillips Ltd,"718 Cardenas Spurs Apt. 808
East Shannontown, WV 36288",New Hannah,anna35@example.net,56354
167751,Laura Ochoa,"Baldwin, Pierce and Jackson","03560 Jason Flat
South Michaelport, MI 77078",Charleston,schultzjames@example.org,161137
167752,Krystal Mcknight,"Long, Green and Thompson","PSC 2001, Box 9764
APO AP 98564",Port Michael,martindawn@example.com,144289
167753,Rebekah Ochoa,Ramos-Ashley,"6737 Tamara Ways Suite 221
Port Joshuabury, HI 32275",Port Janice,qramirez@example.org,98263
167754,Keith Blake,Murillo Inc,"2987 Kaiser Ramp
Lancefort, OR 67677",North Michelleshire,michealmitchell@example.net,105990
167755,Dr. Kelly Martin,Haynes PLC,"87363 Steven Ville
West Suzanne, MP 92959",Steveton,kentjack@example.net,178433
167756,Tiffany Norris,Mason Group,"1950 Brandon Burgs Suite 227
North Gabriellabury, MN 72060",Charlesmouth,qholloway@example.org,176539
167757,Cindy Clark,Hamilton Group,"040 Griffin Village
Shawnberg, NH 78040",Port Megan,daniel16@example.org,102393
167758,Nancy Ibarra,"Vaughan, Green and Mcmahon","58390 Fritz Mill Suite 727
Aliceshire, FL 82613",Mirandamouth,brittanyjordan@example.org,123042
167759,Jonathan Ritter,Montgomery-Wright,"9341 Johnson Ports
Port Abigailton, MN 07315",East Daniel,donald88@example.com,65270
167760,Michael Edwards,"Lynn, Flores and Ramirez","0576 William Brook Apt. 632
Karenton, OH 77402",Valenciaburgh,zdavis@example.org,104465
167761,Matthew Thomas,Kim-Kirby,"460 Perry Plains Apt. 742
North Joshuabury, DE 36997",Hughesmouth,phall@example.org,62961
167762,Kyle Rios,"Williams, Obrien and Larson","786 John Center Suite 121
Stokesfurt, PA 27227",Ashleyport,nicholasking@example.com,73102
167763,Lynn Moore,"Buchanan, Lozano and Perkins","PSC 6243, Box 7985
APO AP 50231",South Heatherside,qshelton@example.com,114385
167764,Cathy Jones,Scott-Lopez,"2350 Kristy Mountain
Ryanville, AK 96119",South Robertton,lori86@example.org,190336
167765,Zachary Dean MD,James-Anderson,"6670 Miller Lodge Suite 261
Hannahstad, NH 02931",Lake Rebeccaburgh,gbailey@example.com,78601
167766,Chelsea Leon,Young-Weber,"PSC 8300, Box 4969
APO AE 21015",Lowechester,sarahbrown@example.net,167225
167767,Albert Jones,Campbell Ltd,"5090 Gonzalez Circles Suite 945
Martinezbury, FL 25970",New Willieshire,michaeloneal@example.com,62710
167768,Matthew Davenport Jr.,Doyle and Sons,"05844 Smith Squares Suite 032
East Aaron, IA 55683",Susanmouth,janet13@example.org,109570
167769,Maria Good,Lowe Ltd,"324 Katie Manors
Samuelchester, NV 85042",Kyleberg,williampowers@example.org,156494
167770,Timothy Byrd,Lee Ltd,"4565 Rachel Streets Suite 877
North Thomas, WA 53678",New Nancybury,kelli95@example.org,59427
167771,Melissa Hanson,White-Cole,"PSC 4281, Box 8772
APO AA 19838",Reillyton,mooneykarina@example.com,94107
167772,Cynthia Dunn,Smith LLC,"5888 Lee Unions
West Glen, VI 46771",Hardingview,christopherturner@example.net,61464
167773,Kristy Ramirez,Baker Inc,"178 Michael Inlet Suite 782
Donnafurt, AS 68995",Lake Kyle,pauleric@example.net,159535
167774,Megan Wall,Robles Ltd,"079 Jeffrey Roads Suite 758
Andrewland, AR 87775",Popefurt,jason57@example.org,174689
167775,Jeremy Camacho,Lynch-Peterson,"4706 Dana Common
West Andrea, VT 97204",Antoniofurt,erogers@example.com,187612
167776,Kayla Rosario,Olsen-Flowers,"2212 Miller Station Apt. 120
New Jenniferville, KS 39630",Port Davidfurt,plee@example.com,83904
167777,Rebekah Kaufman,"Ramos, Lang and Mcmahon","8123 Matthew Keys Suite 268
South Alexandra, AS 23096",Sarahberg,zstephens@example.com,180797
167778,Kathleen Hunt,Davis-Davis,"4600 Cory Ways
Mooremouth, IL 81026",East Jeanmouth,frank37@example.com,111240
167779,Samuel White,Allen-Dawson,"40468 Dixon Field
Wrightbury, ND 71610",Sandersview,garymartin@example.net,167922
167780,Ann Goodman,Cooper-Watkins,"Unit 1047 Box 4854
DPO AP 53098",South Whitneychester,barbara87@example.com,160661
167781,John Garcia,Edwards-Goodwin,"USCGC Armstrong
FPO AE 87421",Port Spencerstad,rebecca67@example.net,171824
167782,James Romero,Allen PLC,"0843 Wendy Walk
South Jeffery, MH 52580",Port Victorport,angela98@example.org,108976
167783,Jacob Stephenson,Wall Ltd,"487 Pierce Spurs Suite 140
Kingland, DC 49215",New Amyberg,ray52@example.org,62932
167784,James Ball,Bishop PLC,"26914 Ronald Manors
North Joanna, MD 29803",New Nicoleborough,camposdawn@example.net,108499
167785,Bradley Perry,"Peterson, Walker and Wilson","36291 Jordan Knolls
Williamsshire, NC 42453",Williamsville,virginia16@example.net,193450
167786,Kenneth Nelson,Hughes Inc,"4368 Jones Rue Apt. 582
Lake Juliaberg, HI 14626",Ramirezborough,martinezshannon@example.net,168507
167787,Robert Wheeler,"Bruce, Shaffer and Dominguez","4030 Myers Station
Adamton, MH 81895",Alexandertown,cory20@example.net,167948
167788,Richard Dickson,Melton LLC,"1382 Geoffrey Place Apt. 958
Port Melissastad, OK 92612",Gonzalezview,ecampbell@example.org,120345
167789,Noah Howard,"Andersen, Smith and Scott","PSC 4266, Box 0332
APO AA 04577",North Maryborough,christianhoward@example.com,64622
167790,Lauren Kane,Rodriguez Ltd,"479 Emma Crossroad
West Hannahshire, WA 52763",West Dorisview,donna81@example.com,79777
167791,Ryan Floyd,"Richmond, Hall and Perez","59818 Robert View Apt. 638
Jenniferfort, MA 12629",Christopherhaven,lewislisa@example.org,108121
167792,Brent Smith,Delgado-Rivera,"15034 Jennifer Turnpike Suite 519
Lake Alexandria, MA 95689",South Guyshire,muellermatthew@example.com,85679
167793,Ricky Cortez,Rice-Zuniga,"155 Adam Stream
Brandtmouth, OR 82227",Carlamouth,bowmanmadison@example.com,182510
167794,Linda Jones,"Church, Woods and Murphy","330 James Hill Suite 207
Pagemouth, MA 80286",New Tammyhaven,fgraves@example.net,57223
167795,Martin Navarro,Warren-Mendoza,"7773 Frank Mountains
Bryanburgh, TX 70827",Lake Michellechester,cmartin@example.org,183103
167796,Susan Reyes,"Johnson, Meyer and Lopez","9679 Sweeney Springs
North John, AK 86765",Port Keithshire,slozano@example.com,127769
167797,Derek Horne,"Mullins, Poole and Lee","516 Jacobs Summit Suite 766
East Joe, HI 94018",West Robertton,escobartara@example.org,199318
167798,Terry Finley,"Lopez, Alvarado and Cooper","566 Cline Station
Johnsonborough, CA 34739",South Kristinfurt,katiestewart@example.com,70332
167799,Kara Delacruz,Walters Ltd,"8006 Madison Valley
Port Molly, MN 11994",Samanthahaven,cynthia62@example.org,177431
167800,Jenny Nichols,"Phelps, Johnson and Powers","1026 Kenneth View Apt. 853
Marquezfort, NM 39011",New Kristin,timothy89@example.com,171937
167801,Logan Hurley,Pena-Wright,"16696 Melissa Bypass Apt. 299
New Gabriella, OK 41570",Jeremyborough,brookenoble@example.org,88073
167802,Lisa Payne,Martinez-Webb,"42925 Leach Divide Suite 891
East Kevintown, VI 88252",Lake Patricia,amanda01@example.net,79885
167803,Molly Taylor,"Lutz, King and Mcdonald","4540 Wang Heights
Richardview, NH 97812",Frazierton,moniquecole@example.net,139319
167804,Nathan Herrera,Harper-Brooks,"056 Evans Trail
Johnland, WV 01630",Linburgh,deborahfrank@example.com,86866
167805,Pamela Cantu,Everett-Johnson,"3736 Griffin Spur
Ericksonview, AL 07223",Port Jamesshire,garrettscott@example.com,68427
167806,Gabrielle Smith,K