Edwards,"817 Michelle Passage Suite 208
Peterberg, LA 96006",Bradyfort,elizabeth97@example.org,142068
360723,Russell Robinson,Olsen Group,"089 Adam Ranch
Jacquelinemouth, PW 60517",Jamesmouth,mcleanaaron@example.net,196838
360724,James Bass,Shepard-Aguilar,"69916 Brown Port Apt. 196
West Evelyn, FM 01324",Bethanyview,nicole13@example.net,154720
360725,Christopher Mejia,Reyes-Stuart,"02466 Mcpherson Glen
Aguilarmouth, MO 22533",Jessicaburgh,jessica65@example.net,172090
360726,Lindsay Smith,Molina Inc,"2932 Johnson Shoal Suite 606
Port Miguel, OK 80249",East Lucasport,dereklee@example.com,135695
360727,Monica Medina,Watkins-Barrett,"632 Stanley Viaduct
Justinmouth, OH 15134",South Tracy,jonescharlotte@example.net,196777
360728,Taylor Bender,Alexander and Sons,"6397 Jonathan Garden Suite 367
Martinezfurt, HI 72765",Coxborough,patrickcoleman@example.org,107850
360729,Alexis Jones,"Rivera, Rose and Watson","374 Martinez Lake Suite 404
Jonathanland, KS 75042",Brittanyton,ljohnson@example.com,159970
360730,Stacy Henry,Ward PLC,"20490 Lopez Estate Suite 773
Gonzalezport, AS 81419",West Jeffrey,ocurry@example.net,80216
360731,Michelle Leach,"Jackson, Cordova and Martinez","2402 Lutz Spurs Suite 496
Hillton, SC 20059",Mitchellland,grahamjake@example.com,112035
360732,Kevin Moreno,Hull PLC,"206 Parker Place
New Jenniferville, AK 07978",New Leonard,danielbrown@example.net,65462
360733,Scott Simmons,"Davis, Mcdowell and Simmons","807 Michael Overpass Suite 400
New Lauraville, NC 79314",Teresatown,alvarezchristine@example.org,136393
360734,Lawrence French,Byrd PLC,"0739 Whitney Crescent
South Jared, OH 81724",Burtonland,tracey51@example.com,91861
360735,Dr. Karen Alexander,"Baker, Phillips and Barnett","83912 David Vista Apt. 922
Samanthaton, KS 67858",Stokesfort,ann07@example.com,55113
360736,Laura Nelson,Sanchez-Lopez,"18617 Phillips Green
North Kevinfort, AS 25876",Vargasshire,juan66@example.org,172812
360737,Joanna Clark,Davis Group,"91240 Anna Flat Apt. 349
North Ericachester, MD 08736",Port Jenniferburgh,destinywilkinson@example.org,95661
360738,Rebecca Heath,Hamilton-Rodgers,"7792 Christopher Viaduct
West Shaneport, IA 34072",South Christopher,josephbuckley@example.org,144380
360739,Luis Wells,"Hutchinson, Clark and Ray","2264 Michael Fords Suite 237
Arnoldland, ID 48392",Port Danielle,qvalencia@example.org,75966
360740,Laurie Brown,"Nelson, Lee and Sandoval","PSC 3149, Box 4978
APO AP 54192",Port Rogerfort,katherinepotter@example.org,78021
360741,James Torres,"Reynolds, Peterson and Martinez","5724 Patricia Locks Apt. 160
Jasonburgh, AL 83485",Lisafort,petersonmary@example.net,101833
360742,Brenda King,Walker-Phillips,"058 Jenkins Walks Apt. 563
South Brandon, ID 45189",Copelandfurt,taylorlopez@example.com,121907
360743,Christopher Grimes,"Mcdaniel, Lucas and Richards","9041 Jenna Orchard Suite 822
Port Alexandraport, UT 01774",Leefort,aherrera@example.net,176847
360744,Johnny Nunez,Brown and Sons,"4594 Gail Glens Apt. 865
Lake Melissachester, WV 24039",Michelleview,heathercox@example.com,114356
360745,Samantha Leonard,Tran Group,"792 Renee Divide
West Kimberlyton, VT 63816",Thompsonburgh,denisemoore@example.net,86438
360746,Denise Flores,Martinez and Sons,"5725 Crawford Keys
South Ericmouth, NJ 75298",North Sonya,greenwilliam@example.org,196539
360747,Aimee Simmons,Downs-Kim,"335 Santana Rapids
Lake Timothy, NJ 31673",New David,francischristine@example.com,77469
360748,Angela Mcdaniel,Mason and Sons,"786 King Mountains
Lisamouth, NH 83995",Lake Danielchester,ebrown@example.com,167283
360749,Samantha Anderson,Lane-Davis,"309 Rios Ferry Apt. 672
West Robert, CT 30792",New Angelica,ericksonalexander@example.org,88922
360750,Jorge Jimenez,Diaz Group,"770 Jorge Summit
Josephside, MN 27487",Port Donaldborough,susan76@example.org,80728
360751,Douglas Lane,"Garcia, Walton and Taylor","318 Dana Center Suite 810
Ryanside, VI 60518",East Emily,reidryan@example.net,102383
360752,Jennifer Barnes,Kirby LLC,"358 Todd Lake Suite 209
Jasonville, PA 19471",Littleton,william76@example.net,175679
360753,Victor Collins,Christensen-Rodriguez,"Unit 0598 Box 4617
DPO AE 30688",Jonathanburgh,adamturner@example.org,123481
360754,Timothy Pena,Houston PLC,"8083 Francisco Islands Apt. 926
West Jessicaborough, NJ 94552",North Aaron,bryan77@example.org,124524
360755,Frank Hansen,"Zuniga, Beasley and Forbes","8136 Hall Underpass Suite 871
Suarezville, AL 67704",Port Melissa,dhorton@example.net,95946
360756,Steven Singh,Bond and Sons,"PSC 4326, Box 6421
APO AA 61147",Brownstad,katherinemoore@example.org,82371
360757,Paul Wade,Chen LLC,"7927 Chelsea Cove Apt. 428
Thompsonstad, VT 89500",Gonzalezhaven,shernandez@example.net,164319
360758,Michael Stanton,"Hernandez, Wilcox and Adams","Unit 4504 Box 2864
DPO AP 26456",Wallshire,jimmybrown@example.com,97328
360759,Tanya Leonard,"Fitzpatrick, Dawson and Wright","021 Lester Vista Apt. 169
Huffmanberg, DC 96562",East Michael,kimdouglas@example.org,124264
360760,Adam Mueller,"Parker, Barnes and Santos","3782 Douglas Lakes Suite 088
Janiceburgh, IA 26183",Welchmouth,reedaimee@example.com,104094
360761,Heidi Dominguez,"Williams, Nguyen and Martin","8251 James Shores Apt. 675
East Michaelview, LA 33851",Toddbury,castanedamelanie@example.net,103213
360762,Michael Sullivan,Calhoun-Davis,"33774 John Isle Suite 378
Lake Amyburgh, ID 12168",Richmondborough,connoroliver@example.com,87036
360763,Lucas Jones,"Dodson, Williams and Nguyen","0388 Johnson Walk Apt. 875
Haynesbury, UT 92099",South Thomas,ldyer@example.org,61698
360764,Ian Collins,Davis-Simmons,"149 Pena Mountain
Port Misty, CT 34325",Olsenfort,suarezmelissa@example.com,137439
360765,Marissa Martinez,"Kelly, Mills and Brooks","405 Dana Forks
Davidbury, AS 39943",Mitchellton,xwells@example.com,120711
360766,Mary Livingston,Evans Group,"18616 Sharon Expressway Suite 558
New Kellyfurt, VI 69597",Port Jon,daniel11@example.com,144726
360767,Nicholas Griffin,Johnson-Hanson,"PSC 4779, Box 9336
APO AA 73502",Allenshire,frenchann@example.org,188937
360768,Danny Lee,Smith-Cox,"0723 Obrien Shoal
Port Sherylside, GA 27223",New Jason,gallegosangelica@example.net,138342
360769,Grant Henderson,Lopez Inc,"93145 Kelly Cape
North Jefferyton, NH 57657",Lake Josefort,charlesbell@example.net,121752
360770,Barbara Smith,"Cox, Roberts and Poole","7612 Thompson Lane
Mahoneyton, AK 45074",New Williammouth,mortondean@example.net,183024
360771,Mark Nguyen,Garcia LLC,"6283 Hill Harbors Apt. 177
Jasonbury, LA 86393",Williamshire,jonesanna@example.net,77052
360772,Elizabeth Richards,"Harris, Clarke and Cruz","414 Justin Ridge
Adamsfurt, AZ 59635",New Benjamin,halldeborah@example.com,56477
360773,Amber Cruz,Barnes Inc,"282 Kimberly Glen
New Chris, TX 58114",Port Jerrymouth,wallacesteven@example.org,180396
360774,Robert Bates,"Williamson, Martin and Clay","83741 Clark Rue Apt. 619
West Paige, NC 12783",Ibarrafurt,tberry@example.net,163893
360775,Tonya Johnson,"Weaver, Ibarra and Diaz","7432 Joseph Locks Apt. 686
Pennymouth, SD 68487",Edwardsville,mhenry@example.com,190832
360776,Juan Evans,Fernandez-Acosta,"Unit 2461 Box 8555
DPO AP 18129",South Heathertown,cclayton@example.net,103855
360777,David Mcconnell,Baker Ltd,"914 Karen Forge
South Kimberlyhaven, PW 92570",New Carrieside,boltonjimmy@example.net,160090
360778,Melissa Brown,"Allen, Chung and Smith","12970 Mitchell Ville Suite 333
Burnsfurt, DC 45312",Coxbury,brownjay@example.org,80107
360779,John Pratt,Wagner PLC,"240 Karen Cliffs
South Joseph, ID 76562",South Kevin,pmiller@example.com,86246
360780,Caitlin Sandoval,Mitchell Group,"702 Crawford Mills
Port Alexanderchester, OK 83175",Debbiechester,dhood@example.net,165672
360781,Ryan Garcia,Buchanan-Hale,"15985 Paul Road
Port Johnshire, OH 42456",New Hectorfurt,wallacetom@example.net,125111
360782,Melissa Griffin,Stein-Sanchez,"2643 Moore Stravenue
Odonnellland, MD 73434",Stephenmouth,taylorporter@example.com,53889
360783,Justin Brown,Anderson-Medina,"4601 Abigail Dale Suite 963
West Brentberg, RI 12326",Yateshaven,yrogers@example.net,142910
360784,Michael Stone,Mcbride-Bowers,"12414 Silva Shore
East Sarahfurt, IN 93226",East Rhonda,reedalexander@example.net,117200
360785,Amanda Gutierrez,Baker Group,"363 Larsen Court Suite 916
South Laura, MT 09172",Meyermouth,matthew72@example.net,97400
360786,Susan Lawson,"Randolph, Barnes and Sosa","7792 Adams Bypass
Gallegosburgh, WV 05226",Wilsonmouth,bryan04@example.org,147034
360787,Richard Austin,Robinson-Petty,"32749 Anne Row
New Gregoryhaven, AZ 78482",Lake Leonardburgh,atkinsonbethany@example.com,118470
360788,Anne Mendez,Miller-Bailey,"4613 Angela Orchard Apt. 598
West Luis, SD 95525",Harrisstad,amanda32@example.com,172505
360789,Elizabeth Norman,Rodriguez-Morse,"486 Carlos Junction
Taylorton, ND 62722",North Meganton,hallanna@example.net,99040
360790,Kathy Reyes,"Hebert, Webster and Molina","3704 Jacqueline Roads Suite 312
Lake Bianca, MN 20063",Mooreberg,sherrysmith@example.com,118258
360791,Linda Scott,White Group,"675 Christy Track
New Dianaport, OH 42230",Christinehaven,thuffman@example.com,147337
360792,Teresa Flynn,Evans-Love,"0205 Christine Dam Suite 565
Mortonport, MA 63658",West Benjamin,millermark@example.org,189201
360793,Austin Maddox,Gardner-Roberts,"98980 Brown Run Suite 497
North Jackborough, AS 29649",South Tracy,dduncan@example.org,155586
360794,Kathy Gray,George and Sons,"4862 Yu Wall Apt. 056
Priceshire, ME 11696",New Anthonyfurt,kenneth41@example.com,111102
360795,Catherine Klein,Williams-Case,"494 Wang Harbors
East Theresastad, NJ 02370",East Scottland,debraatkins@example.org,83731
360796,Christine Patel DDS,Mosley Inc,"Unit 8555 Box 0522
DPO AA 30675",Brendashire,hchase@example.org,85768
360797,Adrian Powell,Rojas Group,"309 Wilson Stream
Port Evanton, WV 33820",South Linda,woodsarah@example.com,181858
360798,Thomas Martin,"Brown, Bailey and Jones","2846 Tanner Row
Kevinport, GU 31315",Maymouth,iball@example.com,197377
360799,Adam Rowland,Smith-Lester,"15202 Bullock Villages
Port Kenneth, OR 82150",Dunnville,waynecross@example.net,186978
360800,Alexander Cruz,Morrison LLC,"200 David Junctions
Amandatown, UT 54662",Chavezchester,williamsteresa@example.com,102666
360801,Joseph Welch,"Hunter, Ward and Vance","975 Kennedy Stravenue
Port Sandrachester, MD 63513",New Heatherport,isabellaallen@example.net,93933
360802,Tina Flowers,"Torres, George and Ryan","1716 Donald Canyon Suite 588
Lake Tracie, ID 02313",East Cynthiashire,rodgersrichard@example.net,76443
360803,Warren Frank,"Costa, Jones and Good","1370 Amy Islands Suite 063
Gentryberg, LA 47519",Lake Danielle,john33@example.com,175020
360804,Jennifer Taylor,Ramos PLC,"820 Kayla Stravenue
Banksstad, GA 52922",East Rebecca,rochayvonne@example.com,153224
360805,Jennifer Jackson,Flynn-Middleton,"72988 Richard Squares
Rosemouth, AK 96895",West Amanda,sskinner@example.org,57063
360806,April Riley,"Morris, Jones and Barker","Unit 8745 Box 5016
DPO AA 30047",Nicolechester,james40@example.net,134025
360807,Michael Wilson,Fields-Hayes,"36621 Hernandez Manor
Wilsonburgh, KY 57681",West Janiceton,hollanddale@example.net,69222
360808,Seth Mccullough,Aguilar and Sons,"975 Charles Track Suite 656
Lawrenceburgh, NE 82881",Eugeneside,ahill@example.com,168250
360809,Ronald Randolph,Rivera Inc,"457 Morgan Harbors
West Joel, ND 19281",North Alexandermouth,ybird@example.com,188771
360810,Julie Daniel,Gibson-Williams,"7476 Christina Place Suite 146
West Davidshire, SD 96362",New Mark,valerie52@example.org,111903
360811,Richard Odonnell,Whitney and Sons,"8814 Jared Falls
South Staceyhaven, AL 35713",Michaeltown,mitchell47@example.org,164422
360812,Joshua Rodriguez,Brennan Inc,"Unit 3704 Box 1100
DPO AA 06107",South Jennifershire,sarah01@example.com,64273
360813,Timothy Cooper,"Ali, Jackson and Mcgee","USNV Evans
FPO AE 46957",Parkerland,emilyrios@example.com,121151
360814,Eric Jenkins,Wright-Douglas,"747 Catherine Glen Apt. 719
East Alexa, WA 84610",Brianview,irwingabriel@example.net,144185
360815,Rebecca Schneider,Taylor-Trevino,"7585 Mary Fields
Lawrencestad, KS 11273",East Timothyville,jamiestevens@example.org,90620
360816,Shelly Frank,Martinez-Flores,"79275 Rebecca Forges Suite 412
Johnsonmouth, AL 72008",North Amandafurt,sblake@example.org,181352
360817,Jeremy Conrad,"Wade, Mcdaniel and Ibarra","399 Bird Lock Suite 792
Wilsonville, SD 25841",East Matthew,nancysims@example.org,84716
360818,Richard Reilly,Torres Inc,"3612 Sue Parks
Andersonton, WI 38671",North Jessica,jennifergriffin@example.com,76735
360819,Diana Smith,Spencer Group,"4411 Diana Divide
Cooperfurt, IN 77274",Thompsonfort,charlesmyers@example.net,167258
360820,Sara Guerrero,"Johnson, Mckee and Barton","235 Alvarez Well Apt. 976
Port Cindyside, ME 28403",West Carrietown,usimpson@example.org,132040
360821,Austin Hines,"Hebert, Savage and Brown","073 Wheeler Branch
Marymouth, AS 45789",North Teresachester,lorigreene@example.org,185273
360822,Melissa Jackson,"Rogers, Dodson and Wright","97745 Kimberly Center Suite 611
Williamstown, AR 51361",Smithmouth,ypineda@example.com,138471
360823,Patricia Murphy,Ray Inc,"9716 Elizabeth Estate
Lake Ryanmouth, CA 20842",Adamland,charles77@example.org,192984
360824,Paul Pierce,Martin Inc,"3167 Douglas Landing
East Christopherhaven, PA 86742",South Austinview,nicholas84@example.net,63805
360825,Eric Barber,"Reid, Gibbs and Curtis","73514 Hernandez Shoal
Adamville, SD 21758",Krystalville,michael43@example.com,145291
360826,Kenneth Douglas,"Hester, Walsh and Thompson","794 Bird Ville Suite 727
Jameston, SC 28146",Tommyfort,millerlisa@example.com,141126
360827,Jason Ward,Jones-Norton,"2161 Diane Courts Suite 741
Cathyfort, VA 11873",Obrienbury,holmesanthony@example.com,165112
360828,Thomas Terry,Sanchez LLC,"946 Thompson Orchard Apt. 011
New Cristian, ND 09034",Annaport,walterthornton@example.org,97503
360829,Angela Smith,Wright Ltd,"0442 Thomas Centers
Joshuaberg, MA 50955",New Haley,phubbard@example.net,185202
360830,Jacob Gill,Wilson PLC,"845 Sanders Plaza Suite 115
Frostmouth, IN 36293",Marshallmouth,manuel06@example.org,141742
360831,Kathleen Jones,Houston PLC,"Unit 2986 Box 8804
DPO AP 54072",Robinsonton,wernergina@example.net,123214
360832,Ashley Singh,Scott Inc,"680 Gonzalez Branch
Petershire, OR 16589",Danielshire,johnhernandez@example.com,121044
360833,Laura May,Bennett LLC,"057 Delacruz Glens
Port Brendamouth, UT 73912",Leefurt,wilsonsarah@example.net,68084
360834,Lisa Benson,"Fields, Bowman and Taylor","58929 Michael Inlet
Waltersville, PW 06096",Saraland,robert02@example.net,136455
360835,Derrick Nolan,Black Inc,"6411 Victoria Harbor
Lisahaven, CO 13485",Amandaborough,plopez@example.com,145134
360836,Paul Wade,Downs-Daniels,"7962 Joseph Light Suite 121
West Curtisfurt, NM 26419",Smithfurt,thickman@example.com,184780
360837,Carlos Hernandez,King Group,"93541 Matthew Brooks Apt. 564
North Timothychester, IA 67644",Jeremyburgh,bethsullivan@example.org,139711
360838,Kimberly Small,Cannon-Harrison,"08772 Lopez Lights Apt. 728
Fostermouth, IL 03940",Port Andrewshire,iwoods@example.com,56571
360839,Rebecca Matthews,"Wagner, Vasquez and Sweeney","898 Banks Course
Brownborough, OK 44089",Staceyland,donnahowell@example.org,88191
360840,Roberto Price,Thomas Group,"476 Monica Groves
North Donaldville, MT 45224",Anahaven,brosales@example.net,141938
360841,Elizabeth Scott,Whitney-Barnes,"13063 Adams Views
Martinburgh, WI 34632",Austintown,alexandra91@example.com,51519
360842,Cynthia Anderson,Tucker Inc,"0488 Bonnie Pike
Lindseyview, SD 57349",Port Thomashaven,watkinsmichael@example.net,118445
360843,Dr. Amanda Stevens MD,Rivera-Robertson,"PSC 5020, Box 3060
APO AA 01241",Stewartview,gonzalesjames@example.org,167915
360844,Brittany Greene,Jackson Inc,"PSC 4475, Box 9843
APO AP 91564",New Dianamouth,ygriffith@example.net,147559
360845,Lorraine Johnson,"Aguilar, Phillips and Fuller","592 Harris Circles Suite 658
South April, NH 13743",Karenburgh,catherine66@example.com,106761
360846,George Novak,"Bailey, Bailey and Jordan","0379 Chan Trafficway Apt. 236
New Belinda, DE 12326",Ericmouth,davenportjoshua@example.net,157511
360847,Elizabeth Price,Garcia Ltd,"0747 Landry Parkways
Tylershire, ID 20085",New Jeremy,richard97@example.net,132687
360848,Brian Barnes,"Stokes, Sims and Hernandez","PSC 5967, Box 8685
APO AP 93221",South Alexande