Unit 1217 Box 0258
DPO AA 12061",North Richard,kyle58@example.com,150199
119952,Robert Robinson,Johnson and Sons,"551 Leonard Creek
South Dawn, IN 80266",East Laura,tyrone86@example.org,119415
119953,James Smith,Smith-Castaneda,"50049 Stephanie Neck Suite 662
West Eddieton, WY 10243",Paulburgh,longshawn@example.org,161759
119954,Bryan Callahan,Cabrera-Smith,"925 Barker Place Apt. 467
North Kimberlyport, MN 84535",Lake Ryanchester,georgegabriella@example.net,145954
119955,Joy Dunn,"Blanchard, Singleton and Brown","54906 Caldwell Ranch
Soniaville, TN 91707",East Chelseaborough,ehunt@example.com,159233
119956,Charlotte Martinez,Baxter-Turner,"2555 Lawson Circles
Newtonland, VT 82911",Masonstad,whenson@example.com,98944
119957,Richard Anderson,"May, Snyder and Moore","7628 Richardson Ports
Pageview, GA 75924",Lake Samanthatown,gthomas@example.com,119274
119958,David Johnson,Calderon Inc,"55642 Miller Highway Suite 758
Huffton, MN 70126",New Erika,xdodson@example.com,55401
119959,Katie Morgan,Huber-King,"643 Thomas Hills Suite 280
Natalieville, CA 14907",East Jenniferfurt,ryanstevenson@example.com,67157
119960,Andrew Baldwin,Brown-Morris,"3630 Alvarez Light
Ramirezbury, GA 98017",East Edward,mariahshaw@example.net,193185
119961,Jason Wagner,"Wolf, Herrera and White","896 William Dale
Montgomerystad, MH 14756",Torrestown,cramirez@example.org,76946
119962,Ethan Jones,Hernandez-Norton,"53802 Amanda Mountains Suite 154
Danielland, ID 84696",South Garyfurt,matthew93@example.com,111560
119963,Heidi Robertson,Davis Ltd,"53594 Matthew Flats
Garciamouth, ID 18842",East Brian,eparker@example.org,97875
119964,Kimberly Ingram,Owens-Wells,"5703 Weaver Meadows Apt. 210
Port Benjamin, CO 30683",Cindytown,samanthamueller@example.net,54421
119965,Jennifer Rogers,Bryan-Young,"910 Hannah Forks Apt. 775
Lake Todd, MS 60424",Robinville,bmitchell@example.net,93926
119966,Andrew Mcclain,Pittman-Bennett,"32825 Reynolds Flats
Martinezstad, MP 67065",Teresafort,victoria21@example.net,169927
119967,Jenna Ortiz,Smith-Poole,"22773 Emily Islands
Meganmouth, FM 52009",West Jasmin,lori04@example.net,155844
119968,Steven Benitez,"Flores, Jackson and Hernandez","740 Williams Overpass
Larsenview, MP 26447",Rebeccahaven,donald82@example.org,142630
119969,Michael Marquez,Wong-Martin,"572 Scott Way
Clineborough, MT 54779",Maxwellhaven,aprillee@example.net,83520
119970,Angela Sullivan,Collins-Wood,"283 Avila Drive Apt. 925
West Amanda, SC 86996",North Bill,sarahboyle@example.org,69247
119971,Sydney Moreno,"Moore, Morales and Perez","46110 Jerome Square Suite 016
Michaelborough, ID 71800",Ryanborough,tinagarrison@example.com,120065
119972,Christina Moran,Jenkins-Mann,"3867 Cody View
Amandafurt, UT 16240",North Brianburgh,carlsonruben@example.org,151254
119973,Cody Jennings,Tate-Ward,"56983 Lindsey Canyon Suite 640
Port Chadton, WV 64007",Port Bobby,crystal13@example.org,155351
119974,Sarah Wilson,"Riley, Wilson and Davis","33423 John Branch
Cooperside, FL 24871",North Ronaldchester,alanarnold@example.com,158754
119975,Michelle Coleman,Francis-Wood,"454 Mccormick Green
Johnsonhaven, LA 66533",Wallerberg,andrea01@example.com,87607
119976,Mathew Kim,Lambert Inc,"82746 Lisa Mission
South Denise, MS 83255",Port Vickimouth,copelandpenny@example.net,117716
119977,Anna Hill,"Murphy, Garcia and Hunter","5410 Michelle Forge Apt. 455
Dixonshire, OR 76524",East Elizabeth,klineelaine@example.org,131729
119978,John Johnson,West PLC,"531 Shannon Brooks Apt. 803
Port Amandastad, NC 02599",Keithmouth,steven23@example.com,179871
119979,Nicholas Brooks,Riley Group,"739 Hunt Dale
East Garyview, SC 05071",South Dorisfort,romanjessica@example.net,192403
119980,Jason Barnes,"Brown, Mckenzie and Ramirez","0731 Ricky Trace Apt. 645
South Michelle, MS 13442",South Dariusstad,davismichael@example.com,69629
119981,Daniel Morton,"Mccoy, Richardson and Garcia","0008 Michael Square
Leehaven, MP 15249",Brianfurt,christopher08@example.com,152023
119982,Jaime Ross,Suarez Inc,"149 Johnson Drive
Huberville, MH 47166",Livingstonton,brianfuentes@example.net,192052
119983,Nicholas Graham,Atkinson Ltd,"6271 Samuel Expressway Suite 284
Michaelberg, DC 46232",Brewerborough,gregory33@example.org,83653
119984,Christopher Moore,Hart-Navarro,"456 Macias Skyway
Davidhaven, VA 37899",East Elizabethville,aaron79@example.org,69435
119985,Hannah Lara,Bowers and Sons,"28089 Andrew Land Suite 864
Jonesburgh, VA 70796",East Patricia,kturner@example.org,90434
119986,Michelle Nolan,"Krueger, Buchanan and Paul","974 Cooke Brooks Apt. 783
East Russellmouth, WA 37711",North Summerton,nprice@example.net,143221
119987,Charles Davis,"Martinez, Hughes and Wise","Unit 2173 Box 0796
DPO AE 50350",New Steven,davispaula@example.org,122246
119988,Alyssa Lambert,Washington and Sons,"8145 Richard Shore
Barrymouth, CA 56874",South Justin,troy75@example.net,124674
119989,Patty Jenkins,Smith-Hill,"PSC 2288, Box 1647
APO AE 27044",Rebekahmouth,jasmine78@example.com,150138
119990,Sarah Brewer,"Spears, Frazier and Stevens","9060 Jason Green
East Jamesbury, WY 42877",Westfurt,dlawson@example.org,93200
119991,Frederick Adkins,Lewis-Keller,"62916 Clarence Burgs
Kennethmouth, AK 75949",South Timothy,gharmon@example.org,63809
119992,Vanessa Allen,"Banks, Cruz and Powers","2984 Thomas Roads
South Michaelstad, MS 18753",Briannamouth,reynoldsjessica@example.com,172114
119993,Jessica Perry,"Alexander, French and Wilson","834 Melissa Manors
East Jacksonberg, MI 78274",Jasonfort,carlosrubio@example.com,193883
119994,Jennifer Moore,Sawyer-Alexander,"8365 Michael Parkway
North Jacqueline, NH 57186",Roberttown,whitney82@example.org,134233
119995,Joshua Donaldson,Torres-Carr,"240 Pittman Falls
Port Michaelmouth, ME 50741",South Jennifer,marysmith@example.net,113795
119996,Jeffrey Estrada,"Trujillo, Perez and Peters","566 Mccoy Common Apt. 756
East Melissa, MI 60493",Leeberg,klarson@example.com,116425
119997,Pamela Martin,"Martin, Walker and Hayes","328 Barbara Trail Apt. 570
Fuentesshire, VA 17604",Port Daleside,cardenaskenneth@example.com,126233
119998,John Giles,Acosta-Perez,"9594 Jones Union Apt. 660
Lake Ashley, NJ 15277",Diaztown,usanchez@example.net,164251
119999,Sarah Murray,Colon PLC,"24504 Melissa Island
Christophertown, OK 03132",West Jamesshire,timothy50@example.org,113684
120000,John Mendez,"Rodriguez, Gonzalez and Cooley","80856 Torres Course
Port Catherinestad, MN 87350",Lake Karen,john59@example.net,54927
120001,Laurie Leblanc,Williams-Cole,"29961 Rodriguez Estates Suite 140
Curtisborough, SC 84925",West Nicoleburgh,ashleywhitaker@example.net,137252
120002,Jennifer York,Brown and Sons,"56207 Hendricks Path
New Bradleystad, GU 07097",Ibarrachester,mariewilliams@example.net,93043
120003,Rodney Wood,Castaneda Group,"20197 Megan Key Suite 788
Melissafort, NJ 37089",Popebury,stephaniesalas@example.org,106138
120004,Taylor Dean,"Thompson, Turner and Savage","Unit 0499 Box 0208
DPO AA 12333",Sharonhaven,keithsmith@example.com,159430
120005,Tina Porter,"Brown, Brooks and Rich","323 Wendy Circle Suite 733
Espinozamouth, NM 27517",Lake Perry,awilliams@example.net,112706
120006,Corey Chang Jr.,Diaz-Williams,"2179 Michael Tunnel
Matthewmouth, SD 53921",Trevorborough,jonathanclarke@example.org,52370
120007,Lauren Aguirre,"Cardenas, Arnold and Morales","PSC 7690, Box 6772
APO AA 96473",West Stacie,pattersonheather@example.com,56802
120008,Zachary Archer,Baker-Zimmerman,"638 Joseph Road Apt. 768
North Sophia, NC 51752",Wattsport,owensnicole@example.com,60669
120009,Jonathan Russell,Mejia and Sons,"0945 Frederick Walks Suite 871
Derrickmouth, MD 28639",South Nicolefurt,christinapayne@example.com,92788
120010,Michelle Poole,Gardner LLC,"5094 Osborne Gardens
Port Taraton, NM 35536",North Cassandrashire,dbaker@example.org,140219
120011,Deborah Figueroa,Gregory-Smith,"PSC 7968, Box 5224
APO AA 19579",New Johnville,barbarabates@example.com,75902
120012,Debbie Brown,Miles LLC,"872 Harris Radial Suite 045
New Barbarafort, RI 74902",Kevinmouth,sanchezmelissa@example.net,63366
120013,Christopher Jones,Ford-Price,"1178 Caroline Centers
Harrisonhaven, OK 43282",Johnmouth,emily11@example.com,85542
120014,Anthony Clark,Payne PLC,"5605 Stephen Creek Apt. 674
Conleybury, FL 77758",Hoganfurt,hevans@example.org,194107
120015,David Morris,"Sanders, Anderson and Rodriguez","0764 Roberson Junction
Williamtown, AS 23820",New Christopherville,gtravis@example.com,147828
120016,Katherine Odonnell,Martin LLC,"72968 Wallace Burg
West Brianfurt, PR 09653",Chasebury,shelleymarsh@example.net,58574
120017,Darrell Martin,"Serrano, Henderson and Butler","114 Janet Course Apt. 463
East Mary, IA 55038",Jonathonhaven,alvaradohailey@example.com,198128
120018,John Smith,Miller-Best,"8950 Ray Run
Amyberg, CT 57546",Port Beverlyport,gmiller@example.com,129957
120019,Claire Michael,"Castro, Banks and Johnson","7577 Judith Garden
Jennamouth, WV 75723",Charlotteport,clarkderek@example.org,196335
120020,Logan Munoz,Greene Inc,"38122 Brown Crest
East Samanthashire, KS 10770",North Erik,tammygreen@example.org,106613
120021,Kenneth Santos,"Larsen, Houston and Lopez","3797 Williams Extension Suite 241
West Nicoleview, WV 33226",South Brittneymouth,mendozaandrew@example.com,79868
120022,Jennifer Wilson,Powell Inc,"303 Robert Forge
South Joshuahaven, GA 57575",Lunafort,christopher59@example.com,94179
120023,Jennifer Pierce,Reid-Benson,"5238 Lisa Knolls Suite 262
New Sierrashire, NE 13900",Port Debbiemouth,derrickfrancis@example.com,117573
120024,Cody Delgado,Bryant Inc,"995 George Trail
Watsonton, MO 01480",West Toddfurt,novakmelissa@example.org,59006
120025,Michael Carlson,"Gibson, Moore and Schultz","9141 Jessica Plains
Stephenview, WY 36711",New Anaside,jacksonjerry@example.com,117919
120026,Brooke Swanson,"Vargas, Williams and Lam","72953 Bryan Road
Port Robertton, SC 42845",New Donald,joshuamoon@example.org,183365
120027,Alexis Conner,Ortiz-Alexander,"Unit 6378 Box 1250
DPO AE 30044",Vaughnmouth,gregoryerickson@example.net,84337
120028,Sarah Glass DVM,Vargas-Patel,"88786 Ortiz Fort Suite 840
East Kimberly, NM 18551",Joanneburgh,donnastewart@example.com,126549
120029,Paula Roberts,"Simmons, Mclean and Park","PSC 8199, Box 6907
APO AP 42304",Courtneystad,sthornton@example.net,61448
120030,Matthew Hamilton,"Parsons, Gardner and Jackson","USNS Herrera
FPO AA 97042",Michaelton,alyssaanderson@example.net,75920
120031,Stanley Meyer,"Edwards, Calhoun and Fernandez","11884 Grace Shoals Apt. 132
North Katie, FL 19631",East Robert,mariaholder@example.net,177643
120032,Melvin Gay,Bowman PLC,"55701 Gregory Skyway
Erikside, IN 62009",West Brandonshire,andersonrobert@example.org,84985
120033,Sarah Morales,Kennedy-Zimmerman,"863 Nelson Radial
Port Christophermouth, SD 09528",Lake Charlesville,krivera@example.org,115998
120034,Joseph Reyes,"Wilkerson, Harvey and Houston","12180 Davis Gateway
New Marcus, NC 10834",Johnsonside,booneelizabeth@example.com,107857
120035,Matthew Blackburn,Gibson-Harris,"560 Jeffery Forge Apt. 698
Anthonytown, OH 63435",Jamesfort,stevenrandall@example.org,69405
120036,Kristy Webb,Landry-Ortiz,"USNV Hubbard
FPO AA 41683",Ashleyville,morrisonnathaniel@example.net,128443
120037,Carolyn Dickerson,Finley Ltd,"930 Stark Heights Apt. 725
East Gregoryfort, PA 43457",New Angelaton,william30@example.com,196064
120038,David Adkins,Turner PLC,"7561 Davis Mews
New Aprilfurt, PA 05181",West Ryantown,iallen@example.net,106120
120039,Michael Brown,Mclean-Mcpherson,"1494 Sellers Crossing
South Hannah, NM 32282",Hoffmanborough,lukecline@example.org,74163
120040,Theodore Clark,Bell-Wagner,"USCGC Payne
FPO AE 60188",Jacobhaven,jennifersmith@example.com,136504
120041,David Miller,Frank-Thomas,"0892 Foster Mews Suite 866
Paynefurt, MT 89378",South Holly,brittany25@example.com,74970
120042,Kristen Miller,Johnston-Pitts,"6664 John Parkways
Barryburgh, WA 69746",East Angelicabury,mark59@example.net,75011
120043,William Cox,"Hoffman, Smith and Snyder","8595 Jenna Isle
Port Elizabeth, MN 95051",New Carrie,joseking@example.com,83592
120044,Nicole Henry,Williams-Morgan,"165 Lucas Land
Gutierrezville, OR 34117",New Jenniferborough,summershaley@example.com,121811
120045,Richard Johnson,"Coleman, Mathis and Wagner","812 Gonzalez Harbors
South Troy, TX 85656",Richardmouth,matthewschultz@example.org,160648
120046,Lawrence Phillips,Rodriguez LLC,"64655 Williams Loaf
Sheltonburgh, AR 59654",Shepherdview,vhooper@example.org,81005
120047,Maria Tate,Haynes-Nixon,"08653 Tyler Dale Apt. 466
Michaeltown, SC 89658",North Thomas,lindseyrobin@example.com,158149
120048,Carlos Jones,"Stephenson, Mitchell and Garza","75950 Jay Land Apt. 854
Martinside, WY 05378",Davidside,robert75@example.org,125830
120049,Andrea Collier,Reid PLC,"Unit 2872 Box 1025
DPO AP 57308",East Jonathan,parsonsjonathan@example.com,70797
120050,Martha Jones,Thomas-Watson,"2592 Harry Lodge Apt. 945
Port Catherinehaven, AZ 50221",New Cathy,austin91@example.org,186158
120051,Sherry Hoffman,Nolan-Orr,"PSC 1481, Box 1905
APO AA 44233",Lake Stephanie,gilmorescott@example.net,139019
120052,Chelsey Hayes,Edwards Group,"890 Jessica Forges
Hodgeport, ID 35083",Garciahaven,patrick91@example.net,180483
120053,Tracy Bailey,"Henry, Hutchinson and Cantu","044 Matthew Place
West Martin, CA 03586",Vernonside,acamacho@example.org,107105
120054,Jacqueline Smith,Avila-Lindsey,"4018 Olson Lodge Apt. 594
Gilbertside, WY 74763",Ramirezside,jonestonya@example.com,148484
120055,Hunter Anderson,Gilmore-Richardson,"2129 Jennifer Lodge
Reedmouth, AZ 27091",Deborahmouth,mallorywilliams@example.net,59816
120056,Eric Glenn,Kennedy PLC,"6452 Taylor Parkways
North Mary, SC 30832",Lake Adrian,jenningskeith@example.net,50324
120057,Brent Arnold MD,Torres-Paul,"3414 Theresa Shoals Apt. 178
Patrickfort, SD 43813",South Kaitlynfurt,jefferytran@example.org,164220
120058,John Gray,Fox LLC,"86753 Chambers Cove
Emilyland, MH 83791",South Jonberg,tammy59@example.net,156478
120059,Robert Frazier,Everett Inc,"08302 Sarah Port Suite 690
Smithport, ND 15911",Baileyton,andrewanderson@example.com,146230
120060,Kyle Little,"Moran, Rasmussen and Finley","38622 Armstrong Court
Tylerfurt, MA 60737",Vasquezton,stephaniemarks@example.org,50193
120061,Marissa Woods,Davidson-Simpson,"7318 Hogan Union
Lake Kylie, RI 64777",Aguilarfurt,zhansen@example.com,127771
120062,Emily Arroyo,"Castaneda, Hawkins and Brown","829 Smith Extensions Apt. 996
Hillside, ME 30532",New Kathleen,richard13@example.org,113059
120063,Mrs. Tracey Mullins DVM,"Bell, Lewis and Rodriguez","355 Evan Lakes Suite 053
Davidland, MO 99362",West Laurastad,juan48@example.net,83542
120064,Misty Allen,Adams PLC,"Unit 3415 Box 9699
DPO AP 21067",South Amychester,amandakim@example.net,91853
120065,James Nelson,"Hendrix, Lewis and Smith","67738 Adams Extension Suite 311
New Raymondport, NE 05910",Lake Cameronton,amy86@example.net,99087
120066,Kevin Edwards,"Flores, Banks and Green","3088 Holmes Junctions
Larryland, GU 88081",New Lindsey,jamesbutler@example.net,121669
120067,Rachel Tucker,Goodman-Green,"2399 Simpson Field Suite 493
South Anitamouth, AK 97981",Davischester,tayloramanda@example.org,114982
120068,Tammy Tyler,Gray and Sons,"47796 Thomas Stream
Parkerchester, NJ 65139",Mckaybury,charles95@example.net,130132
120069,Alexandria Arroyo,Petty LLC,"920 Chen Meadow Suite 043
North Williamview, GU 25414",Hammondside,masonlynch@example.org,112150
120070,Christopher Sanchez,"Armstrong, Fernandez and Morse","45579 Michelle Wall
Guerrerofurt, CO 43450",South Michael,shannonpaul@example.com,108482
120071,Cynthia Pena,"Green, King and Snyder","0584 Christopher Crest Apt. 158
New Tom, AR 64519",Bridgesfort,millerjill@example.com,132479
120072,Jennifer Baxter,Thompson PLC,"56139 Joshua Loaf
South Andrew, MA 38958",Huffshire,renee14@example.com,131474
120073,Samuel Sanders,Chan-Sanchez,"24212 Flores Landing
Andreatown, AS 33210",Christopherville,james87@example.org,108268
120074,Alexandria Matthews,"Brown, Allen and Wilson","44959 Vanessa Ridge
East Adrianborough, ID 11627",West Paula,justin38@example.com,79127
120075,Pamela King,Young Group,"7737 Robert Turnpike Apt. 854
Colleenberg, NJ 47270",Ryanshire,farrelladam@example.com,158046
120076,Lisa Rhodes,Banks-Moore,"88440 Contreras Wall
Jenniferside, NJ 55374",Port Shelleyberg,vrussell@example.net,101974
120077,Craig Jacobs,"Payne, William