erinetown,nancy29@example.com,81870
162510,Mrs. Sheryl Powell DDS,"Rhodes, Edwards and Hart","5870 Mark Curve
Randymouth, NJ 96206",East Richardborough,nancy41@example.com,190721
162511,Nicole Diaz,Cox and Sons,"6991 Burgess Mount
Whiteberg, DE 73501",Williamsville,ricejohn@example.com,191540
162512,Leslie Alexander DVM,Huerta-Ross,"60717 Sharon Estate Suite 584
South Andrewstad, OK 05453",Sullivanburgh,annward@example.org,190841
162513,Samuel Jensen,Barnett Inc,"355 Sutton Cape Suite 715
South Kellyside, AS 18926",North Micheleburgh,thomasstewart@example.com,119784
162514,Michael Anderson,"Oconnor, Sims and Underwood","91648 Lester Orchard Apt. 474
Whitefort, WA 47892",Port Austin,morsedebra@example.org,191211
162515,Kevin Andrade,Gonzalez-Estrada,"8443 Daniel Village Suite 341
Port Lori, CT 26143",Olsentown,lindseymurray@example.com,103442
162516,Stacy Oliver,"Johnson, Acosta and Warren","9970 Amber Cove Apt. 754
Collinsberg, NY 65271",Schultzfurt,darylgordon@example.net,91110
162517,Amanda Francis,Flowers-Gomez,"USS Randall
FPO AE 58426",New Nicole,dlopez@example.net,150293
162518,Deborah Jimenez,Duncan LLC,"81132 Nicole Plaza
Chenport, MI 11738",West Eileenland,dalebryan@example.com,172905
162519,Nicole Rivers,"Owen, Gonzalez and Rangel","6454 Robert Spur Apt. 420
Kellerport, IL 80483",Garciashire,jwebb@example.net,127062
162520,Christine Merritt,Russell-Cook,"16692 Garcia Glens Apt. 193
West Jessica, CO 44099",Port Melindaside,dcooke@example.org,183392
162521,Kimberly Wong,"Mcdonald, Kelley and Martinez","1138 Kelly Plain Suite 940
Vincentberg, MA 36126",Quinnport,gfoley@example.net,104846
162522,Johnny Davenport,Thompson-Hudson,"67188 Eric Place Suite 398
New Devin, MI 30294",Feliciaside,david32@example.com,62853
162523,William Rivas,Miller and Sons,"402 Jennifer Highway Apt. 240
Lake Brittany, AZ 42293",Lake Lindseymouth,larry42@example.com,180824
162524,Alexa Young,"Johnson, House and Johnson","PSC 5580, Box 8547
APO AA 86967",Edwardchester,lbrown@example.net,89600
162525,Damon Schmidt,Ross-Martin,"270 Martinez Hollow Apt. 150
Kristinmouth, TN 81480",Payneberg,torresjonathan@example.net,85452
162526,Mary Lowe,Beck PLC,"812 Freeman Forest Suite 264
New Matthewport, MS 68227",Lopezmouth,andersonsean@example.com,97237
162527,Sylvia Meza,Gallegos Group,"007 Richardson Mission
Port Bruce, ID 31094",East Leonard,asalinas@example.org,171036
162528,Sarah Sharp,"Stephenson, Case and Harris","25271 Meadows Fork Apt. 318
South Stephen, ID 44901",New Jose,paynetodd@example.com,138894
162529,Brian Clarke,Sims Ltd,"5497 Ryan Radial
Kaneland, IL 52056",Bobbymouth,deanstephanie@example.org,181679
162530,Jerry Owens,"Hernandez, Nelson and Nguyen","613 Nathaniel Vista
West Denise, AR 50116",North Brianfurt,jennifer62@example.net,149076
162531,Amy Jimenez,Carter Ltd,"144 Nancy Mission
Port Thomasstad, PR 94276",Michaelside,joan37@example.org,130667
162532,Thomas Ortiz,Lee LLC,"354 Cunningham Walk
Loganmouth, WI 25532",Berryburgh,abishop@example.org,112519
162533,Jason Edwards,Martin-Allen,"PSC 4875, Box 1301
APO AP 93285",Karenbury,zwright@example.net,53758
162534,Keith Gardner,Ballard-Peterson,"32814 Luis Freeway Suite 378
New Selenabury, LA 20320",Eduardobury,omartin@example.org,116337
162535,Michael Hernandez,Keith-Robbins,"15480 Simpson Stravenue
Alanshire, FL 69302",Jamesberg,edwardboone@example.com,156570
162536,Xavier Cantu,"Wells, Brown and Porter","0018 Williams Skyway
Port Timothyport, PW 06132",West Joshua,mistyhall@example.net,199994
162537,Amy Sullivan,Richardson-Cooper,"10201 Brittany Ports Apt. 824
South Melissa, WA 43724",New Williammouth,joshua50@example.org,101778
162538,Donald Henderson,Williams Ltd,"4096 Kelly Avenue
New Jeffery, RI 22374",Dominiqueland,lamwhitney@example.org,191820
162539,Kyle Bryant,"Miranda, Curtis and Stevens","720 Strickland Ramp Apt. 775
North Pamelastad, OK 11556",North Stephen,garrett95@example.com,162352
162540,Jason Chandler,Sutton LLC,"695 Sanders Curve
North Ryanmouth, OR 57402",Monroeville,russellolivia@example.net,50132
162541,Tasha Davidson,Kennedy-Martin,"428 Hensley Parkway Suite 323
Lake Dawnfort, MI 28699",Port Paige,judy94@example.com,117576
162542,Samuel Hanna,Bennett Inc,"9863 Samantha Summit
Davidmouth, NM 13990",West Heathershire,pauloconnor@example.com,163497
162543,Justin Edwards,"Taylor, Woods and Brown","Unit 3855 Box 3657
DPO AA 98001",Charlesbury,curtisjacob@example.com,70223
162544,Richard Hubbard,Sawyer-Hernandez,"714 Sheila Inlet
Michaelfort, ID 98987",North Billytown,christopher46@example.org,112511
162545,Debbie Tucker,Walton-Ellis,"367 David Parkways
Millerville, SD 61032",Wolfport,stevethompson@example.org,96850
162546,Amber Scott,Riley-Medina,"06598 Schneider Brooks Suite 551
West Patriciaview, AR 73869",Murphyburgh,vhernandez@example.net,64340
162547,Dr. Tammy Hatfield,"Gregory, Flores and Park","088 Gabriel Route Suite 781
Mooreshire, CO 88194",North Candice,cathy37@example.com,178864
162548,Marissa Mason,Wyatt-Wilson,"6034 Michelle Place
Joshuaview, GU 49003",Longstad,kathleen90@example.org,155731
162549,Rachel Neal,"King, Moody and Rodriguez","9754 Nancy Junction Suite 131
Port Dianatown, MD 19155",Tomton,clopez@example.org,83679
162550,Marie Morgan,Lee LLC,"074 Sara Course
East Justinshire, SC 67068",Jonesland,terrywendy@example.org,133238
162551,Kathleen Cole,"Solis, Anderson and Ford","4767 Mcbride Shoals
Port Jessemouth, OH 94857",Reginaldshire,benjamin93@example.org,115414
162552,Travis Anderson,Brown-Ayala,"581 Campos Village Apt. 685
Port Alexandrashire, PW 47860",South Kellyport,amandajordan@example.net,157598
162553,Tiffany Gallegos,Frank-Robbins,"283 Yvonne Coves Suite 674
West Robertmouth, FM 56256",West Oscarville,lisa92@example.org,153255
162554,Mary Henry,"Lane, Perez and Johnson","58137 Tony View Apt. 873
Lake Emilyton, MN 29019",Gonzalezstad,jonesalexander@example.com,63845
162555,Carrie Chavez,Thompson-Barry,"1064 Williams Prairie
Lake Rebeccaview, VA 49289",Davisstad,mlong@example.com,98443
162556,Jacqueline Hardy,"Orr, Hernandez and Stewart","88396 Jaime Island Apt. 619
East John, MO 14238",Christopherfort,yharper@example.org,118928
162557,Michael Gross,Park and Sons,"960 Mary Stream
Castilloville, MO 02289",Port Barbaraborough,othompson@example.org,69779
162558,Rebecca Patel,"Brown, Hunt and Wright","1186 Smith Courts
Russoside, WI 04989",East James,ricardojohnson@example.com,104587
162559,Rose Todd,Horn-Flores,"011 Lori Rest
Campbellmouth, NH 07159",Youngburgh,jonathan62@example.com,164789
162560,Victoria Crawford,"Hall, Andrade and Melton","216 Conrad Village Apt. 440
Stephanieview, WY 54387",East Stephaniemouth,john73@example.com,172510
162561,Carrie Flores,Bennett-Ashley,"2189 Nguyen Stravenue
New Jennifer, AK 68222",Kellyborough,swansonalejandro@example.org,180526
162562,Calvin Ellis,Garcia and Sons,"375 Stephanie Manors
Kristinatown, AS 95816",Karenberg,kingcrystal@example.net,95338
162563,Angela Smith,Kent Group,"0006 Sarah Lodge
Butlerport, AK 93777",South Larryfort,omiller@example.com,72338
162564,Christopher Gonzalez,"Carr, Chandler and Morris","5492 Jason Landing
Snydermouth, MP 36760",West Thomastown,taylorjonathan@example.com,116548
162565,Carlos Jones,"Bell, White and Joseph","448 Bryan Parkway
Jasonburgh, FL 04381",Evansville,dennis14@example.com,123068
162566,Frank Alvarez,Fisher and Sons,"103 Tucker Springs Apt. 991
Garrisonside, NV 63416",Leeview,wgarza@example.org,66812
162567,Phillip Brown,"Chandler, Andrade and Nguyen","04035 Kimberly Dale Apt. 206
Phillipton, GU 71276",East Kevin,djohnson@example.org,177166
162568,Alexander Larson,Saunders LLC,"28172 Sean Skyway Suite 616
East Patriciafurt, ME 09227",West Kimberlymouth,jonathan77@example.com,177371
162569,Donald Moreno,Patterson-Clark,"352 Kevin Unions Apt. 609
Port Matthew, NV 80965",Port Susan,jasongutierrez@example.net,152808
162570,Angela Johnson,White Ltd,"11344 Linda Inlet Apt. 289
Matthewchester, TN 59713",North Tracyburgh,stephaniedavis@example.net,113872
162571,Timothy Wise,Miranda Ltd,"253 Samantha Stream Suite 855
Lake Paulaberg, FM 98768",Port Gordon,jessicalang@example.net,187900
162572,Mary Spencer,"Daniel, Diaz and Hernandez","908 Castillo Village Apt. 265
New Katherineside, IN 89189",Evanston,mreynolds@example.com,145959
162573,Jonathan Shea,Galvan Group,"4269 Jaclyn Cape
Lisatown, AR 89495",East Alan,igreen@example.org,76804
162574,Nancy Hill,Price-Mclean,"PSC 0762, Box 5192
APO AP 35922",North Marcus,pmorris@example.org,65403
162575,Amy Cardenas,Mason-Johnson,"007 Kim Plains Suite 117
Port Jillshire, WA 61666",Warrenmouth,terrencemcguire@example.com,74915
162576,Sue Thomas,Johnson-Jenkins,"25940 Erika Freeway Apt. 982
North Robert, WA 93782",Jessicamouth,igomez@example.org,103014
162577,Emily Cross,"Lee, Curtis and Davidson","7754 Booth Creek
Castroland, VI 28816",Port Richardchester,tcoffey@example.org,161394
162578,Taylor Walker,"Robinson, Gould and Keller","75821 Mcintyre Haven Apt. 260
West Sherryfurt, OR 40211",Keithland,melissa11@example.net,148108
162579,Steven Montgomery,Tapia Ltd,"27100 Catherine Port Suite 648
New Paul, ME 89622",North Louis,frenchfrank@example.org,103647
162580,Ashley Lewis,"Smith, Boyd and Park","6271 Mcclain Forge Apt. 723
Lake Vickishire, AS 17749",Martinfort,dorothyochoa@example.net,128733
162581,Alexander Weeks,"Munoz, Warren and Salinas","878 Latasha Forest Suite 195
Duranberg, NJ 70323",Peterport,charleswhite@example.net,114932
162582,Kyle Wilson,Miller-Reyes,"9762 Rojas Brook Apt. 459
Smithfurt, OR 43549",New Jonathanton,meltonkevin@example.org,142013
162583,Gabriel Kline,Williams-Carson,"816 Anthony Forks Suite 717
Jeremyberg, IA 81121",New Jennifershire,bmaynard@example.org,133085
162584,Rose Reynolds,"Moore, Richards and Elliott","831 Mackenzie Mews
South David, VA 79223",New Jeremy,teresalee@example.net,196144
162585,Robert Mcclain Jr.,Alexander-Huber,"171 Small Valleys Apt. 735
Lake Amberland, MA 66098",East Robert,pbrown@example.net,176334
162586,Angela Beard,Brown-Zuniga,"3219 Wiley Turnpike
South Aaronport, WA 59186",West Dylan,johnsonwilliam@example.net,120867
162587,Robert Winters,Williams-Hill,"440 Davis Road
East Robert, WV 15600",Port Sandraton,austincrawford@example.com,80578
162588,John Jackson,Newman Group,"205 Bryant Shores
East Jeremy, GU 69979",East Paulamouth,jbradley@example.com,84479
162589,Michelle Powers,Logan-Ortiz,"1547 Blake Keys Suite 450
Lake Thomas, AZ 07784",North Adamview,uhoward@example.net,143341
162590,James Russell,Wheeler-Rivera,"272 Sabrina Glens
Danaburgh, RI 53507",Brittneystad,anthonysmith@example.org,163538
162591,Michael Ferguson MD,Gamble-Dillon,"21953 Williams Locks Suite 253
West Garyburgh, OH 62560",Adamsburgh,ewilcox@example.com,103229
162592,Juan Stephens,King and Sons,"33697 Collins Junctions
Kendraton, MS 30010",Port Sarah,gjohnson@example.com,153940
162593,Kevin Daniel,"Hernandez, Cox and Snyder","1813 Anderson Lakes Suite 105
Vincentland, MO 56093",Hollyhaven,scott57@example.net,169206
162594,Joanna Chavez,"Brown, Clark and Gonzalez","20375 Harris Village
New Debbiehaven, PA 80357",East David,heidi36@example.com,54286
162595,Emma Miller,"Campos, Ward and Smith","0244 Snow Station
Averychester, IA 08978",New Dorothyton,richmondphyllis@example.com,69102
162596,Veronica Howard,Jones Ltd,"620 Davis Fields Apt. 753
East Scottchester, NE 77293",East Danielbury,rosejackson@example.com,72239
162597,Larry Romero,"Young, Martin and Garcia","34702 Alicia Extensions Apt. 098
Fernandofurt, AK 21815",Port Jenniferville,waltersadam@example.com,99727
162598,Brett Martinez,Patterson Ltd,"928 Morgan Ferry
Chenstad, NM 96151",West Jacquelineville,phudson@example.org,52251
162599,Keith Morris,"Parker, Delacruz and Williams","830 Tyler Unions Suite 806
New Annaside, MS 51528",Bennettburgh,xhooper@example.net,90448
162600,Allison Martinez,"Graham, Anderson and Evans","69323 Jacobson Spur Suite 030
South Randall, NC 38256",North Beverly,kevinparks@example.org,146666
162601,Emily Jackson,"Carter, Galloway and Hall","4222 Booth Canyon Suite 801
Ruthtown, MI 04417",Richardschester,shannon43@example.net,62427
162602,Christina Garcia,"Carpenter, Barr and Campbell","84910 Anderson Spring
North Shaneville, RI 88269",East Lisabury,fbriggs@example.org,180335
162603,Thomas Castro,"Thomas, Parsons and Williams","748 Knight Falls Suite 441
South Martin, WY 45547",Bryanfort,kenneth74@example.org,86656
162604,Juan Richardson,Rodriguez-Wilson,"603 Stephanie Mission
East Dawn, CO 93358",Lake Amber,vgreen@example.com,158313
162605,Wendy Ford,Smith Group,"928 Joseph Center Apt. 388
Lake Matthewview, MT 32504",Robertstad,jonessamuel@example.org,52375
162606,Chad Gordon,"Miller, Estes and Harris","38732 Monroe Neck Apt. 702
Mirandahaven, WV 02995",Taylorbury,barnesjames@example.net,132289
162607,Steven Barrera,Carr-Gray,"53424 Luna Flat Apt. 935
Princeport, IL 20630",West Stephaniestad,apearson@example.net,92987
162608,Cody Shelton,Marquez-Young,"0530 Samuel Square
Michaelfurt, KS 22915",Lake Angelamouth,maldonadokathleen@example.com,196776
162609,Anthony Alvarez,Gentry-Walker,"3426 Ann Haven
North Steven, MH 63294",Port Jessica,chandlermichelle@example.org,128443
162610,Laura Grant,"Rivera, Vaughn and Thompson","601 Matthew Mountain Apt. 537
Greenville, MS 77284",Millershire,virginiale@example.com,57522
162611,Connie Schmitt DVM,"Wagner, Cook and Clark","9425 Denise Plaza
Port Shawn, FL 75453",Cynthiachester,jbaker@example.org,142252
162612,Timothy Hansen,King Ltd,"8089 Pearson Mission Suite 233
Kennethshire, AR 58631",Lake Jessica,walshpriscilla@example.net,71135
162613,Mrs. Crystal Bentley,Lutz and Sons,"609 Christopher Stream Apt. 602
Zimmermanstad, AK 52713",Rebeccaside,ffrancis@example.org,87785
162614,Andrew Sparks,Webb-Fields,"8197 King Locks
Schwartzfort, MI 76696",Lake Aimeeshire,umaddox@example.com,147091
162615,Veronica Atkins MD,"Collins, Hernandez and Cameron","81249 Sonya Mission
New David, NY 50668",Port Tyler,louis40@example.net,185780
162616,Dennis Flowers,Gomez and Sons,"1792 Mccormick Viaduct
Floydfort, NV 37042",South Joseph,virginia61@example.net,81449
162617,Chris Smith,"Short, Jones and Long","26086 Nicholas Harbor
Pattersonborough, MT 10450",Silvamouth,garrettcampbell@example.com,84313
162618,Katelyn Diaz,Mitchell and Sons,"350 West Crossroad Suite 526
West Brian, AL 85511",Ellisstad,richard82@example.com,199577
162619,Tami Leblanc,Ford and Sons,"3438 Anthony Isle Apt. 376
Poncetown, DC 59043",New Brianchester,jpatterson@example.net,159159
162620,Jimmy Schmitt,Blake-Smith,"29566 Steven Islands Apt. 560
South Gary, MN 05883",Michellestad,hollywest@example.com,136673
162621,Stephanie Williams,Cline-Maddox,"7525 Holloway Burg Apt. 644
Jenniferport, VT 82440",Shermanside,wallacerichard@example.net,158362
162622,Shawn Allen,"Bennett, Hammond and Moore","495 Dennis Neck Apt. 909
Christineview, VT 70374",Hesterburgh,smithjack@example.com,117082
162623,Adrian Mendoza,Johns Group,"7244 Lisa Island Apt. 808
East Thomasfurt, MH 06773",North Cindy,tammy67@example.com,93915
162624,Lori Perez,"Keith, Larsen and Lawson","987 Robert Vista Apt. 559
Waltonport, WV 80345",Martinezton,gbaker@example.com,122561
162625,Wesley Arnold,Allen-Wong,"9006 Price Stream Apt. 801
East Joseph, MH 64286",Andrewland,smithjoann@example.org,56704
162626,Amy Nguyen,"Sharp, Howard and Brennan","USNV Carrillo
FPO AP 86609",North Frankmouth,ashleyjohnson@example.net,189786
162627,Valerie Brown,Levine PLC,"06824 Diane Centers Apt. 946
Hollandfurt, WY 41979",Christopherfurt,jmorales@example.net,183857
162628,Kimberly Edwards,"Young, Garcia and Weeks","0449 Pamela Drive Suite 831
Jasminhaven, NC 97010",Meyerview,qbass@example.net,92210
162629,Diane Williams,"Reynolds, Walker and Evans","8444 Brian Valleys Suite 270
Dayville, MI 26343",West Melissa,brandonmcintosh@example.net,125301
162630,Michael Wright,"Hudson, Knight and Dickson","4628 Autumn Groves Apt. 534
North Joseberg, NV 33137",East Michaelberg,christianharrison@example.net,181292
162631,Amy Willis,Curry-Woods,"808 Christy Garden Suite 608
Meyerchester, OH 03234",North Elaine,linmichael@example.org,136346
162632,Brandy Turner,Graves PLC,"31011 Ivan Neck Apt. 976
Wrightview, OK 98045",South Lisaport,jordandanielle@example.com,144694
162633,Joshua Miles,Stewart-Benton,"57475 Keith Plain 