, MS 21072",East Jimstad,vsmith@example.net,51453
2057,Calvin Odonnell,Marshall-Fitzpatrick,"PSC 8787, Box 8682
APO AA 81820",Hernandezmouth,laurie71@example.org,55422
2058,Kylie Aguirre,Wilson-Garcia,"PSC 2242, Box 0067
APO AE 32344",Lindaborough,erickirby@example.org,159624
2059,Brenda Smith,"King, Lucas and Bailey","948 Garcia Inlet
Geraldhaven, PA 39951",Port Heatherburgh,wolfejustin@example.net,105228
2060,Kathleen Washington,Carroll Group,"76269 Evan Lodge
Anthonyburgh, ND 67813",North Michele,david75@example.com,65909
2061,Christopher Johnson,Robertson PLC,"5783 Adriana Flat Apt. 356
Kevinland, FL 88824",Berryfort,erika33@example.org,158090
2062,Thomas Nguyen,Hall Inc,"USNS Pratt
FPO AP 98434",Port Rhondashire,cmay@example.com,90282
2063,Melissa Jones,"Osborn, Delgado and Jones","595 Rachel Crossroad Suite 842
Sylviafurt, SC 99197",New Loriville,weaverkenneth@example.com,71219
2064,Louis Moreno,"Stanley, Romero and Hoffman","PSC 5264, Box 6511
APO AE 71380",Virginiashire,crystal58@example.net,184300
2065,Lisa Rivera,"Gould, Schneider and Martin","113 Sharon Springs
North Jeffrey, MN 97413",Port Timothybury,cruzmichele@example.net,99255
2066,Philip Saunders,Le-King,"028 Phelps Cliff
West Jerrytown, AL 93033",West Cynthiashire,cathylee@example.net,100752
2067,Nicole Fitzgerald,Becker-Cohen,"185 Heather Glens Suite 900
Michaelmouth, NH 78311",Stricklandtown,qburns@example.org,172781
2068,Aaron Bowers,Joseph PLC,"067 Hart Walk
East Danielle, FL 32676",East Michael,lynchmark@example.org,95415
2069,Matthew Lloyd,Jackson-Matthews,"Unit 0242 Box 1709
DPO AA 97243",Port Henry,mcneilphillip@example.com,126867
2070,Kyle Johnson,Barnett-Lester,"760 Lewis Mountain
East Heather, VT 73222",Devinstad,keith28@example.net,56363
2071,Christine Smith,"Maynard, Edwards and Bates","615 Vincent Plain
Alexandrastad, KS 70974",Campbellton,roberthernandez@example.com,64993
2072,Tracy Wells,Bell Inc,"4652 Katherine Lane
Lake Angela, WA 46558",Reevesstad,darrellmeadows@example.com,189878
2073,Jennifer Sandoval,Skinner PLC,"Unit 4043 Box 4097
DPO AP 51712",Port Cassandraland,chambersjessica@example.org,95246
2074,Laura Prince,"Neal, Baker and Carroll","93593 David Motorway Apt. 904
Lake Adrianbury, IN 55748",Gonzalesmouth,mathewramirez@example.com,183309
2075,Stephen Wong,"Chapman, Hansen and Young","1453 Ellen Squares
Tommyton, NE 01044",West Cynthia,joshua51@example.net,130198
2076,Antonio Spence,"Martinez, Price and Greene","08382 Bowen Port
Scottshire, PA 46434",Liuton,joyce48@example.net,66258
2077,Zachary Glover,Patterson LLC,"16325 Leonard Way
Port Brandon, CA 97052",Williamsport,zguerra@example.org,113175
2078,Michael Graham,"Booker, Thomas and Nguyen","7799 Smith Forks
Richardmouth, NJ 27680",Jackport,kblankenship@example.net,151715
2079,Mr. Dylan Garcia,Rosales-Sanders,"4639 Jeffrey Key Suite 582
Westview, NY 40299",Kristenberg,jane03@example.com,172077
2080,Kimberly Brown,Simmons PLC,"53831 Timothy Trail Suite 549
East Damon, MI 81996",Reyesmouth,jennifer48@example.net,88642
2081,Alexander Walker,"Walker, Gutierrez and Burton","570 Horton Ville
Fryside, KY 98600",Richardmouth,sydney83@example.org,102553
2082,Victoria Bell,Austin-Hunter,"880 Theresa Cliff
Charleshaven, MD 13989",New Saraport,rhondaramsey@example.org,130536
2083,Jennifer Buchanan,Flores Inc,"19228 Jeffrey Fork
Freychester, MD 32878",New Jimmy,pjohnson@example.net,105368
2084,Mary Torres,Duke Inc,"993 Fuentes Rest
North Nathaniel, TX 06314",East Jacquelinechester,kimberly14@example.net,199590
2085,Christian Rodriguez,Wagner-Stone,"821 Parker Walk
New George, MS 46494",East Robertfort,pamela42@example.net,51037
2086,Kimberly Perkins,Foley-Gardner,"93355 Angel Wells Suite 246
East Gwendolynfort, FM 14803",New Dominique,iflores@example.net,109689
2087,Jeff Ware,Bailey-Diaz,"PSC 4545, Box 0504
APO AP 66972",Kimberlyville,oberry@example.com,142186
2088,Sandra Hardy,Washington-Vega,"3156 Barron Plaza Suite 113
North April, PA 94999",Kimberlystad,tony95@example.com,98506
2089,Larry Martin,Greene Ltd,"9666 Bobby Plaza Suite 121
Lake Taraton, FM 09967",South Jacobport,rick34@example.com,175373
2090,Nicole Kirby,"Smith, Perry and Evans","508 Tracy Stream Apt. 798
Brettport, AK 19084",East Scottland,dnolan@example.com,131412
2091,Joseph Rosario,Pope PLC,"06160 Wilkinson Expressway Suite 675
Castanedaport, VA 19262",Lake Chelseaport,anthony66@example.com,83877
2092,Jesse Peterson,Taylor LLC,"349 Mitchell Ports
Davisburgh, GA 84906",Leahmouth,brownebony@example.com,104399
2093,Kenneth Vazquez,"Davila, Young and Jimenez","44562 Kyle Parkway Suite 696
Fordchester, TN 38711",East Cynthia,gtaylor@example.org,148962
2094,Sydney Harris,Lopez-Johnson,"521 Ballard Gateway
Moorestad, VT 23631",West Lisaside,eric06@example.net,157620
2095,Sara Harrison,"Goodwin, Clark and Howell","908 Wagner Fords Suite 972
Hickmanport, NY 22607",Gomezchester,jessica31@example.org,189068
2096,Tiffany Patel,Gomez-Smith,"282 Amanda Field
Barnesmouth, OK 08337",New Stephanietown,hannaangela@example.org,139702
2097,Luis Reynolds,Bennett Inc,"35980 Michelle Isle Apt. 455
North Alex, NV 96039",Thomasbury,lball@example.org,96788
2098,Jared Brown,George and Sons,"5286 Brian Cliff
South Johnmouth, NH 41626",West Tamarashire,robinsonrussell@example.org,154758
2099,Joseph Ferguson,Baker LLC,"782 Michael Plaza
Miguelview, NC 48430",Salazarland,robertwilliams@example.org,190917
2100,Michael Peters,"Jones, Willis and Fitzgerald","USNS Rodriguez
FPO AA 42554",Nicoleburgh,roberta69@example.com,170682
2101,David Oliver,Liu Group,"9657 Long Gardens Suite 053
Whitneyton, AS 27463",Lake Brent,nlopez@example.org,164946
2102,Dustin Drake,Vaughn PLC,"00349 Foster Land
Lake Heather, WV 56441",Allisonmouth,frank92@example.org,123622
2103,Timothy Doyle,"Campbell, Williams and Le","3419 Eric Shores
Alberthaven, CO 03767",Andersonmouth,maria15@example.org,106980
2104,David Anderson,Chen PLC,"3808 Chan Isle
Robertoborough, HI 90856",Tracyburgh,tammy76@example.net,117794
2105,Richard Henry,"Barr, Wheeler and Miller","2645 Amanda Causeway
Moniqueville, AR 85653",Castanedaport,wadams@example.org,139093
2106,Alex Kennedy,"Davis, Peterson and Hoover","70643 Andrade Ports Suite 284
Garyview, VT 62815",Port Julie,carolynbradley@example.net,161261
2107,Scott Miller,Hampton-Smith,"7516 Ross Vista Suite 915
West Jessicaton, OK 84534",Alexabury,zadams@example.net,98357
2108,Courtney White,"Hood, Villa and Carroll","670 Henry Heights
Pamelaburgh, WV 30459",Port Wendyview,kellisnyder@example.org,174375
2109,Vanessa Mercer,Poole-Perry,"42378 Morris Corners Suite 626
West Stephanieburgh, VT 78138",Lake Davidland,peckkevin@example.org,68248
2110,Scott Wilson,Terry-Allison,"362 Katie Locks
Lake James, WI 27364",Nicholasmouth,mirandajason@example.net,55854
2111,Raymond Hess,Carrillo-Rodriguez,"4100 Jack Square Apt. 753
West James, MI 94223",Alishamouth,sbennett@example.com,138738
2112,Tara Mitchell,Murphy and Sons,"USCGC Lee
FPO AP 37492",Gravesfurt,john79@example.net,80061
2113,Corey Gibson,Harrison LLC,"853 Henderson Roads Apt. 154
West Justin, NV 12193",West Margarethaven,brownrebecca@example.net,151650
2114,Joseph Alvarez,"Moody, Harvey and Aguilar","USS Stevens
FPO AA 56762",East Benjamin,englishmatthew@example.org,55510
2115,Sarah Li,"Wood, Smith and Juarez","30273 Rocha Ramp Apt. 934
West John, ID 65640",East Anthony,dbrown@example.com,65034
2116,Matthew Vargas,Young Inc,"PSC 0318, Box 9268
APO AP 04042",New Ryan,iwood@example.net,104710
2117,Maria Taylor,Daniels and Sons,"554 Young Skyway
Anthonyport, HI 95802",Lake Keith,kwhite@example.com,73243
2118,Jonathan Perez,Obrien PLC,"USCGC Wilkinson
FPO AA 15240",Lake Carloschester,sarahopkins@example.org,171760
2119,Marcus Tran,Wu Inc,"USNV Johnson
FPO AE 93614",New Keith,omurphy@example.org,164181
2120,Robert Jimenez,Hanson-Mcguire,"21624 Scott Ranch Apt. 032
South Matthewport, MT 34348",Suttonmouth,grahammichael@example.org,158462
2121,Sydney Blake,"Lopez, Chavez and Rodriguez","6345 Diana Hollow Apt. 776
Meganburgh, AK 18997",Smithmouth,richardskatherine@example.net,89686
2122,Brooke Ferguson,Burke and Sons,"139 Obrien Corners Suite 931
New Margaret, SC 89042",Lake Jason,phillipskayla@example.com,159041
2123,John White,Holder-Alvarez,"8354 Small Causeway Suite 608
Charlesberg, WY 65640",Monicaville,dennis53@example.net,85738
2124,Michael James,"Baker, Campbell and Murray","Unit 4613 Box 3393
DPO AA 53398",Perkinstown,davisruben@example.com,110915
2125,Miss Rachel Christian,"Reynolds, Fowler and Barrett","6823 Sanders Mill Apt. 719
Steventown, SD 28467",Anthonyside,iaguirre@example.com,157815
2126,Mary Wallace,"Anderson, Sanchez and Alvarado","46306 Lee Run
North Richardview, CA 92640",Williamton,victoria25@example.com,93343
2127,Deborah Harris,Dominguez Inc,"122 Lopez Summit Apt. 211
Careybury, MH 97645",Calderonhaven,berryjeffrey@example.net,132342
2128,Ariel Maxwell,Wiley-Gordon,"081 Stone Island
South Toddton, AR 11897",Port Juanborough,josephhernandez@example.org,158202
2129,Bradley Hines,Waters Inc,"Unit 1708 Box 3271
DPO AP 87940",West Maria,gaineskenneth@example.com,108808
2130,Margaret Roth,Kennedy PLC,"275 Todd Ramp Apt. 810
Richmouth, MA 48350",Michaelville,dennisspears@example.net,69347
2131,Michelle Mitchell,Perez LLC,"419 Mcguire Inlet Apt. 425
Wyattmouth, WV 57166",West Michele,thomas53@example.org,138612
2132,Joshua Barry,"Watson, Mercado and Simpson","779 Mills Ports
South Richard, NC 07084",Lorifurt,stevenskeith@example.net,189448
2133,David Arnold,Hebert-Lynch,"Unit 5631 Box 5604
DPO AE 88734",Gonzalezburgh,amccoy@example.com,141533
2134,Diane Velasquez,Rodriguez-Larsen,"063 West Park Suite 046
Lake Christopherburgh, NJ 55511",Nicholashaven,johnstonchad@example.org,169605
2135,Christopher Thomas,Myers PLC,"7181 Thompson Plains Suite 487
East Brandonport, IN 01749",Dwayneview,hoffmankaren@example.org,60714
2136,Lisa Wolfe,Adams-Sherman,"311 Jennifer Harbor
Luisville, VT 44579",Mariestad,ljohnson@example.net,147205
2137,Steven Conrad,Carroll-Peterson,"10373 Janice Lane
Stevensonborough, PR 07373",West Christopherchester,beckdonna@example.org,168554
2138,Ethan Sosa,"Shaw, Guerrero and Braun","330 Regina Plains Suite 154
Vangfurt, MS 26701",Lake Brian,hudsonemily@example.org,136250
2139,Michael Lopez,Morrow-Davis,"Unit 8441 Box 7960
DPO AA 61099",North Theresa,wilsonmichelle@example.com,158216
2140,Roy Garcia,"Garza, Diaz and Cook","33658 English Squares
East Sandraland, CA 12809",Lake Christinabury,michele43@example.org,80036
2141,Laura Davis,Johnson-Newton,"83628 Roger Trace
Jessicaberg, NY 34667",South Brenda,xpetersen@example.org,139455
2142,Janet Rodriguez,Jones Group,"98288 Cameron Orchard
South David, WI 49705",Port Kevinmouth,ureyes@example.net,197382
2143,Philip Li MD,Cochran PLC,"289 Jacobs Spurs Apt. 418
Davidshire, DC 25618",Martinbury,bushdawn@example.org,158558
2144,Kelly Hernandez,Brown-Smith,"398 Bond Junctions Apt. 764
Michelleville, MI 97631",Vincentside,shane38@example.org,89768
2145,Kevin Doyle,Jones-Smith,"691 Sara Well Apt. 039
Jameston, GA 23544",Thompsonland,johnyang@example.net,178755
2146,Rebecca Hernandez,Kline LLC,"551 Brooks Gateway
New Shawn, ME 37073",Amyfurt,john26@example.net,110568
2147,Donald Finley,"Kirby, Torres and Ramirez","USS Contreras
FPO AA 83862",Lake Maryfurt,nicolenguyen@example.org,78148
2148,Joshua Massey,"Anthony, Farley and Hamilton","51145 Casey Cliff
North Matthew, KS 05424",Lake Sarahburgh,csanchez@example.com,180387
2149,Angela Morrow,Lane-Webster,"USS George
FPO AE 92717",Port Jesse,christina82@example.com,116204
2150,Brian Sanders,Castro-Foster,"508 Malone Passage Suite 363
Lake Christopher, ME 06085",Brayville,nguyenkristina@example.com,99645
2151,Lisa Garcia,King-Jackson,"85142 Juan Walks
Lake Diane, FL 58230",West Karina,steven71@example.org,115077
2152,Kelsey Phillips,Harris-Barrera,"59641 Laura Mountain Apt. 823
Brendaport, IL 11183",New Amyfort,batestyler@example.com,144295
2153,Madison Kelly,Bailey Inc,"129 Donald Lodge Apt. 710
South Joseph, UT 39799",Michaelside,urivera@example.org,127315
2154,Jennifer Lopez,"Wallace, Shaffer and Edwards","PSC 6725, Box 1058
APO AE 28642",East Elizabethchester,brewerchristina@example.com,134910
2155,Allen Smith,Weaver-Baker,"8465 Katrina Overpass
Gloriafurt, CA 22722",Robertport,ddavis@example.com,126951
2156,Angela Wilkins,Mathews-Gregory,"007 Norma Springs
Williamton, MN 66206",Kathleenborough,karen90@example.com,111866
2157,Harold Carrillo,Robinson-Davis,"025 Jane Manor
New Stephen, AS 81328",Jessicatown,bruce67@example.net,127590
2158,Richard Fitzgerald,"Walker, Kennedy and Green","PSC 1333, Box 8137
APO AE 78695",Dawnfurt,frankparks@example.com,79590
2159,Jennifer Wilson,"Holmes, Fleming and Meyer","94068 Hayes Tunnel
Darinland, NY 45664",Pattonmouth,murraypeter@example.com,137994
2160,Julia Coleman,"Kent, Robinson and White","3585 Goodwin Trail
Lake Richardchester, DC 21966",New Beckymouth,john70@example.com,152293
2161,Lori Nelson,"Bailey, Nolan and Palmer","18342 Joanne Ranch Suite 930
North Dawn, NH 76071",Ronaldside,qsilva@example.org,53891
2162,Javier Hunter,Cross-Parker,"31228 Erica Trail Apt. 726
North Kennethview, GA 59918",Kennethhaven,lunatravis@example.org,135832
2163,Andrea Sanchez,Nolan-Walker,"61309 Henry Station
South Timothybury, MS 54705",New Feliciabury,xwilson@example.com,141122
2164,Anthony Jones,"Gonzalez, Thompson and Walker","917 Warren Terrace Apt. 630
Dianahaven, KS 02539",South Kathryn,odavis@example.com,55423
2165,Gail Pitts,Sanders-Martinez,"795 Eric Camp Suite 208
Cortezchester, LA 95504",Tylerchester,craigcampos@example.com,110147
2166,Tiffany May,Bennett-Jacobs,"34252 Joseph Harbors Suite 823
Gutierrezside, IA 79832",Ronaldside,moniqueevans@example.net,69088
2167,James Williams,Gomez Group,"35118 Ray Tunnel
North Steven, WA 58400",Stephaniestad,elynch@example.net,146665
2168,Cynthia Cannon,"Hanson, Perry and May","952 Thomas Lock
Brittanyshire, NJ 69592",New Johnview,leekathleen@example.org,50962
2169,Jonathan Conner,Martin PLC,"589 Curtis Grove
Johnsonmouth, MA 21614",Lake Rebecca,vincent26@example.com,173878
2170,John Hensley,"Tran, Adams and Randolph","3902 Barbara Summit
Carterborough, OK 82648",Curtismouth,amyarnold@example.org,173582
2171,Douglas Copeland,Cordova-Wiggins,"80862 Anthony Prairie Apt. 677
Stoneshire, WA 39667",East Katherinestad,patricia07@example.net,183806
2172,Joshua Cruz,Hull-King,"9042 Ryan Burg
South James, SC 87700",New Nicholas,michelle76@example.com,141538
2173,Angela Lee,"Ramos, Alvarado and Lee","USCGC Collins
FPO AA 34369",North Rebecca,eric88@example.org,91092
2174,Lindsey Caldwell,Alvarez-Hernandez,"305 Megan Burgs Apt. 083
East Beckyshire, KS 20179",South Joshua,shannon50@example.org,122850
2175,Ronald Hancock,"Wagner, Cole and Thompson","933 Patricia Fort Apt. 910
Bryanmouth, DE 42628",North William,rebeccaconway@example.org,178284
2176,Matthew Ruiz,"Johnson, Tate and Robinson","7866 Santos Park
Heidiport, WV 97651",Brianshire,natashawise@example.com,92076
2177,Megan Fox,Meyer Inc,"USNV Booth
FPO AP 89146",West Thomas,edward87@example.org,82868
2178,Johnny Meza,"Moore, Villanueva and May","462 Cathy Island
Lake Colleen, VT 04171",South Sandra,janderson@example.com,171509
2179,Lisa Daniel,Cook-Wu,"Unit 7130 Box 6146
DPO AP 00910",New Andrewchester,peterrusso@example.net,127788
2180,Shannon Ray,Gardner-Stein,"78069 Brown Avenue Apt. 490
Deborahville, NJ 50154",Tylerville,melissaestrada@example.org,107902
2181,Lisa Lawson,"Moore, Bradley and Gonzales","97232 Michelle Camp Suite 631
South Sue, ID 14395",Lake Jennifer,jamessharon@example.org,166883
2182,Sarah Brown,Chavez PLC,"29448 Rollins Hills
Jamestown, VT 12090",Nicholeport,lori42@example.net,157550
2183,Daniel Mason,Turner Group,"1280 Chung Village
Smithfurt, MA 19007",Huertaland,riley22@example.org,174690
2184,Edwin Flores,"Norman, Mercer and Harmon","Unit 6198 Box 8628
DPO AE 27805",New Lynnfort,medinajohn@example.net,85690
2185,Luis Smith,"Neal, Farmer and Vargas","4656 James Trail Suite 725
Michaelmouth, FL 42997",Port Sheilamouth,zachary44@example.com,60790
2186,Jacqueline Jones,Anderson-Haynes,"564 Shannon Lock Apt. 543
Justinchester, NE 24509",Lake Christine,melissamartinez@example.net,103902
2187,Jesus White,Hall and Sons,"647 Jordan Trace Apt. 647
East Sabrina, OR 78053",Ha