le.com,127566
325971,Kelli Kramer,Shannon-Ball,"329 Mendoza Crossing Suite 876
Andersonhaven, UT 97831",Daughertyside,sarahhernandez@example.net,57024
325972,Laura Wilcox,"Hurley, Clark and Walker","455 Foster Squares Suite 429
East Zachary, VA 44573",Edwardmouth,stacey39@example.org,135044
325973,Mrs. Susan Flowers MD,"Hall, Parker and Howard","553 Emma Court Suite 808
New Dakotahaven, ND 21241",Englishton,waltonraymond@example.com,175885
325974,Jennifer Quinn,Leon-Morrison,"Unit 4693 Box 7659
DPO AE 47352",Nataliehaven,cduran@example.net,66422
325975,Tina Moreno,Martin and Sons,"Unit 3450 Box 6752
DPO AP 53930",Jordanberg,paul87@example.com,58583
325976,Kaitlyn Reed,Lamb Inc,"74636 Yates Lakes
East Philipburgh, VA 25150",Lake Sharonside,jenniferlutz@example.org,99072
325977,Jon Weeks,"Shaw, Kennedy and Williams","USNV Rhodes
FPO AA 31501",Port Rhonda,michael66@example.com,195443
325978,Cody Pham,Chen and Sons,"66738 Rose Drives Apt. 441
West Kaylaborough, MD 11713",Andersonmouth,leslie41@example.com,174400
325979,John Fowler,Lyons-Patterson,"5659 Joseph Shore
Stonefurt, HI 01856",West Toddbury,zwood@example.org,158427
325980,Travis Hanson,"Sanford, Griffin and Robinson","509 Jackson Stravenue
Wilsonfort, NV 89937",West Caitlinville,sarah81@example.com,122565
325981,Robin Smith,Thomas-Burns,"43536 Phillips Union
Robertview, NC 98631",Henryview,frenchjohn@example.com,155660
325982,Jody Harrison,"Johnson, Lewis and Orr","4831 David Square
Nunezburgh, TN 91229",Freemanchester,yewing@example.net,196104
325983,Stephanie Gonzalez,"Vasquez, Thomas and Williams","57750 Mark Mission
West Brianafurt, FM 25301",Dayville,alexa92@example.net,150304
325984,Jonathan Harris,Davis PLC,"64190 Ashley Road Suite 157
West Shaun, AZ 87415",Glennport,jill12@example.com,92011
325985,Antonio Wilson,"Haynes, Miller and Huff","Unit 5167 Box 6786
DPO AE 51021",South Davidfurt,beckermichael@example.net,142578
325986,Samantha Adams,Yang Ltd,"32882 Lindsey Branch
Port Christophermouth, KY 15178",North Patriciamouth,kelly41@example.com,196783
325987,Cynthia Weeks,"Miller, Holden and Thompson","384 Ellison Lane
North Lisa, DC 28322",Port Georgechester,angelamcconnell@example.com,59037
325988,Rebecca Hammond,Brown-Carey,"Unit 4652 Box 6006
DPO AE 10990",West Christopher,dkim@example.net,94449
325989,Ricky Holmes,Miller PLC,"83477 Grant Knoll Suite 707
North Lori, ID 14243",Port Christopherport,samantha43@example.org,103348
325990,Luis Walker,Andersen-Phillips,"4125 Chad Loaf
East Theodore, MI 55419",Ibarrastad,wpham@example.com,139407
325991,James Butler,"Thomas, Thompson and Robertson","47807 Adams Mount
Jeffreytown, ME 64508",New Mckenzieborough,jeffmorris@example.net,186846
325992,Joshua Johnson,Chen and Sons,"4637 Valdez Stravenue Suite 976
Jenniferberg, MT 04383",Lake Leslie,christensenandrew@example.net,54181
325993,Michael Casey,Cantu LLC,"933 Taylor Drive
Ramirezburgh, HI 18961",South Savannah,amberballard@example.net,143743
325994,Jennifer Waters,"Smith, Wells and Tucker","25729 Michael Course Apt. 394
Curtishaven, PR 14088",East Carly,kylelowery@example.org,74347
325995,Mitchell Martin,Scott Ltd,"431 Mary Stream
Ortizport, AZ 41561",West Richard,evansedgar@example.org,142478
325996,Mark Long,"Osborne, Wong and Hayes","101 Diaz Rapids Suite 621
Antoniofort, IL 02567",Stephaniestad,djohnston@example.com,121338
325997,Amanda Yoder,"Hampton, Becker and Jacobs","897 Harris Expressway
East Robin, NE 64763",Robinsonmouth,reevesdiane@example.net,68005
325998,Adam Wolfe,Morgan and Sons,"79542 Burton Circles Apt. 925
Port Heidiville, OR 14850",South Jessica,phillipsbrandon@example.net,118355
325999,Jacob Bennett,Thomas-Wallace,"9048 Amanda Spurs
Davidberg, NY 87101",Brownport,rodriguezjacqueline@example.org,85297
326000,Alexis Hill,Hutchinson and Sons,"590 Ashley Parks Apt. 941
West Matthewfort, AZ 05419",Port Jeffery,christopherboyle@example.net,144679
326001,Monique Charles,Maddox Group,"1649 Ronnie Causeway
Mahoneyton, WY 74248",Thomasfurt,paguilar@example.org,177408
326002,Sarah Duran,Walker Inc,"79452 Kenneth Trafficway
West Davidfurt, VT 36282",Lake Katherine,crystal18@example.com,55281
326003,Matthew Smith,Rangel-Mercado,"6548 Tiffany Park Suite 952
Port Michaelberg, MA 62462",Mitchellfort,hstein@example.org,83079
326004,Jared Williams,Nielsen PLC,"79164 Reed Lock
Michaelborough, GU 68083",Richardsonbury,andrew61@example.com,137624
326005,Sharon Miller,Maxwell-Perez,"998 Armstrong Glens
Lake Donald, NJ 24658",Paulland,amandamendoza@example.com,126716
326006,Lauren Shaw,Hill PLC,"6128 Erika Lock Apt. 418
West Lisahaven, MO 39692",New Kevinland,bsantana@example.com,61149
326007,Angela Hawkins,Tate Inc,"1922 Stephen Centers Apt. 386
Johnsonfurt, IN 08450",Turnerberg,dawn23@example.com,101501
326008,Carol Shannon,Oneill and Sons,"882 Meyer Shores Apt. 391
New Kathleenberg, OH 16133",Smallport,robert14@example.com,97637
326009,Annette Powell,Taylor-Moore,"076 Eric Lane
Evansmouth, VT 18272",South Deanna,patricia02@example.net,143953
326010,Steven Maxwell,"Barnett, Scott and Young","78878 Jonathan Causeway
South Tarafort, WA 26978",Jonesshire,johnsonpaula@example.org,103611
326011,Jonathan Duncan,"Webb, Marks and Wise","33603 Peterson Parkway
West Robert, TN 11912",East Ryan,christinehoffman@example.com,191348
326012,Lori Morris,Leonard LLC,"70925 Kevin Lights
Port Matthew, DC 92176",Gallagherchester,kdelgado@example.org,122541
326013,Jessica Webb,Stanley-Vargas,"1231 Cruz Cliff
West Shelleymouth, SC 61006",South Luisland,laurenwarner@example.com,117023
326014,Sherry George,"Pratt, Taylor and Vincent","919 Sweeney Islands Apt. 471
Johnfurt, SD 53658",Garciaborough,jacquelinebarry@example.com,135972
326015,Katie Summers,Crawford-Cobb,"0656 Williams Avenue Apt. 023
Loweryton, AK 17011",South Garrett,josephgreene@example.org,80453
326016,Yvonne Roth,Montoya-Lynn,"7959 Holly Oval Suite 831
Watsonburgh, AL 03502",Monicaburgh,grahamchad@example.com,177381
326017,Derek Ellison,Burke Ltd,"549 Powers Manor Suite 505
North Dorisshire, MI 75910",Loganmouth,vasquezbrian@example.net,171878
326018,Sarah Murphy,"Stuart, Johnson and Hunt","970 Carter View Apt. 352
Lake David, AL 47558",Lake Tylerbury,joshuahoover@example.net,81195
326019,Kyle Burton,"Anderson, Turner and Campos","76971 Kathryn Mount
Williamshire, SC 06120",South Lindachester,ogonzales@example.net,144929
326020,Alison Diaz,Hanson and Sons,"7198 Dennis Lodge Apt. 467
Garzaport, IN 94636",South Madison,sandovaljessica@example.net,86156
326021,Leslie Adams,Parker-Henderson,"PSC 9200, Box 9740
APO AA 87694",Pettyfurt,marygibson@example.org,94490
326022,Diamond Booth,Williams-Patterson,"PSC 6911, Box 6975
APO AA 37907",South Tony,shieldssarah@example.com,186341
326023,Michael Hodge,Payne-Duncan,"29852 Christie Rue
North Eugene, CO 91200",Hollyview,johncollins@example.com,196556
326024,Ryan Green,Pruitt-Ramsey,"9804 Butler Burg Suite 046
Port Michelle, TN 82229",South Carolyn,xporter@example.com,50035
326025,Jessica King,"Rose, Sheppard and Larson","6768 Baldwin Stream
Christieville, ME 35608",North Zachary,christophersmith@example.org,103456
326026,Mary Robinson,"Stokes, Hicks and Bentley","053 Holly Station
Lake Frankchester, ID 63371",Huntershire,angelafreeman@example.org,172316
326027,Craig White,Williams Ltd,"1618 Steven Well Apt. 284
South Marthamouth, WI 91268",Lake Erinstad,boyermarissa@example.com,124480
326028,Heather Crawford,Simon Inc,"04676 Lopez Courts Apt. 978
New Michellehaven, VI 05756",Courtneymouth,david96@example.net,173130
326029,Karen David,Swanson LLC,"14319 Deborah Port
East Tina, FM 26340",South Davidfort,luke94@example.com,150396
326030,Austin Baldwin,Carlson LLC,"USNV Gutierrez
FPO AE 02652",Port Brian,laurierivera@example.net,192264
326031,Alyssa Orr,Johnson-Kennedy,"667 Aimee Meadows
Lake Markton, NJ 94088",West Kevin,powens@example.net,198592
326032,Victoria Campbell,Diaz-Howard,"2743 Sherry Stream
South Veronica, DE 41543",Nguyenmouth,pachecobryan@example.com,137184
326033,Jorge Flynn,Graham Ltd,"88462 Moody Prairie
West Michaelside, VA 55651",Lake Vickie,michelle33@example.com,151836
326034,Nicholas Rivers,"Allen, Martin and Becker","95217 Guzman Wall Suite 832
New Crystal, WV 68320",New Amber,pcampbell@example.com,61768
326035,Brittany Quinn,"Simon, Barber and Benton","2988 Nicholson Curve Apt. 154
Port Vanessa, VA 61010",Julianbury,zclayton@example.net,80825
326036,Jennifer Dawson,Garcia-Fox,"76937 Jacob Valley
West Leahfort, MH 66681",Yoderchester,angelalittle@example.com,87850
326037,Erica Berry,Douglas Inc,"USNV Herrera
FPO AA 60827",New Micheal,garciakristen@example.com,149283
326038,Erin Bush,Porter-Brown,"3410 Amanda Islands
Jenniferton, AL 97602",East Nicole,carterchristine@example.org,173714
326039,William Porter,Evans-Thomas,"54284 Bailey Camp Apt. 720
Kaylashire, VA 59379",Thompsonmouth,nhughes@example.com,92356
326040,Stacie Brown,"Delgado, Wallace and Hunt","827 Ryan Haven Suite 160
North Robertohaven, CA 50976",Clarkmouth,robert05@example.org,172268
326041,Kimberly Carpenter,Schmidt-Chambers,"344 Welch Square
Mendezburgh, GU 31884",North Julie,hwilson@example.com,116680
326042,Tyler Burton,"Mitchell, Zuniga and Nguyen","USS Garcia
FPO AE 32784",Lake Coreymouth,martinezkelly@example.org,176500
326043,John Montgomery,Clark and Sons,"45808 Rebecca Rapids Apt. 453
South Danielleside, VA 54568",West Elizabethland,josephsantos@example.org,89650
326044,Robert Gross,Rose LLC,"20751 Christopher Run
Kirbyfurt, PA 86325",Littlechester,nwallace@example.com,96341
326045,Kathryn Buchanan,Lopez LLC,"564 Melissa Square
South Adam, MD 36770",Port Rebeccabury,angela76@example.net,179178
326046,Thomas Novak,"Trujillo, Jennings and Espinoza","9955 Keith Centers Suite 045
Johnsonbury, MP 92827",South David,jenniferdudley@example.com,137639
326047,Michael Snyder,"Gonzalez, Wright and White","18946 Megan Inlet
Sanchezland, WY 49950",Matthewtown,tristan37@example.net,138944
326048,Ryan Obrien,Gonzales-Brown,"99170 Scott Forge Suite 038
Janetmouth, OH 42989",West Audreyshire,teresa87@example.org,133852
326049,Kenneth Avery,Combs-Castillo,"6332 Stewart Center
North David, MI 30020",Toniport,yfields@example.org,148654
326050,Jeremy Mathis,Shepherd Ltd,"99224 Nicholson Union
Kathryntown, VI 11726",New Adrianhaven,ameyers@example.com,135555
326051,Jennifer Green,"Austin, Hunter and Mcknight","23400 Steven Expressway
New Michele, MO 80767",Palmertown,martinlisa@example.com,193102
326052,Brandon Hernandez,Jones-Nicholson,"795 Shields Terrace
Thomastown, VI 15982",Barrfort,jose40@example.com,151793
326053,Holly Snyder,Contreras LLC,"25635 Shawn Green
Lake Matthewmouth, UT 86369",New Jose,jameshill@example.com,195728
326054,Joseph Miller,Harrison Inc,"USCGC Edwards
FPO AP 85137",Christopherstad,anna83@example.org,167769
326055,Michele Casey,Gray-Baldwin,"9401 Leonard Run Suite 081
Harringtonbury, NE 98472",New Gabriel,usmith@example.com,62468
326056,Kimberly Moreno,Hughes-Olson,"4995 Erin Manors
Amandaberg, VA 33461",East Andrewhaven,curtissarah@example.net,115384
326057,Casey Jordan,Marsh Ltd,"74588 Heather Trafficway Apt. 622
Josephborough, KS 09963",East Ryan,wanderson@example.com,91349
326058,Victor Garcia,"Reyes, Martinez and Malone","Unit 6487 Box 6190
DPO AA 21489",Brentside,christopheredwards@example.org,89296
326059,Justin Freeman,Simpson-Frank,"Unit 3395 Box 5382
DPO AA 17805",Port Patricia,kimmark@example.com,97324
326060,Lindsey Campbell,"Hall, Russell and Turner","76021 Karen Keys Suite 496
Eduardofort, NY 03760",Port Daniel,xjones@example.org,115045
326061,Thomas Jones,"Hernandez, Brown and Liu","USS Reeves
FPO AA 90693",New Teresaview,llynn@example.net,92662
326062,Jerry Bauer,Hatfield-Green,"63830 Michael Cliffs
Michaelstad, IN 46182",Debramouth,morganjose@example.com,120722
326063,Traci Woodward,"Thornton, Peterson and Nelson","3712 Jacobs Pike
Chambersbury, LA 77371",Lake Robertborough,hawkinsbrian@example.net,174665
326064,Edwin Terry,Johnson Ltd,"04963 Stephen Landing
Angelaland, OK 07510",West Brittany,andrewsryan@example.com,147390
326065,Janet Parker,"Norris, Lawson and Hensley","045 Judith Islands
Jacksonport, PA 96398",Silvaland,ggarcia@example.org,143711
326066,Ruben Allen,Allen-Hutchinson,"046 Paula Stravenue Suite 575
Murphyfurt, KS 95495",Leemouth,gentryfaith@example.com,140760
326067,Scott Goodman,"Elliott, Blair and Ellis","401 Riley Place Suite 367
Phillipsberg, OR 27639",New Johnmouth,adamthompson@example.org,81392
326068,Kimberly Byrd,Lucas-Bennett,"092 Jill Ports Suite 260
North Brian, CT 07507",Lake Samuel,tamieaton@example.org,84899
326069,Nicole Morgan,"Hernandez, Conner and Wilson","PSC 3210, Box 4099
APO AE 47363",Orrville,chelseasmith@example.net,57344
326070,David Rodriguez,Burke Inc,"7280 Gaines Forks
Hannahview, UT 02696",Chelseafurt,craigjones@example.net,185153
326071,Joseph Mckinney,Black-Randall,"283 Morris Haven
New Caseyland, WA 77974",Guzmanside,qgarcia@example.org,83533
326072,Elizabeth Brooks,Smith-Wright,"89469 Michael Springs Apt. 193
West Shanefort, GU 99464",Alisonborough,matthew95@example.net,145767
326073,Melanie Andrews,Lewis-Richard,"477 Keith Island Apt. 243
Penamouth, ID 92151",South Jeremy,jacksoncody@example.com,175544
326074,Rhonda Bell,Pena-Knight,"PSC 3113, Box 3782
APO AE 69501",Dawntown,bmartinez@example.net,116052
326075,Tanner Smith,"Smith, Snow and Roberts","1810 Thomas Extensions Suite 039
Johnsonville, NV 27187",West Stephenmouth,fhall@example.net,111121
326076,Lauren Johnson,Aguirre and Sons,"790 Miller Parkways
Tinaview, WV 60280",Foxfurt,phillip18@example.com,65199
326077,Mr. Brandon Jackson,Sparks-Hale,"5353 Anderson Pike Suite 328
Port Charles, WV 60192",Donaldborough,brandismith@example.org,86033
326078,Bryce Williams,Conrad-Rodriguez,"133 Gibson Club
Lake Timothyhaven, AK 86860",Jonesfort,bscott@example.net,60411
326079,Erin White,Smith Inc,"13886 Miller Mountains Suite 001
Moramouth, WI 50349",Jamesside,johnwhite@example.com,53854
326080,Gwendolyn Martinez,Smith-Owens,"6018 Vincent Ferry Suite 813
North Coryside, AS 74434",Port Brendabury,wross@example.org,71936
326081,Lauren Green,Baker-Brown,"4875 Johnson Ranch
Mackchester, LA 99839",Alexandrafort,npena@example.net,160072
326082,James Watson,Colon Ltd,"PSC 7080, Box 6434
APO AP 85414",Greenstad,stephen84@example.com,178196
326083,Mary Murphy,Roberts-Klein,"252 Christian Vista Suite 148
Meganshire, TN 31664",Angelafurt,rsimpson@example.com,154326
326084,Reginald Curry,"Vang, Allen and King","4456 Cruz Ranch Suite 986
Johnsonport, NM 22112",North Jennifer,wschwartz@example.com,195188
326085,William Marshall,Reynolds and Sons,"79285 Sutton Isle
Mosleyshire, ID 52862",South Josephmouth,holtwilliam@example.com,119618
326086,Dr. Timothy Gomez PhD,"Gillespie, Welch and Campbell","Unit 9384 Box 3861
DPO AA 23255",West Caleb,carpenteralex@example.org,192876
326087,Anthony Miller,Butler-Black,"4795 Holly Plain Suite 767
West Ronaldmouth, NV 31861",Lake Davidfurt,annaalvarez@example.com,174826
326088,Mr. Austin Moreno,Monroe and Sons,"92064 Steven Summit
Jordanborough, WI 94001",Lake Davidside,whitneymason@example.org,97276
326089,James Gibson,Levine Inc,"593 Chandler Circle Suite 026
Heatherberg, CA 94122",Amyhaven,david57@example.net,91102
326090,Mrs. Theresa Pacheco MD,"Gamble, Hunt and Garrison","692 Hopkins Villages Suite 908
Lake Karen, OH 58212",Patrickchester,nbell@example.org,138234
326091,Matthew Booth,Kennedy-Tucker,"187 Samuel Mission
Michaelport, WY 40864",New Oliviaburgh,raymond50@example.com,120655
326092,Rachel Ross,Page-Khan,"738 Stacy Viaduct Apt. 154
Davisview, DE 25092",West Melissa,laurie63@example.org,75125
326093,Joe Bennett,"Gonzales, Webb and Reed","029 Mccarty Mews Suite 873
Patrickland, AL 66835",Meyertown,nicholaslucas@example.org,50324
326094,Laura Robinson,Mitchell-Rosales,"71637 Adrian Islands
Baileyburgh, PA 27286",South Michaelstad,bradflores@example.com,100470
326095,Dr. Matthew Lutz,"Herring, Michael and Barnes","779 Baker Shoal Apt. 718
Thomaston, DE 68533",Sancheztown,jennifer72@example.org,171551
326096,Charles Butler,West-Flowers,"71317 Gregory Course Apt. 409
Stephanieburgh, PR 19860",North Holly,jpowell@example.net,93046
326097,Kristen Clark,"Russo, Ayala and Gaines","988 Chung Prairie
Cynthiabury, DE 35670",New Samanthatown,crystal39@example.com,189991