 699
North Bettyview, MD 46559",East Vanessamouth,michelle13@example.org,105604
187283,Stephen Howell,Hudson-Stone,"737 Cummings Wells Suite 315
Perryton, GA 86063",Jeffreyshire,morenooscar@example.org,199552
187284,Noah Rogers,"Gilbert, Green and Bradley","Unit 3196 Box 5071
DPO AE 20127",East Josephshire,phillipsjoseph@example.net,81957
187285,Cheyenne Flowers,Smith-Martin,"742 Tiffany Mount Apt. 390
Port Christopher, VI 99483",Walkershire,faith56@example.org,96989
187286,Dr. Michael Collier Jr.,"Taylor, Willis and Miller","Unit 2928 Box 1994
DPO AE 13712",North Scott,tshields@example.com,179434
187287,James Johnston,Rose Inc,"25945 Branch Square Apt. 005
New Anthonyhaven, WI 38424",Morantown,kelly21@example.net,142460
187288,Anthony Rose,Oneal-Montoya,"325 Hughes Centers
New Stevenstad, WV 52324",Aprilhaven,laura44@example.com,180590
187289,Andrea Pollard,"Allison, Leach and Smith","Unit 9354 Box 7196
DPO AP 63317",Davidberg,rebekahwilson@example.net,73855
187290,Kimberly Shields,"Miller, Allen and Kirby","076 Payne Dam Suite 597
East James, HI 89455",South Robin,victordecker@example.org,69902
187291,Mrs. Carrie Barnett,"Moore, George and Richard","293 Fowler Motorway Apt. 994
Shorthaven, AZ 63311",Brandonland,gomezpenny@example.org,54167
187292,Elizabeth Caldwell,Steele-Farrell,"PSC 4776, Box 5681
APO AP 41804",Allisonchester,victoriagross@example.net,112478
187293,Rick Cantrell,Walters PLC,"2473 Tina Plaza
Port Kristen, VT 51414",Sylviatown,wrightsharon@example.org,166020
187294,Denise Lang,Morris-Norris,"953 Brandon Stravenue Suite 168
East Judithshire, VT 32576",Kimberlyberg,kellysara@example.com,50379
187295,Ronald Harris,"Rich, Pruitt and Hendrix","901 Mcdonald Mills Suite 845
Lake Marcusbury, CA 78892",Youngport,gmorrison@example.org,59113
187296,Wyatt Richards,"Smith, Kline and Brown","147 Carey Mission Suite 630
New Thomasville, NM 84372",North Matthew,aturner@example.com,50825
187297,Judith Morris,Elliott-Larsen,"9692 Gary Ferry Apt. 464
Port Nathanmouth, VI 30522",West Johnville,reginathornton@example.com,156786
187298,Brandon Bradley,Rice-Montgomery,"95956 Hensley Loaf
Calvinville, NM 76367",Lauraberg,preyes@example.net,155641
187299,Jessica Ball,Rubio Inc,"277 Rebecca Run
Rossfurt, WV 19289",Donnatown,emilyadams@example.org,170543
187300,Kevin Davis,Allen-Cruz,"627 Davis Fords Suite 882
Johnsonland, CA 00910",Edwardshire,johnathan30@example.org,154416
187301,Robert Jones,"Howard, Roberts and Davis","968 Laura Rapid
Burnsburgh, RI 09143",Wheelerview,madelinecruz@example.com,99935
187302,Tina Black,"Wallace, Harris and Owen","2947 Young Village
Sandovalburgh, PA 45170",North James,xingram@example.org,73031
187303,Samantha Garcia,Hale-Huffman,"6527 Dan Points Suite 304
Lake Melissa, PA 41252",Gregoryburgh,robersonmark@example.net,186757
187304,Heather Farmer,Elliott-Morales,"5113 Wagner Squares Apt. 477
Larrystad, IA 82164",Tonimouth,rmiller@example.net,51390
187305,Mr. Caleb Gates DDS,"Graves, Spears and Kirby","674 Christensen Lane
South Tinastad, MH 85915",Dennisburgh,millerleah@example.com,163840
187306,Mark Wright,Mcgrath-Lopez,"240 Walker Views Suite 105
Meghanmouth, SC 68638",Jerrychester,moralesmarc@example.net,128100
187307,Ronald Kelley,Ortiz-Curtis,"33881 Marsh Lake
West Samantha, SD 20958",Thomasview,crystalandrews@example.net,63174
187308,Aaron Davis,Santos PLC,"85203 Tanner Bypass Apt. 361
North Shawnfurt, VA 96038",North Stephanie,lwoods@example.com,76399
187309,Morgan Moss,Dillon-Wilson,"62594 Daniel Fork
North Michaelshire, VT 51841",Jacobton,odomleonard@example.org,174877
187310,Lauren Carroll,Shaw-Ryan,"664 Peter Spur Apt. 741
Elizabethfurt, RI 10091",Cunninghamhaven,qwilliams@example.com,74360
187311,Faith Baker,Perez PLC,"04403 Kenneth Springs
Lake David, NJ 03547",Port Jessica,xmartinez@example.net,94769
187312,Timothy Rice,Miller-Neal,"2171 Copeland Valleys
Lake Feliciachester, SD 11536",East Heather,james41@example.com,84158
187313,Ryan Johnson,Juarez-Clark,"56541 Tyrone Cove
Valeriestad, IL 22184",West Megan,lawsonkristen@example.org,62961
187314,David Dawson,Hernandez LLC,"PSC 9669, Box 6781
APO AA 16660",Mcphersonfurt,wilkersonrobert@example.org,167391
187315,Robert Davis,Turner-Mccormick,"85271 Wallace Field
Atkinsstad, AR 62324",Richardsonmouth,blackburnandrea@example.org,130448
187316,Christopher Johnson,"Paul, Thomas and Webster","40131 Anne Pass Suite 626
New Steven, UT 44956",Justinland,david43@example.net,182846
187317,Crystal Griffith,Welch-Watson,"548 Long Turnpike
East Jenna, MT 92980",Allisonburgh,tonya06@example.com,135953
187318,Tammy Williams,Meyers-Deleon,"79988 Harrison Plaza Suite 663
North Shariland, CO 63955",Chenbury,jmoore@example.com,60422
187319,Thomas Ball,"Miller, Cox and Gonzalez","80098 Thomas Manor
East Alexiston, NE 90893",Jennifershire,cooklarry@example.org,119602
187320,Robert King,Cole Group,"Unit 5694 Box 7905
DPO AE 55994",Miguelview,anthony25@example.com,186775
187321,Brent Mclaughlin,Mcdowell-Landry,"5802 Walters Keys Apt. 948
Williamborough, VT 71654",Ashleybury,rogersmichael@example.org,95681
187322,Kimberly Flowers,"Peters, Joseph and Mccormick","39518 Long Curve
Port Leslie, GU 50526",North Kellychester,fberg@example.org,89042
187323,Debbie Martin,"Quinn, Hickman and Meyers","Unit 1732 Box 9441
DPO AA 16842",Daviston,greenekaren@example.com,119993
187324,Rachel Norris,"Steele, Melton and Palmer","04023 Fuentes Divide
West Amberport, KY 76872",Lisaview,annaanderson@example.com,139895
187325,Kevin Gonzalez,"Patton, Norton and Parrish","60957 Tammy Villages Apt. 535
Rittermouth, FM 10554",Bucktown,mperez@example.net,142993
187326,Amy Galloway,Mays and Sons,"3594 Chad Cliff Suite 852
Hansenmouth, ID 40769",Colemanside,cindy35@example.com,123006
187327,Kimberly Washington,Smith Ltd,"008 Rodgers Valleys Apt. 761
Port David, MO 25235",Kempshire,jeremybender@example.com,81173
187328,Kim Smith,"Barrera, Williams and Wong","2806 Jessica Knolls Apt. 464
Bettyside, AZ 48981",Muellerton,robert18@example.net,180702
187329,Bobby Burton,Ritter-Foster,"14912 Jenkins Rapids Suite 480
New Normanside, KY 61184",New Lorettabury,leecain@example.com,81169
187330,Erin George,Martin Ltd,"7625 Walker Pike
Moralesmouth, WI 19629",Nataliehaven,bradshawjoshua@example.com,80684
187331,Nicole Savage,Salinas-Faulkner,"0094 Deanna Manors
West John, TX 23482",Thorntonchester,amanda34@example.org,55955
187332,Michael Sosa,"Hernandez, Brown and Vaughn","30278 Kenneth Shoal
South Luis, MI 13978",Connorberg,judith96@example.com,184371
187333,Juan Martinez,"Davis, Long and Pham","58207 Hill Lights Suite 816
Bakerstad, HI 14384",Guerreroborough,wtaylor@example.com,65041
187334,Alexandra Moore,"Gibson, Frey and Kerr","308 Lucas Cliffs
Port Alexander, AR 47547",Lake Erikburgh,sandra57@example.com,103370
187335,Edwin Ball,"Clarke, Huber and Ford","583 Dana Fork
Webbville, MN 29554",North Kenneth,jessestevens@example.org,71341
187336,Kelsey Bennett,Medina Inc,"PSC 3096, Box 6187
APO AP 62009",Port Sarah,toddburns@example.net,126070
187337,Crystal George,Miller-Hanson,"6109 Hannah Court
Sandraville, ND 51397",Ryanbury,fernandeztiffany@example.org,133626
187338,Ronald Nichols,Morgan-Taylor,"16235 Jacob Via
Griffinville, TX 55686",Reedfort,changmark@example.org,104978
187339,Patricia Hamilton,Ochoa Group,"5576 Jodi Forge Apt. 292
Port Christinemouth, MP 18758",Jaredfurt,steinmercedes@example.org,143536
187340,Kirk Hahn,Rodriguez Inc,"176 Melanie Mall Suite 547
Tonyaberg, HI 33896",Erinville,cynthia02@example.net,137699
187341,Angel Hall,Green-Bates,"086 Courtney Locks
New Ronaldside, PA 76959",Abigailmouth,reedjustin@example.com,97907
187342,Brett Lindsey,Romero Inc,"27371 Rhonda Mountains Apt. 531
Port Jerry, IN 17189",New Jerryhaven,mclaughlinjulie@example.org,59755
187343,Miss Denise Hale,Cruz-Walker,"0121 Mueller Ridge
East Julieside, DC 50096",New Suzanneland,chill@example.com,169338
187344,John Rodriguez,Swanson LLC,"1486 Black Port
Amandaberg, NE 00664",Melissaview,brittanyperez@example.com,179713
187345,Aaron Miller,Gillespie-Shannon,"5529 Cassandra Run
Lake Don, GU 46955",Trevorside,skirby@example.com,69583
187346,Tiffany Marshall,Gray-Jones,"5651 Clark Shore Apt. 149
Ruizview, MD 30011",West Caleb,kaitlyn03@example.org,181934
187347,Crystal Caldwell,Franco-Jones,"044 Fox Bypass Apt. 821
South Taylormouth, NE 00997",Andersonfort,ureed@example.org,198562
187348,Ashley Jones,Dawson LLC,"359 Brittany Run Apt. 443
Freemanfurt, MP 03799",Jamesshire,dennisjohnson@example.com,177802
187349,Zachary Ellis,Thomas PLC,"58124 Kristie Rapid
Glenfurt, NY 41120",North Lauren,thunt@example.org,87477
187350,Michael Wilson,Price LLC,"221 Phillips Island Apt. 595
South Jennifertown, MS 78742",Jenniferburgh,johnsondanny@example.com,134483
187351,Ricky Guzman,Peck-Johnson,"78585 Baker Mountains Apt. 062
Davisville, TN 04844",Taramouth,austin65@example.com,127596
187352,Erik Freeman,Bailey-Mcbride,"370 Dakota Plain
East Davidview, WV 26815",Aaronstad,jackiejenkins@example.com,171873
187353,Tammy Morris,"Nash, Shannon and Hall","69231 Berry Hills Suite 968
Kendraburgh, MD 07070",Courtneyshire,prhodes@example.net,52203
187354,Omar Wilson,Mora Ltd,"479 Charles Village
Port Brett, NE 47202",Hartmanfort,seanweiss@example.com,68413
187355,Nicole Sandoval,White Inc,"25673 Michelle Village
Lake Matthewville, AK 74114",West Kevinburgh,lrobinson@example.org,91122
187356,Ryan Morris,Graves-Smith,"943 Cynthia Green
Lake Danielmouth, GU 98445",South Brittany,robersonsarah@example.com,68476
187357,Jonathan Monroe,Kelly PLC,"57428 Kristen Cape Suite 785
Webbport, NC 90918",Port Paulfort,stokesjoshua@example.net,83523
187358,Monica Simpson,Bowman Ltd,"857 Laura Plaza
Laurenview, FL 00790",Jeffreyfurt,vargasalexis@example.com,145021
187359,Michael Castillo,Hayes Inc,"PSC 7716, Box 0429
APO AE 69435",Lake Samuel,vcross@example.com,54302
187360,Rodney Jackson,"Gonzalez, Clark and Maddox","195 Morris Passage
Palmerton, CA 09368",Port Thomas,isnyder@example.org,141074
187361,Jennifer Brown,Bowman and Sons,"29867 Patton Turnpike Suite 282
North Mariah, OK 56523",Lake Kiara,pevans@example.org,155900
187362,Tammy Sharp,"Johnson, Walters and Baker","6691 Derek River
Prestonview, OH 85350",East Charlenestad,christopher64@example.net,81889
187363,Sandra Jones,Jordan Ltd,"44258 Warren Summit
Coxchester, AL 93735",Mooreborough,ymorris@example.net,100063
187364,Gregory Cain,"Dyer, Cole and Green","3465 Powell Flat Suite 616
North Alexis, TN 42077",Alextown,austin52@example.org,102229
187365,Paul Miller,Colon and Sons,"1271 Patrick Corner
Danielhaven, AR 12435",Jenniferberg,yjames@example.net,183682
187366,Barbara Friedman,Thompson Group,"80522 Steven Squares
Craigstad, VA 81442",New Susan,michaelanderson@example.com,156585
187367,Stephanie Tran,Marshall Ltd,"308 Cox Cliffs
Smithburgh, NV 44426",Tranburgh,joshuacastro@example.net,107866
187368,Nancy White,Duke Ltd,"646 Herring Terrace Apt. 986
Valerieburgh, MN 07354",Millsfurt,nbenton@example.com,79494
187369,Frank Lowery,"Mitchell, Martinez and Hayes","7240 Michael Courts
South Jessica, NC 12262",Heatherton,william33@example.net,106180
187370,Robert Brown,Fletcher-Lopez,"USS Olson
FPO AP 47222",North Monica,smithjohnathan@example.org,97859
187371,Jeremy Young,"Williams, Kelly and Beck","Unit 5656 Box 0706
DPO AP 27348",West Crystalhaven,bwalker@example.org,161354
187372,Haley Nelson,"Phillips, Pierce and Parsons","5276 Miller Courts Suite 231
New Kimberly, MO 56449",Aprilport,xtorres@example.net,86203
187373,Michael Lawson,"Williams, Cooper and Pearson","981 Ford Lake
Lake Jackson, MN 69600",West Stephanie,ashleebowman@example.net,59029
187374,Derrick Myers,"Bruce, Swanson and Sims","37825 Martinez Trafficway
East Aaron, OK 51388",Michaelshire,vkim@example.com,89191
187375,Stephen Keller,"Collins, Parker and Anderson","14434 Johnson Corners Apt. 017
Laurahaven, AZ 42503",North Margaretstad,amorales@example.net,140081
187376,Tammy Stephens,Cox-Mcpherson,"58912 Maria Hills
Kaitlynport, MH 55016",South Heidifurt,james39@example.org,153285
187377,Adam Martinez,Holloway Inc,"Unit 6862 Box 5926
DPO AA 54438",Jesustown,daviesthomas@example.com,137300
187378,Katherine Aguilar,"Daniels, Zavala and Martin","724 Susan Isle Suite 716
North Kimberlyshire, KS 15455",Thomastown,dawndelacruz@example.org,124580
187379,Jacob Williams,Dean LLC,"Unit 1839 Box 2476
DPO AP 66264",East Bryan,utrevino@example.org,76426
187380,Mr. Anthony Miles Jr.,Ortiz Ltd,"83407 Abigail Mills
New Ginaburgh, NE 81032",New Destiny,erikaparker@example.net,121181
187381,Haley Leonard,"Moore, Reed and Rodriguez","1511 Derek Prairie Suite 931
Patriciamouth, NC 43923",North Kelly,buckleyalicia@example.org,82632
187382,Kimberly Cruz,Anderson-Bryant,"113 Daniel Hills Suite 798
Lake Anthony, OK 58774",North Mary,landerson@example.net,150283
187383,Anita Brewer,Gill-Swanson,"5684 Christie Plains
Jenkinsmouth, TX 77950",South Cynthia,tayloremily@example.com,165974
187384,Lisa Gentry,Allen Inc,"9174 Martin Creek Suite 310
Walkermouth, LA 03008",South Natalieburgh,patrick31@example.org,192168
187385,Sandra Martin,"Stevens, Nelson and Pearson","6850 Ronald Course Suite 697
South Marthaberg, NV 07645",Gregoryview,cmurray@example.org,167939
187386,Shannon Arnold,Carson-Kelley,"359 Mejia Mount Apt. 682
Martineztown, WI 51507",East Moniqueborough,vaughankenneth@example.com,185943
187387,Shelly Patton,"Simmons, Murphy and Jackson","38847 Willis Vista
Danielfurt, TN 64922",Brownmouth,ifarley@example.com,92579
187388,Robert Clark,"Petersen, Bowman and Gordon","484 Maddox Orchard Suite 320
West Rickeyborough, GU 41216",Ashleyhaven,matthew45@example.org,86257
187389,Brendan Padilla,Jenkins PLC,"717 Margaret Burgs
Lake Ericbury, WY 31623",Kimshire,yolanda46@example.net,195044
187390,Alexander Elliott,"Clayton, Brown and Mcguire","48402 Gonzalez Haven
Simmonsfort, MD 36381",Nicoleville,ljones@example.net,64539
187391,Jesse May,Matthews LLC,"7095 Villarreal Street
North Amandatown, OR 46125",North Maryland,dennis23@example.net,70137
187392,Aaron Hopkins,Burton Ltd,"47289 Kevin Extension
Shafferborough, AR 68860",Callahanchester,spalmer@example.org,193117
187393,Laura Jones,"Ritter, Haas and Potter","20270 Wiggins Ways Apt. 648
Millershire, LA 05759",Susanberg,bellsabrina@example.net,57838
187394,Joshua Ingram,Poole Group,"165 Pamela Rapid
South Kristimouth, NE 33163",North Jasonhaven,imarks@example.com,181355
187395,Tammy Bennett,"Lopez, Macdonald and Gibbs","PSC 8992, Box 7194
APO AE 18559",North Tracymouth,alyssa33@example.org,179289
187396,Erin Moore,Erickson Group,"896 Christina Pine
South Patrick, FM 39738",Davidport,aaronmurillo@example.com,191942
187397,Stephanie Mora,Garner Ltd,"1447 Allison Drives Apt. 903
Andreabury, NJ 22439",Moralesland,hawkinschristine@example.net,138653
187398,Jonathan Barnes,Howe PLC,"Unit 6469 Box 7644
DPO AP 26133",Lucaston,walter58@example.com,70399
187399,Charles Wang,Gardner-Saunders,"84602 Jimenez Lights Suite 708
Leeville, NJ 30403",Lake Linda,abigail42@example.net,88097
187400,Alan Thomas,Golden LLC,"3349 Zachary Rapid Suite 182
South Caitlynchester, NC 73507",Dianeside,castillotasha@example.net,157250
187401,Peter Lopez,Knox Group,"06194 Lawrence Falls Suite 403
Lake Daniel, MH 36224",Steventown,christinadavidson@example.net,178655
187402,Jamie Smith,Beck Ltd,"36681 Marsh Loaf
New Terry, AL 40990",Brandonshire,carolyn88@example.net,199961
187403,Patrick Gomez,Park and Sons,"096 Delgado Harbors
New Natalieshire, GA 09005",Lake Nathanielbury,amanda47@example.org,77038
187404,Emily Rivera,"Roberson, Branch and Anderson","PSC 2855, Box 9240
APO AP 78284",North Bryanville,prestonvictoria@example.net,103175
187405,Jennifer Johnson,"Flores, Thomas and Neal","65144 Christopher Flat Suite 678
West Toddshire, MO 81166",Burtonbury,bwhite@example.net,132432
187406,Connor Gutierrez,Owens-Harris,"857 Jamie Summit Suite 158
North Jamie, MH 68986",East Juliabury,douglasmontoya@example.net,168868
187407,Dr. Ronald Griffin,"Clark, Richards and Wu","24786 Pamela Points Suite 731
Alexahaven, FL 94715",Mcclainmouth,kimpaul@example.com,153040
187408,Samantha Lopez,"Herrera, Richardson and Villarreal","8229 Osborne Springs
New Thomas, GU 39038",Keithborough,tiffanymiller@example.net,92057
187409,Justin Copeland,"Roman, Vazquez and Rangel","57289 Aaro