,"Ramirez, Baird and Farrell","59159 Aguilar Mills Apt. 635
East Brandon, IL 20828",West Nathanielview,georgekatherine@example.org,150649
387001,Justin Holmes,Moore Ltd,"2183 Small Passage
North Sheriberg, AL 90493",Millerchester,joshuafloyd@example.net,181778
387002,Alexander Brown,King-Winters,"08760 Tasha Cove Apt. 496
Port Debrabury, HI 76846",East Royhaven,kenneth60@example.com,124400
387003,Hector Fox,"Rodriguez, Cook and Peterson","87975 Melissa Dam
West Zachary, NE 41275",South Christopher,fblackwell@example.net,72477
387004,Erin Stewart,"Klein, Hubbard and Carrillo","PSC 7626, Box 4179
APO AA 08087",East Timothy,morgandonald@example.com,107921
387005,Justin Wolfe,Lopez-Bell,"USNV Smith
FPO AE 82516",Lake Brendanstad,bakermark@example.com,122837
387006,David Hunter,Gonzales-Hunt,"269 Valencia Walk
East Timothyfort, AK 06492",New Lauraburgh,robinwilliamson@example.net,192188
387007,Samuel Sutton,Graves-Wilson,"4099 Jeffrey Forks
Port Teresafort, AK 87605",Port Seanview,hhayden@example.net,65006
387008,Paul Hicks,Gates LLC,"5771 Wilson Burgs Suite 760
New Phillipmouth, AS 49304",Savannahchester,carrie39@example.org,61168
387009,Mr. Lawrence Watkins MD,"Jacobs, Richardson and Yang","890 Alicia Glen Suite 600
Pennyton, GU 56192",Michaelmouth,sandragomez@example.org,120413
387010,Lauren Avila,Wright Inc,"USNS Roberson
FPO AA 64154",Rodriguezstad,imartin@example.net,141599
387011,Jo Stephens,Butler Ltd,"30316 Emily Unions Suite 659
Lake Paul, VA 84935",Gailview,joannacarey@example.net,131152
387012,Jose Miller,Johnson Ltd,"79298 Cervantes Isle
North Matthew, UT 43487",Port Jerryburgh,thomascourtney@example.net,120772
387013,Angela Anthony,"Ruiz, Brown and Cooper","43901 Rodriguez Dale Apt. 466
Lake Staceyshire, KY 88987",Lake Shawnchester,figueroamichael@example.org,147116
387014,Sara Ramirez,Kramer-Esparza,"261 Castaneda Coves Apt. 204
Williamtown, AR 87139",Lake Emilyhaven,gabriel75@example.net,183706
387015,Nicole Smith,Gomez Ltd,"28590 Kristin Lights Suite 262
Rodriguezfurt, MI 86923",East Darryl,ianparrish@example.net,182212
387016,Amy Kennedy,King LLC,"1232 Santiago Dam Apt. 228
North Bryanfurt, VT 23855",New Christopher,mccoyjulie@example.com,161005
387017,Charles Chan,Martin-Boyd,"0164 Tiffany Path Suite 057
Laurabury, RI 11135",Zamorastad,brandon48@example.net,169267
387018,Eric Richmond,Wood Inc,"2644 Eric Locks
Cobbchester, UT 86296",New Lindsey,zhall@example.org,174699
387019,Joshua Berry,Mccoy-Weaver,"6022 Christine Junction Apt. 219
Annton, WY 23871",Port Courtneyside,jamescarolyn@example.net,144886
387020,Mary Miranda,Mcneil-Roach,"0965 Christine Mountains Apt. 259
Christinetown, TN 12277",Meganview,campbellrandy@example.net,145088
387021,Nicole Ball,Miranda PLC,"4692 Thomas Island Apt. 476
Hendersonmouth, KY 56176",North Stephaniestad,nferguson@example.com,152589
387022,Heather Liu,Wallace LLC,"40028 Tonya Centers
Kiddchester, MN 36622",Reedland,jballard@example.org,179362
387023,Ruth Bradford,"Cox, Rice and Baker","68176 Charles Ways Apt. 948
Jennifertown, AZ 55441",Jennyland,stacymorgan@example.com,166274
387024,Grace Hale,"Willis, Williams and Burton","01852 Reginald Spring Suite 113
West Haroldport, VA 56840",Port Joseph,ichang@example.net,113225
387025,Madeline Swanson,"Barr, Sutton and Crane","80058 Duncan Unions Suite 780
West Donald, CO 99549",Holtside,nmonroe@example.com,76102
387026,Ms. Crystal Meyer,"Rogers, Rodriguez and Martin","9618 Acosta Parkway
Phammouth, TN 37473",Sanchezland,larry23@example.net,85298
387027,William Brown,"Buchanan, Farmer and Johnston","54087 Robert Mission Apt. 612
Courtneyborough, OH 44627",Lake Hollystad,joshua08@example.com,139431
387028,Robert Miller,Barrera-Berry,"47297 Sara Extensions
East Angela, NC 17777",Jamesport,sgoodman@example.com,60921
387029,Kevin Kirby,"Miles, Mccarthy and Baker","06795 Haynes Mission Apt. 352
Port Jeremybury, LA 54824",Wardshire,jasonherrera@example.net,72261
387030,Katherine Lopez,Hart Inc,"744 Rodney Ridges
Lake Kevinville, NH 74241",Lake Franciscofurt,clarkolivia@example.net,117187
387031,Nancy Richardson,Moran-Cox,"7148 Smith Grove Suite 410
Georgehaven, LA 05197",West Stephanieville,eric43@example.com,136297
387032,Erica Martinez,"Brooks, Tucker and Thompson","4141 Robinson Garden
Ellenton, DC 66709",North Angelica,gravestricia@example.org,134677
387033,James Williams,"Moss, Robinson and Reeves","260 Williams Drives
New Jared, NC 80911",Port Michael,hrussell@example.com,131869
387034,Bryan Young,"Campos, Rodgers and Brown","93516 Johnson Field Apt. 793
Keithfurt, AK 48323",Lindashire,glen72@example.net,68409
387035,Shannon Holt,Wood Ltd,"55699 James Ways
Clarkshire, KY 92552",East Joshua,tkent@example.com,120621
387036,Samantha Aguilar,Mcbride-Bell,"24499 Myers Court
Port William, VI 39020",New Scottfort,jdavis@example.net,104982
387037,Donald Kelly,Anderson-Hanson,"424 Thomas Lock
Rodriguezmouth, MP 40460",West Johnbury,xclark@example.com,101895
387038,Jimmy Long,Thompson LLC,"784 Davidson Pines
Garrettborough, NM 59879",Port Kyle,curtisdavid@example.org,133987
387039,Julia Johns,"Lewis, Harvey and Andrews","836 Aguirre Springs
Hurstmouth, TX 16659",West Theresa,kathleen16@example.net,176007
387040,Matthew Thompson,Smith-Valdez,"USCGC Wright
FPO AP 44731",North Steven,mooncarrie@example.org,168816
387041,Jeffrey Dodson,Wilson-Michael,"046 David Unions Suite 210
West Cynthiamouth, VA 79248",North Jasonbury,jacquelineclay@example.net,119812
387042,Laura Roman,Brock and Sons,"2460 Natalie Cove Apt. 442
Aguilarbury, OR 27641",Lake Casey,mark10@example.net,97895
387043,Amanda Beard,Holmes PLC,"7804 Bowman Road
Port Ericmouth, FL 54439",West Justinburgh,robertlevine@example.org,87970
387044,Nancy Calderon,Brown-Moreno,"8979 Christian Centers Apt. 930
East Jacobberg, OR 98448",South Kevin,yeseniarodriguez@example.com,140130
387045,Jesse Baker,Gray-Elliott,"342 Kimberly Island Apt. 000
West Crystalland, MI 00809",Ramostown,fitzgeraldleslie@example.com,150394
387046,Christopher Gill,Schmitt-Burns,"0779 Matthew Forges Suite 628
East Anthony, NV 30016",Browningbury,melissa28@example.net,198004
387047,Jennifer Gordon,Jensen Ltd,"149 Miller Underpass
West Matthew, MP 29694",Rodriguezside,sarahhooper@example.org,106692
387048,Shannon Reyes,Davis Group,"91885 Goodwin Pines Suite 499
East Melissa, WV 85406",Herbertchester,ramseykelly@example.com,182262
387049,Stephanie Wilson,Brown Ltd,"78259 Goodman Fall Suite 629
Johnsonborough, MA 63924",Lorifort,carrollgabrielle@example.net,160339
387050,Michael Stewart,Daniel-Flores,"784 Garcia Trail
South Timothyburgh, AS 04463",New Jefferyhaven,uwalker@example.net,83102
387051,Kimberly Mendoza,Freeman-Garcia,"640 Tran Skyway
East Thomas, NC 01481",Fosterfurt,lisahill@example.com,60206
387052,Kristin Thompson,Wagner-White,"USNV Gutierrez
FPO AP 34312",Munozstad,josephpowers@example.org,77815
387053,Jose Moses,"Allen, Reid and Cohen","349 Baker Camp Apt. 623
Lake Cathy, MD 37585",East Ernest,bmeza@example.com,90615
387054,John Powell,Nelson-Jenkins,"887 Garcia Isle
Byrdstad, MA 06354",South Roberthaven,lopezandrew@example.com,108101
387055,Jessica Torres,Clay Inc,"0049 Natasha Drives Apt. 382
Lake Richard, KY 43396",North Aaron,qpowers@example.com,159621
387056,Chase Wallace,Guerrero-Acosta,"120 Jerry Court
New Denise, NM 35331",South Natalieton,jennifer99@example.com,96849
387057,Adam Maxwell,"Brewer, Johnson and Sullivan","1370 Peter Fall Apt. 052
Lake Roberttown, MA 34840",Patricialand,paynejeffrey@example.net,136050
387058,Matthew Becker,"Ferguson, Cummings and Taylor","PSC 8939, Box 5658
APO AA 54207",East Emmashire,tmorgan@example.org,124292
387059,Cody Rivera,Goodwin Ltd,"USNV Perez
FPO AA 54119",Port Amyport,martinjames@example.org,160911
387060,Lacey Martin,Miller Ltd,"6866 Thomas Mission Apt. 867
Moodyfurt, ME 39826",New Nathanchester,jamesjonathan@example.com,70533
387061,Sarah Jones,Rice Ltd,"21899 Timothy Underpass Apt. 438
Lake Valerie, IL 91313",Port Tracyborough,heather16@example.com,84165
387062,Kelly Mcintyre,Green-Mcdonald,"3352 Miller Avenue Apt. 294
Karenchester, CA 05566",Port April,patriciafrancis@example.net,87367
387063,Michael Washington,Horn Group,"019 Benjamin Creek Suite 328
Dawnville, WV 42029",Lisaport,johnsonrobert@example.net,121298
387064,Rebecca Gordon,"Morris, Kerr and Williams","41057 Gonzalez Valleys Suite 113
Samanthamouth, ID 84182",South Jason,djones@example.net,87705
387065,Kirk Ho,Paul-Larson,"065 Tina Point Suite 036
New Kristi, NE 97419",North Jamie,sanfordjennifer@example.com,63883
387066,Cathy Turner,"Peterson, Manning and Alexander","8137 Foley Ridge Suite 753
Billland, ME 53725",Port Mackenzie,arivas@example.com,122742
387067,David Taylor,"Jenkins, Willis and Young","198 Jennifer Summit Apt. 535
New Rebecca, DC 18816",New Stuart,cindycunningham@example.com,69982
387068,Lori Huff,Montgomery-Patterson,"Unit 7407 Box 9831
DPO AE 32305",Saraborough,charlespark@example.org,142275
387069,Mary Barker,"Hart, Mccarthy and Burns","3177 Tammy Haven Suite 693
South Andrewmouth, OR 33985",Julieborough,ljackson@example.org,106564
387070,David Parker,"Barnes, Mccall and Carpenter","402 Barnes Mall Suite 713
West Kristinaville, ME 74158",Davidville,sanderson@example.org,170805
387071,Jennifer Leonard,Thompson-Quinn,"729 Stacy Springs Suite 642
Port Catherinestad, OH 66820",Antonioshire,dellison@example.org,60314
387072,Elizabeth Walker,Thompson LLC,"270 Dorsey Knoll Suite 377
Smithmouth, NV 51173",New Corey,ncasey@example.org,145350
387073,Haley Burgess,Phillips-Hart,"03924 Wendy Groves
Lopezshire, ID 69455",South Christopherbury,zalexander@example.org,167072
387074,Kimberly Cook,Gonzalez-Jones,"06277 Pena Valleys
Erinstad, IL 28426",North Alyssaberg,kellysonya@example.com,166895
387075,Linda Schroeder,Garcia Ltd,"3838 Hunter Shores
South Danieltown, WI 81752",Marksshire,eric78@example.org,135906
387076,Brenda Rivera,Hill and Sons,"72889 Hernandez Plaza Suite 001
Lake Kristin, NE 69806",Walkerview,michael79@example.net,54293
387077,Deborah Thompson,"Dean, Berry and Bullock","90659 Reed Brook
Alexisport, MH 09941",Port Brendamouth,maxwellchristina@example.com,61128
387078,Gary Ritter,Vargas Ltd,"PSC 2926, Box 9233
APO AP 27304",Port Charlene,hopkinsbonnie@example.org,112285
387079,Mark Campbell,Simmons-Walker,"PSC 6738, Box 6863
APO AP 61418",Mayfurt,athompson@example.net,107432
387080,Gregory Williams,Williams LLC,"1398 Erin Summit Suite 897
Leetown, AZ 09115",Johnsonton,david21@example.org,183705
387081,Sean Warren,"Sanchez, Hughes and Reyes","4601 Jennifer Lock
West Sherryhaven, AS 23768",West Daniel,staylor@example.com,111049
387082,Mrs. Zoe Hensley,"Parker, Davis and Donaldson","1984 Cheryl Crest
Parkerbury, WV 81418",Waynetown,tammy03@example.net,105260
387083,Nicholas Brown,"Pennington, Bender and Johnson","81398 Potter Grove
Nealfort, NH 46312",Butlerside,ydeleon@example.org,125346
387084,Jeremy Underwood,Campbell-Zimmerman,"USNV Davis
FPO AP 07488",East Angela,kendra79@example.net,77359
387085,Danielle Garcia,"Villanueva, Khan and Murphy","9485 Kenneth Mill Suite 210
Thompsonmouth, OR 66166",New Gregoryhaven,gmccarthy@example.net,187199
387086,Evan Roberts,Davis and Sons,"9980 Austin Square Apt. 174
Bryanmouth, MS 01831",Rushport,gracelang@example.com,175176
387087,John Ho,"Phillips, Jackson and Foster","6574 Coleman Neck
Williamsonville, DE 47135",Laurenshire,erinwest@example.net,181910
387088,Elizabeth French,Turner Ltd,"975 Jamie Grove Suite 858
Deborahhaven, WY 51896",Jonathanport,marydudley@example.org,97903
387089,Cynthia Smith,Peterson and Sons,"3128 Snyder Lakes Apt. 718
South Zachary, PR 96682",Gibsonburgh,daniel86@example.net,96497
387090,Samantha Perez,Haney and Sons,"99607 Martinez Circle
East Courtneybury, HI 31542",Lake Shannonside,owensalexis@example.com,61508
387091,Amanda Bailey,"Macias, Garcia and Mendez","9894 Stephanie Forges
Lake Katie, ID 09439",Greenfort,cynthia92@example.net,54009
387092,Tina Middleton,Kim-Roy,"7102 Shaw Harbor Suite 449
Christinefurt, IN 63219",South Matthew,ashleybrowning@example.com,69803
387093,Andre Owens DVM,"Kelly, Cook and Baker","888 Gomez Hills Suite 985
Edwinland, SD 85764",West Williamshire,nburgess@example.org,197133
387094,Kyle Heath,Barnes Group,"37902 Sheppard Ridge Suite 142
Zamorashire, IN 33713",Watkinsland,terri47@example.net,183098
387095,April Sanders,Payne Ltd,"135 Tony Lane Apt. 639
Curtisborough, AR 79591",Aaronfurt,tammyayers@example.net,104879
387096,Nicole Stark,"Stevens, Edwards and Bridges","574 Bush Lodge
Jessicaton, TX 34987",New Christopherport,vking@example.org,138375
387097,Michael Parrish,"Brown, Evans and Franklin","114 Sarah Pass Apt. 338
Robertshire, VT 42709",West Jeremychester,christopher97@example.org,177427
387098,Greg Sparks,Lewis Group,"USCGC Clark
FPO AE 71680",Amberville,davisalbert@example.com,174592
387099,Alicia Pace,Malone Group,"9102 White Estates
East Cathy, OH 93430",West Logan,kaiserrachel@example.net,77654
387100,Melissa Bailey,"Howard, Chapman and Mitchell","538 Brittany Junction
Jennifershire, IL 52758",Myerstown,krasmussen@example.org,175964
387101,Debbie Jones,Mendoza-Valencia,"5146 Anderson Junctions
Boydburgh, AL 10803",North Tiffany,rjohnson@example.com,135025
387102,Julie Cooper,Jackson-Cruz,"42759 Todd Road Apt. 314
Morganbury, MA 49354",Paultown,jessicasharp@example.org,182963
387103,Amber Bates,"Richardson, Hammond and Cisneros","Unit 2332 Box 3806
DPO AA 21783",Snyderfurt,dalton73@example.com,187020
387104,Kristen Edwards,"Case, Ramsey and Walker","551 Carr Mountains
Leeside, PA 88509",New David,tom35@example.org,71473
387105,Dawn Ward,Zimmerman Group,"USNS Bryant
FPO AP 79756",Johnville,zjones@example.org,107736
387106,Jackie Taylor,Bailey-Benjamin,"USNS Costa
FPO AE 46011",New Anthonyburgh,mkane@example.net,61529
387107,Cody Cruz,Figueroa-Foley,"876 Andrew Inlet Suite 116
Jenniferhaven, PA 91714",West Rachelfort,hbuchanan@example.com,67455
387108,Andrew Anderson,Reeves-Rodriguez,"2951 Rogers Shore Apt. 342
New Steven, WV 79430",Jamesport,christopherhunt@example.org,165142
387109,Katelyn Garcia,"Mccullough, Bowen and Salazar","3139 Michelle Turnpike
East Victoria, PR 21169",Mariefurt,xharrington@example.org,136660
387110,April Martinez,"Ramirez, Oneal and Banks","285 Stewart Springs
West Rickyside, TX 24502",Normastad,cheryl27@example.net,135389
387111,Tammie Gonzalez,"Valentine, Smith and Little","59335 Crystal Spring Suite 817
Heathchester, AZ 48973",Lake Jeremyhaven,robertskimberly@example.org,61206
387112,William Delgado,Barker Group,"PSC 1970, Box 0203
APO AA 15616",New Margaret,benjaminyoung@example.org,67605
387113,Matthew Nguyen,Glover Ltd,"327 Potter Extension
Roblesfort, KY 42117",South Veronicachester,bvega@example.com,127908
387114,Valerie Snow,Green-Parker,"261 Smith Throughway Apt. 808
Mitchellmouth, PA 33542",Alexandermouth,jesus37@example.net,89373
387115,Michael Montgomery,Tucker Inc,"26249 Scott Light
Nunezfort, WA 08973",East Miranda,hardycolleen@example.net,124408
387116,Vickie Mcdonald,"Parker, Gonzalez and Gonzalez","835 Alexander Street Suite 005
Ritterberg, NY 08144",Lake Chelseamouth,ydavis@example.net,65131
387117,Perry Bailey,Warner-James,"903 Jessica View Apt. 279
Thompsonmouth, AZ 37294",East Coreyshire,tkim@example.org,188307
387118,Nicholas Brown,"Jones, Miller and Dixon","51608 Wesley Meadows Suite 125
Duffyport, MD 62796",Heidiland,blakejason@example.net,115157
387119,Thomas Mitchell,"Holmes, Adkins and Kim","8172 Chelsea Stravenue
Levineville, LA 76417",Rosariohaven,campbelleric@example.org,101814
387120,Tara Coleman,"Lee, Silva and Johnson","Unit 1882 Box 8140
DPO AE 45065",South Johnathantown,julie52@example.org,165636
387121,Jodi Hoover,"Davis, Hall and Evans","7618 Wendy Mountain Apt. 609
Charlenefurt, DC 14184",Saraside,hking@example.com,116538
387122,Steven Williams,"Rangel, Payne and Morgan","01542 Lori Village
South Samantha, NH 60403",Coreyport,sydney34@example.net,136053
387123,Vincent Vasquez,"Buck, Weber and Mack","46058 Evans Mountain
Garyfort, DC 82518",New Misty,fmcclure@example.com,72257
387124,Sheri Taylor,Price Ltd,"905 Andrea Circle
East Sarah, PW 95650",Lake Amanda,brett59@example.com,138161
387125,Angelica Crane,"Whitney, Butler and Nunez","323 Banks Prairie
Clarkmouth, MP 75718",Port Kristinbury,cookelijah@example.net,50302
3