e 758
North Jennifershire, WI 53652",South Paulaside,richardtaylor@example.com,178023
95024,Jacob Lee,"Gonzalez, Jones and Coleman","764 Tiffany Row
Scottfort, MT 93538",East Shawnfort,monicawoods@example.com,167814
95025,Cole Bowman,Morales Inc,"645 Smith Port
West Michael, PW 70777",West Mark,ohill@example.net,63945
95026,Eric Sweeney,Cole-Sanders,"62567 Wheeler Land Apt. 514
South Sharonmouth, MT 25788",South Courtney,robertsvictor@example.org,191199
95027,Darrell Graham,"Mccann, Stephens and Morris","9189 Larson Vista Suite 148
East Jamesmouth, WA 16091",Pamelaburgh,xmclaughlin@example.org,98463
95028,Denise Rivera,"Neal, Dixon and Maldonado","493 Rhonda Rapid Apt. 571
East Barbara, GA 99289",Jeffreymouth,ysullivan@example.org,183089
95029,Brandon Chandler,"Walters, Yoder and Gray","0242 Cory Street Apt. 587
Cobbtown, NE 36911",Lake Roberttown,john12@example.org,88684
95030,Michelle Smith,Smith-Erickson,"PSC 7969, Box 6703
APO AE 63044",South Virginiaberg,grantbaird@example.com,185808
95031,Joseph Clarke,Kirk-Page,"89995 Cortez Pine
West Matthew, OH 19459",Travismouth,bestrada@example.net,67955
95032,John Maxwell,Hutchinson-Johnson,"3286 Snyder Roads Apt. 095
Nicoleberg, VA 02102",Jamesview,shannongonzales@example.org,62692
95033,Zachary Hamilton,Thompson Inc,"297 Smith Overpass
Jasminebury, PA 23966",Brittanyborough,lisaanderson@example.net,157646
95034,Julie Lin,Bush-Tanner,"11451 Morgan Mount
East Stephenfurt, PW 80113",Morenoside,cookjohn@example.com,57127
95035,Ryan Mendez,"Perry, Tran and Gordon","PSC 3402, Box 6055
APO AE 25851",Alexanderland,cathymiller@example.org,195843
95036,Tony Tucker,"Tanner, Hunter and Osborn","93286 Kevin Mission
West Heatherton, GU 62813",Smithmouth,kathrynsanders@example.org,178875
95037,Susan Benson,"Flores, Hobbs and Watson","07369 Aguilar Creek Suite 768
North Martin, MP 43501",Lake Elizabeth,thomas96@example.com,158878
95038,Curtis Anderson,Scott-Jones,"6627 Dominguez Harbors
Swansonberg, FL 21314",North Brian,melindanguyen@example.org,66230
95039,Jacqueline Harris,"Flores, Rasmussen and Small","069 Anthony Ramp
Juarezborough, AS 29086",New Jeffrey,amandahenry@example.org,103622
95040,Richard Pitts,Rowe-Clark,"096 Caleb Junction Suite 987
Port Andrew, WY 71081",South Ronnie,kimberly32@example.net,170393
95041,Brett Sanchez,Garcia Ltd,"38481 Margaret Brooks
Seanfurt, WI 75778",Charlottetown,ybennett@example.com,135485
95042,Dominique Compton,Rivers-Smith,"477 Ruben Junction Apt. 417
Kingmouth, RI 69295",Dylanmouth,michael18@example.org,146128
95043,Christopher Bennett,Pham and Sons,"83866 Yang Heights
North Vanessaland, ME 85612",West Curtis,samantha32@example.org,61992
95044,Jessica Herrera,Johnson Inc,"PSC 0594, Box 5599
APO AP 71693",Hayesport,lisagrant@example.org,122283
95045,Samantha Crawford,Neal Ltd,"USCGC Richard
FPO AA 37168",Martinmouth,uhubbard@example.com,125238
95046,Brenda Hall,"Velez, Briggs and Welch","92017 Valencia Path Suite 085
East Michelle, GA 61576",South Elizabethborough,crichard@example.com,135587
95047,Catherine Holmes,Brooks-Brown,"7776 Hardin Crossroad Apt. 410
East Francis, NV 97393",Saraberg,ryankenneth@example.org,86090
95048,Erica Ramirez,"Mcintyre, Nash and Gonzales","3873 Amy Estates
East Felicia, IA 70204",Robinsonborough,mgarcia@example.com,111760
95049,Carrie Schmidt,Carroll Inc,"829 Brittany Squares Suite 288
Owenschester, AS 67347",South Mark,pfitzgerald@example.net,111395
95050,Jennifer Lozano,Davies-Gill,"90562 Frey Dam
East Anthonychester, DE 94000",Nelsonchester,yeseniamorales@example.com,83897
95051,Michael Rice,"Olsen, Martin and Sims","44677 Nichols Burg
New Eric, VA 80799",Lake Eric,lucasbrewer@example.org,145661
95052,Cynthia Lewis,Reed Group,"503 Deborah Spring Suite 714
West Danielview, WI 92729",Katieborough,kathy20@example.org,94160
95053,Margaret Bird,Olsen Group,"USCGC Becker
FPO AP 07027",Russellfurt,shane68@example.net,74458
95054,Patricia Jones,"Fritz, Hardy and Greene","Unit 0011 Box 1951
DPO AP 00964",South Paulberg,wlindsey@example.com,71266
95055,Alicia Evans,Smith and Sons,"51931 Scott Mountains Apt. 749
Jasonburgh, MT 92236",Travisbury,walkerstanley@example.net,158891
95056,Meagan Parsons,Vaughan-Bell,"2881 Perry Ford Apt. 747
Michellefort, FL 11338",Nelsonview,pmiller@example.net,151970
95057,Scott Porter,Coleman and Sons,"68151 Joshua Lake
Julieville, WI 58448",North Justinland,elizabeth38@example.org,130846
95058,Jacqueline Copeland,Franklin-Saunders,"043 Melissa Squares Suite 107
South Crystalmouth, ID 89984",Watsonbury,danielchristopher@example.net,174648
95059,Eugene Klein,"Lindsey, Collier and Mitchell","15798 Jones Inlet Apt. 132
Guzmanland, PR 08701",Stephaniestad,anguyen@example.net,135641
95060,Christopher Jordan,King and Sons,"30303 Cox Shore Apt. 874
Harringtonberg, AK 80831",New Nicole,lopezkristen@example.net,81854
95061,Jesus Cooper,Pena-Ellis,"30559 Alvarado Square
New Caleb, SC 67657",Wardfort,harperrachel@example.net,75693
95062,Brett Welch,Wagner-Daniel,"879 Price Manor Apt. 391
Dianaborough, MA 10669",Millermouth,ubaker@example.net,157319
95063,Jonathan Boyle,Hernandez Inc,"6538 Alexis Run
North Savannahton, NY 89100",Carlyhaven,molly16@example.com,74856
95064,Jason Burnett,Hale-Johnson,"67143 Oneal Estate Suite 224
South Kimberly, IL 08660",Savannahfurt,martinezdon@example.org,172901
95065,Julie Montgomery,"Miranda, Bradley and Bass","158 Davis Rapid
Leefort, VA 46251",Juliaside,kevinporter@example.com,174215
95066,Roberto Alexander,Conrad Ltd,"4706 Gay Curve Suite 005
Lake Eric, ID 50056",Lisaville,josebrown@example.net,185783
95067,Duane Davis,Jones-Tucker,"30184 Lori Path
Miguelbury, KS 73675",Lake Richardberg,lesliedavis@example.net,143805
95068,Felicia Zhang,Smith-Mcgee,"7576 Wright Dale Apt. 899
Jenniferborough, MO 73691",Annafurt,kelly27@example.org,122450
95069,Timothy Mcintyre,"Burton, Hebert and Simpson","5688 Ellis Street
South Amy, NH 48239",Port Todd,ashley00@example.net,159477
95070,Cody Ford,Stevens-Moreno,"37900 Vaughan Road Suite 675
Davilahaven, AK 96363",Washingtonside,hfox@example.net,114342
95071,Reginald Moreno,Powell PLC,"Unit 1074 Box 6148
DPO AE 45594",North Holly,steven82@example.net,127562
95072,Cindy Torres,Miller-Garcia,"8174 Ramirez Trace
Alexisland, VT 64018",South Davidland,samantha85@example.com,157464
95073,Timothy Sharp,"Johnson, Armstrong and Henry","21917 Bernard Fall Apt. 532
Michaelberg, SD 10420",Port Robert,emily48@example.org,142922
95074,Michelle Martinez,Johnson-Fisher,"Unit 2324 Box 0727
DPO AP 42597",North Breanna,mark23@example.net,67894
95075,Jennifer Cherry DVM,Brown-Patton,"PSC 5289, Box 1630
APO AE 53956",New Thomasstad,zreese@example.net,174522
95076,Sergio Reynolds,"Mcdowell, Le and Torres","3532 Moran Lake Suite 204
South Andreabury, KY 69662",Anthonyton,sampsonmichael@example.com,189199
95077,Erik Braun,Moore-Williams,"253 Cobb Trafficway
West Debbieland, CO 51477",East Stanleyside,blakenicole@example.net,95363
95078,Nicole Love,Hammond-Becker,"55647 Matthew Drives Suite 334
Donaldville, MT 02487",Donnaville,christy41@example.com,83054
95079,Albert Tapia,Gamble Group,"91096 Oneill Circle
Obrienland, ME 05605",Sarahville,malonescott@example.org,118964
95080,Jennifer Evans,"Byrd, Nichols and Jones","1624 Michelle Crossroad Suite 535
Larryfurt, MS 54510",Rachelmouth,patriciacontreras@example.net,86052
95081,Casey Thomas,"Powers, Simpson and Weaver","PSC 3088, Box 9572
APO AE 33487",East Joyceburgh,dserrano@example.net,155912
95082,Jose Perez,Perez Group,"82483 Jeffrey Cape
Henryside, VT 16044",New Michaelfurt,jacobfoster@example.com,186610
95083,Bradley Nguyen,Kim-King,"76649 Anthony Branch
South Williamville, ND 51629",South Daveshire,tmalone@example.org,195781
95084,Justin Baker,Gates LLC,"51211 Dean Bypass Apt. 726
Dominguezchester, PR 21917",Alexanderburgh,dunnchris@example.org,164805
95085,Shannon Johnson,Garcia Inc,"0277 Stacey Vista
Heatherborough, ME 09148",West Jamie,stanleyjuan@example.com,172296
95086,Anna Santiago,White LLC,"53219 James Stravenue Suite 374
Jamesshire, GU 87163",Andreabury,paulsmith@example.org,118551
95087,Joseph Hall,"Greene, Shepherd and Morris","18544 Smith Manor
Annetteberg, DC 74348",Teresahaven,tonypatrick@example.org,90287
95088,Breanna Hernandez,Manning and Sons,"799 Clark Haven Apt. 397
South Alan, SD 12246",Summermouth,catherinehodges@example.net,57132
95089,Tyler Bryant,Carr Ltd,"59382 Edward Forest Suite 800
Villaburgh, PA 01815",New Christopher,cheryl87@example.net,194723
95090,David Carter,Whitehead Ltd,"752 Peter Ford
Port Brian, NM 05766",New Terriview,carrjanet@example.net,188362
95091,Colleen Robinson,Williams-Hawkins,"USS Davis
FPO AA 55093",Port Tammy,rlynch@example.net,131685
95092,Catherine Cobb,Martinez-Sanchez,"70612 Thomas Street
Lewishaven, GA 58657",Guzmanborough,arnoldpatrick@example.net,176775
95093,Stephanie Lopez,Rose LLC,"8290 Johnson Pines
Davidmouth, DC 80817",Port Christianland,joshuadiaz@example.com,106766
95094,Scott Ball,"Mendoza, Ray and Campbell","430 Debbie Camp
Edwardside, GU 01112",Port Jennifer,jeffreysmith@example.com,188712
95095,Dr. Justin Lewis,Jones-Farley,"409 Leonard Parkway Apt. 962
Piercetown, TX 47630",Susanfort,rgonzales@example.org,51808
95096,Patrick Peterson,"Oneill, Shaw and Odonnell","Unit 2000 Box 4269
DPO AP 03205",Rogerschester,taylorlopez@example.com,166248
95097,Kathleen Travis,Montgomery-Brown,"5563 Mendez Rest Apt. 069
Lake Katie, VA 93556",Kellyview,sarah46@example.com,145745
95098,Robert King,"Gilbert, Smith and Nielsen","74008 Jason Mall Suite 737
Port Bradleyborough, OK 25753",New Jason,jonathanmendoza@example.com,91190
95099,Laura Chambers,Turner-Taylor,"732 Brandy Union Apt. 294
New Vickie, AS 59346",Brianaville,jonestodd@example.net,113360
95100,Shannon Edwards,"Davis, Gonzalez and Gould","99799 Levi Pass
Melindabury, TN 52280",Blakeview,james85@example.net,97428
95101,Victoria Thomas,"Shaw, Wilson and Smith","61336 Angela Islands Apt. 120
Lamshire, DC 03173",East Carolynstad,iyates@example.com,158122
95102,Jeffery Lutz,Washington Group,"211 Molina Rapid
Kurttown, NH 66794",West Emmaview,mary51@example.net,101034
95103,Jennifer Moore,Diaz PLC,"Unit 8064 Box 1635
DPO AE 76812",East Derekville,markherrera@example.org,192968
95104,Ronald Hoover,"Rojas, Jensen and Cox","8737 Laura Overpass Apt. 726
New Kimberly, AL 49979",South David,tina85@example.com,111677
95105,Julia Barr,"Gutierrez, Salazar and Cooper","744 Christopher Bridge
East Gregory, GU 52447",East Richardton,jwilliams@example.net,120146
95106,Holly Cardenas,Smith-Frazier,"102 Joseph Extension Suite 678
Port Kathrynchester, VA 28219",West Amy,williamscrystal@example.com,101844
95107,Amy Green,Bennett-Hernandez,"0583 Banks Fall
West Jesseport, NC 85409",Stephenfort,sandra08@example.net,103207
95108,Charles Romero,"Hammond, Jones and Faulkner","9668 Justin Highway
New Roger, GU 47696",Danamouth,arodriguez@example.org,131397
95109,Tyler Rodriguez,Merritt-Mccarthy,"51996 James Locks
West James, VI 82771",Staceyborough,kim67@example.com,163195
95110,Dawn Long,Barnes-Jackson,"439 Glenn Forks
Natashaland, TX 12997",Hunterville,patrickgeorge@example.org,106729
95111,James Rangel,"Hardy, Bates and Schultz","247 Downs Valley Apt. 741
New Rebeccaberg, NC 67464",Port Michelle,margaretmyers@example.net,166539
95112,Karen Robbins,Hunt-Parker,"765 Joyce Green
Robertport, NY 40859",West Joshua,dosborne@example.org,56208
95113,Dana Wong,Jenkins PLC,"541 Smith Lakes
South Jeanetteland, GU 78363",Monroeview,bennettjoseph@example.com,135237
95114,Valerie Delacruz,"Carey, Smith and Jimenez","Unit 8203 Box 4172
DPO AA 82093",Dianeport,lwoodard@example.com,101703
95115,Mrs. Jaclyn Garrison,Schaefer-Carpenter,"25994 Ward Rue Suite 677
Robertfurt, KY 32740",East Jennifer,wrodgers@example.com,128070
95116,Jodi Rowe,"Hunt, Grimes and Johnson","70379 Jennifer Prairie Apt. 971
Lake Joyberg, OR 94058",Hillton,robert56@example.com,155948
95117,Amanda Livingston,"Jones, Cline and Bryant","78034 Glenda Flats Suite 941
North Manuelmouth, UT 60762",East Kaylaland,jmercer@example.com,184716
95118,Shelby Hancock,Wood-Rivera,"811 Tiffany Stravenue Apt. 144
Ramirezville, TN 38051",Jamesport,adrian58@example.net,178422
95119,Amy Fischer,"Romero, Fisher and George","094 Berg Parks
Lake Seth, MN 56486",Reynoldsstad,johnblackwell@example.com,137105
95120,Erik Mcgrath,Peters-Haynes,"515 Alexis Village
East Marc, NJ 04241",Port Nancy,lgomez@example.net,109532
95121,Amy Roberts,"Jones, Walls and Martin","5595 Young Unions
South Lawrence, IA 70250",Carlamouth,kevinclark@example.org,77455
95122,Carmen Sanchez,Carrillo and Sons,"7512 Oconnell Parkway
North Michaelmouth, RI 09955",Kelseyside,dawnmiller@example.net,135888
95123,Charles Estes,"Weaver, Simpson and Cobb","2184 Raymond Gateway
Port Josefurt, HI 15557",Robertburgh,john99@example.net,195312
95124,Rachel Meyer,Gonzales-Sanchez,"58046 Heidi Wall
North Robertland, PR 81884",Mollyborough,xmcguire@example.com,125952
95125,Meghan King,Vasquez-Vasquez,"8277 Katherine Pike
Rojaschester, OK 91302",Millerchester,qedwards@example.com,118916
95126,Justin Fuentes,Manning and Sons,"3485 Jody Glen
Hayesbury, IA 61684",South April,pwagner@example.net,123826
95127,Victor Brown,Gardner-Scott,"8014 Powers Creek
Burtonchester, VI 54496",Christineview,rnichols@example.com,123764
95128,Scott Potter,"Watkins, Phillips and Lowe","5391 Barker Spur
West Christopher, MO 84284",Santosburgh,john90@example.org,67964
95129,Lisa Hall,"Cummings, Sullivan and Grant","4437 Angela Lights Suite 734
Kellyport, RI 52696",Barbaraberg,bobby32@example.org,121389
95130,John Krause,"Hayes, Terry and Clark","04103 Jennifer Parkway Apt. 517
Ryanfurt, NY 59240",Sarahmouth,allenchristine@example.org,143066
95131,Patricia Haas,Norman LLC,"USNS Brown
FPO AP 27301",Randallton,tedwards@example.com,160078
95132,Wendy Rodriguez,Harris Inc,"473 Cook Unions
New Chadberg, GA 61214",South William,karenmacias@example.org,107968
95133,Larry Gonzales,Weber LLC,"USS Friedman
FPO AA 48711",South Mathew,sierrapetersen@example.net,182172
95134,Joshua Marshall,Solis Ltd,"48030 Hopkins Ways Apt. 628
Markton, PA 37406",North Johnview,heather71@example.com,138963
95135,Joseph Shelton,Odonnell LLC,"281 Cameron Common Suite 147
Robertborough, HI 84962",Duffyborough,sarah52@example.net,74024
95136,Bruce Curry,Baldwin-Harris,"152 Courtney Pike Suite 741
Port Aliciaside, RI 97101",Richardsonville,dominiquehardy@example.org,98732
95137,Marissa Baker,Bender Inc,"7656 Rodriguez Mission
Jacobland, MH 55436",East Jamesland,jonesnicole@example.com,51463
95138,Kelli Young,Reed Group,"729 Emily Crescent Apt. 617
Lake Heidi, WY 08660",Gilmorefurt,dparks@example.com,181901
95139,Brandon Schaefer,"Smith, May and Martinez","3378 Martinez Pike Apt. 157
South Tracybury, NV 27755",Brownton,louis42@example.net,184511
95140,Stephen West,Wilson-Blanchard,"Unit 9763 Box 4279
DPO AA 85849",Jennifertown,bmontoya@example.net,192834
95141,Darryl Mendoza,"Jones, Lawson and Bradshaw","3647 Mitchell Mills Suite 480
North Kirk, NY 96648",Charlesport,cmiddleton@example.net,73878
95142,Jennifer Clark,Chapman Ltd,"77047 Matthew Pines
South Patricia, AZ 76969",Lake Christopherport,markjenkins@example.com,109459
95143,Jack Burch,"Krause, Romero and Garcia","61741 Cook Highway
Annaville, FM 83155",North Dylan,gwendolyn94@example.com,90178
95144,Theresa Murray,Thomas-Bryant,"99511 Alan Station
Lake Matthewbury, AZ 54223",Macdonaldshire,pguerra@example.com,65738
95145,Susan Jones,"Harris, Walker and Williams","375 White Village Suite 271
East Danielland, SC 46152",Shannonville,athompson@example.org,168753
95146,Mary Drake,"Summers, Payne and Palmer","PSC 9995, Box 9870
APO AA 74229",Michaelmouth,kimberlylong@example.org,75634
95147,Nancy Jones,"Wright, Shelton and Small","3229 Brenda Alley Suite 456
Tylerland, SC 20995",West Nicholas,tracy18@example.com,161695
95148,Christian Ramos,Huff-Thompson,"80465 Steven Course Apt. 736
Staceymouth, CA 86156",Deborahville,rosebianca@example.org,116875
95149,Susan Wallace,"Stone, Murphy and Chapman","95221 Bell Squares Suite 866
Bennettland, MP 20682",Burkeland,mark49@example.net,124574
95150,Jamie Edwards,Anderson-Payne,"367 Mary Vista
North Stephanieborough, GU 39108",West Vincent,kennethmarks@example.net,137221
95151,Melissa Perez,Tyler Group,"437 Christopher Squa