and Malone","19496 Cindy Groves
Hoffmanberg, MT 38391",West Jason,keith25@example.com,61077
108948,Daniel Santos,Martinez Group,"742 Leah Union Suite 947
Elizabethburgh, GU 34806",North Hannahmouth,brooke54@example.net,195048
108949,John Moore,Jones-Johnson,"5093 Morgan Rest
West Cherylmouth, SD 25990",Kellyland,robertsmary@example.org,168012
108950,Kristen Flowers,Pacheco-Gray,"73996 Melissa Squares
Nicolemouth, MH 99783",Cynthiafurt,chadellison@example.com,51009
108951,Crystal Rogers,Clark Ltd,"1659 Marshall Throughway Suite 535
Taylorville, MH 71651",Randychester,drodriguez@example.net,71494
108952,Timothy Hernandez,"Vazquez, Cherry and Wang","849 William Loop Suite 890
Brownfort, PW 84372",West Christopher,jennabrown@example.com,67232
108953,Anthony Wright,Rhodes-Webb,"49584 Brian Valleys Suite 406
New Andrewmouth, NE 36925",Andreafort,daltonsamantha@example.net,194938
108954,Jessica Brandt,Herrera PLC,"1490 Pearson Isle
Powellbury, VA 16890",North Denise,joannasavage@example.org,67609
108955,Dan Gates,"Richard, Andrews and Davis","68747 Olson Bridge Suite 753
Rodgersport, NH 90643",Lindseyton,joseph13@example.net,90035
108956,Brandon James DDS,Miller Inc,"1074 Spencer Station Suite 467
Alexisview, VT 96865",Sarafort,danieltaylor@example.org,123012
108957,Brittany Kelly,"Wilkerson, Stephenson and Armstrong","539 Harvey Pine Suite 625
Brownmouth, TX 65914",Barkerhaven,jonathan78@example.com,163044
108958,Brianna Perry,Martin LLC,"8802 Garrett Green
Sergioview, RI 64842",New Allisonstad,mcclainjill@example.net,177924
108959,Aaron Brown,Carson-Yoder,"81125 Payne Circles
Port Nathaniel, CO 40647",Escobarchester,seth05@example.org,119353
108960,Diane Manning,"Scott, Johnson and Green","6360 Wolfe Cliff
Andrewhaven, NV 49430",Port Juliamouth,tarashepherd@example.com,82069
108961,Patricia Dominguez,Galvan-Smith,"PSC 4648, Box 6699
APO AA 90515",West Nancyside,vfisher@example.com,124085
108962,Darin Franklin,May-Kim,"60413 Nicholas Shoals
Rowetown, SC 84925",Davidfurt,leah95@example.com,196520
108963,Adriana Lane,Campbell LLC,"386 Underwood Spur Apt. 182
Taylorville, VI 48750",Lake Justinborough,ghampton@example.net,117333
108964,David Rivera,Wells LLC,"0002 Jason Meadow Apt. 246
New Katherine, MI 64329",Lake David,johnhuffman@example.com,127561
108965,Melissa Kidd,"Brown, Sims and Williams","85954 Durham Plains Apt. 784
Micheleport, MS 01340",Tammyview,colemandavid@example.com,81560
108966,Theodore Sanchez,Garza-Baker,"21732 Wilson Forge
Aaronburgh, MN 72606",East Danielberg,aaronjones@example.org,109103
108967,Marie Watts,Lambert-Owens,"85606 Lucero Court
New Glennmouth, CA 07773",South Rebecca,wrivera@example.com,89910
108968,Sandra Davis,"Barrett, Rocha and Lewis","1557 Paul Vista
West Andrew, NY 22211",Robertville,lee49@example.net,103275
108969,Stacy Flores,Brown-Johnson,"524 Brian Causeway Suite 609
North Davidborough, VT 57815",Stevenburgh,flowersjonathan@example.org,176119
108970,Tamara Bennett,Payne and Sons,"38642 Sanchez Ways
Kendraview, AS 35051",Gallegosburgh,timmartin@example.org,68415
108971,Jennifer Arnold,Nash-Wilson,"379 Owen Fords
Lake Davidfurt, NH 37209",Hornville,whitechristopher@example.com,118616
108972,Wendy Taylor,May-Brennan,"856 Davis Plain
Brownville, WA 08166",Port John,tdaniels@example.com,146227
108973,Jon Gonzalez,Taylor PLC,"5884 Andres Flat Suite 328
Crystaltown, UT 67344",Joyland,amber01@example.net,95119
108974,Christina Berry,Moore-Moore,"031 Brianna Ville
Mcdonaldbury, PA 47706",Deborahberg,julie62@example.org,60726
108975,Laura Williams,"Cox, King and Perkins","0997 William Light
Wheelerville, ID 78998",Jeffreyland,natasha59@example.net,195294
108976,Robert Finley,Smith-Simpson,"268 Emily Forks Suite 072
Williamston, MP 91586",Jonesmouth,fosteramy@example.com,61229
108977,Aaron Levy,Moreno Ltd,"USCGC Adams
FPO AP 40824",Triciaborough,paul32@example.org,199430
108978,Kimberly Mack,Stokes LLC,"PSC 0276, Box 8756
APO AA 67361",Alvaradomouth,tracigates@example.com,101807
108979,Mr. Anthony Duarte,"Huynh, Ramirez and Sandoval","1898 Martinez Crescent
East Anne, FL 81943",Bradleytown,muellerjohn@example.org,166362
108980,Douglas Murphy,Montgomery-Walsh,"691 Shelley Greens
New Hannah, MN 03145",Patriciahaven,vanessa13@example.com,104335
108981,Cole Leblanc,Simmons Group,"5687 Victoria Fords
Lauraport, WV 51699",South Cynthiaview,jacobsjames@example.org,156637
108982,Daniel Arias,Lee PLC,"3570 Henderson Meadows Apt. 373
West Lori, IL 90362",North Crystal,anthony09@example.org,170923
108983,Danielle Klein,"Pugh, Fuentes and Sanchez","753 Timothy Oval
Walkerland, MA 32870",East Michelleton,christytaylor@example.org,143609
108984,Maria Knight,Butler and Sons,"11604 Bell Wells
Chanchester, WA 33241",Justinmouth,clayjames@example.net,100520
108985,Susan Keith,Evans Group,"01922 Linda Alley Suite 622
Andrewchester, WA 94093",Patriciaborough,keithbass@example.org,142955
108986,Brittany Thomas,Cline PLC,"552 Anthony Summit Suite 227
Aguilarmouth, SD 29114",Whiteville,makayla05@example.org,79195
108987,Tamara Smith,Alvarez-Swanson,"45043 Richards Oval
New Kelly, MN 52397",Dawnhaven,amberbernard@example.org,137326
108988,Alicia Potter,Tran Ltd,"Unit 5350 Box 5486
DPO AA 87965",Hallburgh,qsandoval@example.net,116208
108989,Clinton Alvarez,"Murphy, Smith and Walsh","53998 Selena Trace
Robinsonton, AR 13440",West Anthonyside,kevingarcia@example.net,112622
108990,Matthew Clay,Shah Group,"16717 Walton Keys Suite 936
Cortezside, PA 26720",Rossville,eflores@example.org,91677
108991,William Miller,Bennett PLC,"PSC 4210, Box 2259
APO AP 15683",Allisonshire,nicole71@example.org,77200
108992,Crystal Taylor,Chung-Edwards,"9993 Jones Brooks Suite 139
Edwardsside, GU 05723",Jimmyshire,arthurromero@example.org,121574
108993,Emily Davis,Walters and Sons,"08885 Ronald Route Suite 622
Lake Rachelport, MA 68291",Susanside,mhorton@example.org,64712
108994,Joseph Johnson,"Dean, Grant and Vang","0765 Escobar Manor Suite 690
Lake Andrealand, KS 91481",Olsonton,matthew45@example.com,153404
108995,Emily Manning,Castillo-Jones,"34585 William Summit Apt. 231
Conwaybury, DC 64118",Zacharyfurt,carloshampton@example.net,154636
108996,Kelsey Maxwell,Parker Inc,"1596 Hernandez Corner Apt. 894
Forbeshaven, WY 43700",Katherineton,piercehailey@example.net,101383
108997,Shannon Ali,"Thompson, Cook and Barker","30063 Heather Parkway
Fowlerland, MH 91046",West Susanbury,hughesrussell@example.com,127211
108998,Cassidy Bates,Wilson Ltd,"654 Michelle Centers
West Andrea, NE 67249",South James,wkim@example.org,112781
108999,Ryan Mcdonald,"English, Wilcox and Rivera","28102 Mills Path
Lisaland, TN 82766",Port Jamesbury,ryandavidson@example.org,159962
109000,George Johnson,"Smith, Koch and Cross","04642 Scott Corner
Sandramouth, IN 58925",Lake Jason,nguzman@example.net,128190
109001,Jeffrey Morrison,"Nelson, Cisneros and Martin","18471 Luna Mews Suite 836
Piercemouth, SD 98828",East Brandonfort,jeffrey70@example.com,144027
109002,Amy Banks,Griffin-Harrison,"36029 Andre Ridge
Megantown, MI 44879",New Jennaside,powersheather@example.com,187594
109003,Brandon Scott,Stephens Ltd,"225 Cameron Garden
South Stephanie, WI 79706",Erikaview,kcurtis@example.org,135853
109004,John Byrd,"Smith, Brock and Tate","849 Salinas Mills Apt. 059
South Keithburgh, MN 52616",North Destinyfurt,christine78@example.net,63517
109005,Susan Spencer,Smith-Davis,"96812 Hester Mall
Port Jimmyfurt, CA 20539",South Williamton,trogers@example.com,182358
109006,George Wolf,Hill LLC,"828 Ryan Fork Apt. 323
Baileyton, PW 17538",West Laurachester,amymiller@example.com,189074
109007,Nicholas Smith,"Turner, Maynard and Bond","8500 Maldonado Trace Suite 746
Port Phillip, MP 57055",West Steven,chelsea94@example.org,82634
109008,Ricky Hurst,Stevens PLC,"Unit 5821 Box 0329
DPO AE 48510",Watkinsshire,klee@example.net,64236
109009,Theresa Nelson,"Smith, Williams and Francis","76673 Nancy Keys Apt. 927
Peterborough, IA 47620",Port James,melissa98@example.com,106767
109010,Hunter Ferguson,Wilson and Sons,"083 Luis Terrace
Lake Allen, AZ 63412",Ronaldchester,ginasolis@example.net,63870
109011,Elizabeth Yates,"Boyer, Martinez and Rodriguez","447 Hill Loop
Gomezshire, TN 96442",North Allisonbury,bryan05@example.org,106572
109012,Monica Duarte,"Cisneros, Holmes and Christensen","522 Burns Keys Apt. 333
Port Michael, NH 07332",New Annahaven,btodd@example.com,75928
109013,Samantha Johnson,"Berry, Ballard and Cook","58392 Adrienne Viaduct
Leeville, OH 84078",West Jeff,susansmith@example.org,167026
109014,Shelby Coleman,Mcclain LLC,"02377 John Stravenue
Marshallmouth, AR 72649",Taylorside,scampbell@example.com,95759
109015,Ryan Smith,Williams and Sons,"Unit 3272 Box 6042
DPO AE 32427",South Billyfurt,craigjohnston@example.com,151293
109016,Charles Harrell,Miles Ltd,"7615 Murray Landing
Gallowayberg, KS 36692",South Yolandaton,barkerspencer@example.net,67086
109017,Barry Mckay,Wilson and Sons,"24429 Rhodes Ports Suite 984
Brownmouth, PA 03432",Lake Alex,summersseth@example.com,52884
109018,Christopher Edwards,"Smith, Miller and Perry","54840 Karen Shore
Nicholshaven, TX 43869",Walkertown,duranrobert@example.net,145947
109019,Matthew Mann,"Smith, Wood and Romero","815 Rachel Course
Washingtonport, KY 39194",Floresberg,jerryroberts@example.net,191414
109020,Jacob Jones,"Murphy, Dominguez and Hall","5362 Michele Lane
Spencetown, MI 02694",Michaelshire,barrchristopher@example.com,189273
109021,Sarah Collins,Williams-Lee,"4752 Cynthia Motorway Apt. 411
Fosterton, MP 67618",Port Timshire,zhiggins@example.net,151699
109022,Theresa Schneider,Brown-Little,"9789 Heather Highway
Howellmouth, MS 08070",North Sean,olivertravis@example.org,164637
109023,Carlos Hawkins,Gonzalez-Graham,"521 Baker Divide Suite 748
Jasonborough, CO 40639",Port Dana,chriswiggins@example.org,156912
109024,Ronnie Anderson,Rowland-Martin,"USCGC Yates
FPO AE 14562",Jonesbury,murphydaniel@example.org,110583
109025,Madison Hale,Pugh-Finley,"6694 Hammond Stravenue Apt. 019
Moyershire, RI 79129",Lake Ryanhaven,anna13@example.org,56732
109026,Nicholas Avila,Stevens PLC,"539 Caldwell Highway
Russellborough, AS 53819",Williamsland,bartonrichard@example.org,74022
109027,Ashley Middleton,"Douglas, Atkins and Jordan","90615 Eileen Street
Hillchester, OH 82845",West Anna,ortizsandy@example.net,53796
109028,Maria Brown,"Gonzalez, Parker and Burns","505 Anthony Lodge Apt. 860
Lake Lancechester, FL 85553",West Nicholasville,vanessa64@example.com,118372
109029,Kimberly Lin,Washington-Gray,"USS Foster
FPO AE 24877",Matthewville,madisonhernandez@example.com,111442
109030,Kyle Dalton,Frey Inc,"3751 Jermaine Knoll
South Angiemouth, AL 94298",Jennifermouth,hmann@example.net,183217
109031,Leah Wilson,Anderson and Sons,"03180 Michelle Harbors Suite 992
South Jasonbury, IL 15794",Lunabury,manuel04@example.org,106140
109032,Karen Collier DDS,Hill-Miller,"43907 Carter Loaf
Port Angelaview, AK 44107",Briggsview,jeannehoward@example.org,52778
109033,William Hinton,"Ortiz, Cervantes and Gibson","6279 Victoria Highway
North Laura, ID 19152",East Tiffanyborough,ubaker@example.com,65564
109034,Sydney Robinson,Andrews-Davis,"4438 Jacqueline Plain Apt. 705
Noblefurt, MA 26456",Lake Jason,amberobrien@example.org,105659
109035,Ashley Hood,Harris-Reyes,"Unit 3557 Box 7985
DPO AA 46868",Reginaldton,josechristensen@example.org,71989
109036,Melanie Anderson,Mitchell Group,"USNV Scott
FPO AE 12029",Morganburgh,ukrueger@example.com,52412
109037,Laura Wilson,Harris-Wallace,"8143 Ashley Knoll
Port Staceyland, MS 86019",South Crystal,baxtermichael@example.net,194897
109038,Michael Martinez,"Baker, King and Dodson","347 Navarro Points
Lewisville, AS 08162",Jerryberg,xwallace@example.net,80340
109039,Chelsea Williams,"York, Zimmerman and Martin","6455 Denise Gardens
Troyland, AS 48318",North Juantown,paige44@example.com,111808
109040,Donna Stewart,"Santiago, Carroll and Arnold","9781 Mccall Manor
Theresaport, ID 90086",West Jeremystad,michael59@example.org,144336
109041,Tyler Sherman,Howell-Carter,"93523 Molly Manor
Lake Krista, CA 97200",East Logan,peggytyler@example.org,179385
109042,Terri Dickerson,"Mcdonald, Patrick and Barrett","442 Rojas Skyway
Port David, MH 73063",Smithmouth,xmcdonald@example.com,131627
109043,Michael Carter,Berry-Conner,"762 John Rest Apt. 642
East Jamesport, FL 44275",Guerreroberg,davisbrittany@example.org,63335
109044,Jeffrey Stanley,Herrera Group,"21069 Sandra Plains Apt. 136
Aprilland, ND 38841",Lake Tammyside,jenniferknight@example.com,60684
109045,Garrett Evans,Baker Ltd,"146 Jones Views
Whitneybury, NY 96844",Port Davidshire,ocortez@example.org,131039
109046,Rebecca Blevins,Farley and Sons,"52777 Wright Plain
Taylorberg, AL 26130",Clineton,vdunn@example.org,198549
109047,Vanessa Davis,"Johnson, Scott and Mccoy","64981 Castillo Crescent Suite 232
Thompsonton, AR 82619",Henrytown,pattersonsandra@example.net,151066
109048,Megan Shields,Little Inc,"6442 Frank Rapids
New Joshua, AR 85920",South Kayla,stephengross@example.com,131012
109049,Samantha Hicks,Mercado-Allen,"6646 Hatfield Haven Suite 306
South Edward, ID 24477",Barnettland,danielgarcia@example.net,113026
109050,Sharon Calderon,Hensley-Christian,"97834 May Street Suite 413
Dawnfort, MA 68047",Finleystad,qberg@example.com,144966
109051,Jacqueline Parsons,"Anderson, Hatfield and Bruce","54292 Laura Keys
Markberg, SD 64250",Lisamouth,loweemily@example.org,166288
109052,Nicholas Gordon,"Armstrong, Novak and Tanner","97217 Michael Underpass
Port Samantha, WI 56130",Andrewmouth,uarnold@example.net,63009
109053,Randy Gilmore,Riley PLC,"843 Juan Stravenue Apt. 526
Port Mary, NV 10702",Lake Karaton,frank34@example.com,125666
109054,Barry Randolph,King-Wiggins,"8413 Callahan Estates Suite 860
East Stevenville, AS 78010",Port Christinebury,nicholasholden@example.net,113861
109055,Kimberly Walker,"Turner, Dawson and Wright","06856 Sarah Pine Apt. 649
Davistown, ID 73338",South Bettyberg,wowens@example.org,144659
109056,Mrs. Erin Marshall,Rice-Gonzalez,"72938 Caldwell Row
Mariomouth, VA 65747",New Carolyn,psantiago@example.org,137335
109057,Mary Reyes,"Howard, Jackson and Lawson","301 Ryan Parkway
Darleneview, FM 73659",Michaelborough,jasminestanley@example.com,193526
109058,Hunter Sims,Rowe-Walters,"USNV Harvey
FPO AP 27787",Nancyville,mary39@example.com,184413
109059,Tricia Alexander,Hoffman-Pierce,"007 Deborah Drive
East Heather, AL 27601",Andrewland,lauraconley@example.org,93938
109060,Jacqueline Holden,"Moore, Casey and Rosario","49565 Holland Crossing
Lake Ericamouth, VT 45946",Mikefort,jhiggins@example.org,122658
109061,Lindsey Peterson,"Phillips, Herman and Alvarez","25230 Russell Port
Lake Carriemouth, MS 34153",North Kristintown,stephen94@example.net,147624
109062,Richard Davis,Kelly and Sons,"566 Gates Fords
New Sierramouth, OH 23865",Perkinsstad,timothy61@example.com,119177
109063,Elizabeth Cortez,"Clark, Mcmillan and Howell","396 Patel Expressway
East Kathryn, VI 29628",West Michaelview,robinsonshannon@example.net,146321
109064,Brandon Calderon,"Henderson, Gutierrez and Randolph","885 White Expressway Apt. 236
Rachelland, AL 79517",Leahchester,robert38@example.com,69571
109065,Ms. Sharon Wilson,Best-Butler,"9212 White Island Apt. 519
North Charleshaven, FL 98136",Lake Charles,robbinsjacqueline@example.net,71195
109066,Crystal Hines,"Martin, Bailey and Wells","138 Randall Isle Suite 340
South Leah, OH 75418",New Patricia,bethmartin@example.com,114321
109067,Christopher Lewis,Alexander-Rodriguez,"86344 Christina Circles Apt. 418
South Tiffanyview, MT 25520",North Deborahmouth,sorr@example.net,130707
109068,Latasha Le DVM,"Chavez, Garrett and Carroll","670 Mccarthy Locks Suite 575
Richardsville, OR 61266",Donaldchester,lkelly@example.com,89189
109069,Julie Oliver,Carrillo Inc,"4025 Heather Rest Apt. 842
North David, VI 83838",Tyroneburgh,paula54@example.net,175881
109070,Hunter Santiago,"Gibson, Ashley and Henderson","44929 Price Flat
West Robin, SC 20962",Port Bonnieburgh,nhaynes@example.org,174147
109071,Karen Michael,Turner-Roberts,"USNS Kerr
FPO AE 50411",Matthewtown,mcknightmarc@example.com,134714
109072,Thomas Bender,"Wang, Dickerson and Frederick","PSC 2994, Box 4727
APO AA 42583",West Jeffreymouth,iwells@example.net,167527
109073,Tyrone Robinson,Wells-Haynes,"018 Hernandez Crest Suite 924
Williefort, MP 53495",Goldento