niel Le,"Griffith, Shaw and Harris","1294 Frank Row Apt. 716
Ariasshire, GA 77407",South Krista,dpowell@example.org,159232
150635,Valerie Valdez,"Conner, Fields and Moore","3412 Brian Ways
New Elizabeth, MN 71102",New Megan,cynthiafranklin@example.com,90553
150636,Cindy Morales,Miller-Smith,"40595 Dunn Trafficway Suite 142
North Michelle, OR 02884",Port Allisonshire,henrycaitlin@example.net,79661
150637,Anthony Hall,Jennings Ltd,"72002 Cook Avenue Apt. 927
North Charlesland, IN 51008",Margaretport,johnharmon@example.com,91581
150638,Paige Long,"Palmer, Sharp and Hernandez","PSC 2455, Box 1470
APO AP 89453",Carpenterstad,samantha05@example.org,181708
150639,Jamie Donovan,"Taylor, Cohen and Fernandez","66305 Debra Field Suite 281
Dianeborough, AS 38797",South Teresa,rcrosby@example.com,148884
150640,Daniel Rivas,Brown LLC,"898 Daniel Center Apt. 659
New Johnview, SC 43473",Bernardborough,kristin09@example.com,93491
150641,Sarah Fisher,Carter Group,"PSC 9213, Box 2482
APO AE 07469",Warrenmouth,pwebb@example.org,105715
150642,Mr. Brian Watson MD,"Cole, Shannon and Sanchez","9476 Martinez River Suite 717
East Kathryn, MO 69814",North Kevinport,katherine28@example.org,126717
150643,Kevin Olsen,"Hoffman, Patterson and Bush","18929 Garner Lane
Lake Lisahaven, AS 03259",Lake Erin,wdavis@example.net,153953
150644,William Williams,Hudson Group,"860 Cunningham Flat Apt. 084
New Thomasstad, MS 24435",South Shawnshire,marylopez@example.net,75085
150645,Douglas Shah,"Young, Mullen and Spencer","4512 Anderson Inlet Suite 914
Kristinport, MH 62426",Mitchellland,elizabethadkins@example.com,199108
150646,Jeremy Flores,Martin Ltd,"84324 Chapman Loaf
Kimland, NE 04917",West Derek,pamela61@example.org,96726
150647,Michael Mills,Collins Ltd,"055 Jordan Alley
Lake William, PA 48844",Lake Carolbury,jogallagher@example.org,122882
150648,Susan Figueroa,Thompson Ltd,"8442 Brewer Hollow
New Amandastad, NH 03032",Edwardsfort,benjamin40@example.com,180437
150649,Angela Carroll,Andersen-Dillon,"PSC 9827, Box 7401
APO AA 04121",Port Davidberg,jason73@example.com,195116
150650,Mary Sexton,"Huynh, Williams and Lawrence","987 Coleman Drives
East Matthew, AZ 02212",West Rhondashire,lisa67@example.org,171361
150651,Chelsea Henderson,"Nelson, Lee and Mclaughlin","04588 Davis Flats Apt. 254
West Rachelmouth, PR 79690",South Scottbury,christopher65@example.com,184499
150652,Peter Mcbride,Green PLC,"PSC 5026, Box 7081
APO AE 65006",Port Zacharyland,alan85@example.com,96747
150653,Yolanda Taylor,Ryan-Smith,"84240 Jessica Greens
South Adam, OR 46499",West Brian,susanspencer@example.org,193497
150654,Gary Carr,Stevens Ltd,"28441 Hoover Expressway Apt. 574
East Anthonybury, DE 47583",Hansenfurt,kristina21@example.org,86220
150655,Emily Friedman,Johnson PLC,"28336 Michele Fort Apt. 545
Donaldside, AZ 15256",Meltonshire,woodangela@example.org,71282
150656,Samantha Taylor,"Holloway, Wallace and Wilcox","66774 Renee Forges
East Cynthialand, NC 98251",Jeffreyfort,ray22@example.net,170564
150657,Melissa Campbell,Booth-Ford,"162 Tammy Forest
South Zacharymouth, TX 45703",Richardfurt,laura60@example.net,130653
150658,Cassandra Johnson,Mann Inc,"0400 Thornton Point
South Rebecca, ND 58826",South Shirley,winterskaitlin@example.com,96677
150659,Taylor Houston,Lopez LLC,"74141 Collier Fort
Wallston, FL 86888",West Kennethstad,emily92@example.com,181226
150660,Wendy Wells,Jefferson-Charles,"79133 William Circles Apt. 717
Kristenbury, WY 65333",Jenniferbury,victoriablevins@example.com,185706
150661,David Brown,"Gentry, Wilson and Benson","30197 Warner Roads Apt. 046
Port Tina, MA 32427",Port Thomas,katelynwest@example.org,121914
150662,Kaitlyn Bradley,"Blanchard, Hughes and Mcbride","5313 Morris Knoll
New Jessebury, SC 80721",West Carrieview,ericamitchell@example.org,149527
150663,Allison Mccarthy,"Davis, Bennett and Moreno","980 Veronica Ridge
Williamston, PR 68468",Lake Daniel,joel96@example.org,163853
150664,Kayla Smith,Miller-Davis,"1579 Thomas Plaza Apt. 589
Gordonland, NY 11318",Emmafurt,imitchell@example.org,162967
150665,Steven Fisher,"Russo, West and Mathis","341 Isaac Islands Suite 420
South Vanessabury, OH 42112",Lake Willie,trujillorachel@example.org,82735
150666,Mr. Luis Rivers MD,Franklin-Boyle,"Unit 1591 Box 5508
DPO AP 37905",Lake Christopher,josephwright@example.com,81703
150667,Matthew Morris,Lindsey-Rivera,"6056 Jennifer Garden
Valdezside, NM 58798",Lake Danielmouth,stephen08@example.com,153988
150668,James Pruitt,"Barton, Stone and Ruiz","764 Baxter Well Apt. 473
Chadhaven, ME 92356",North Brianshire,paulromero@example.com,82447
150669,Kristina Thomas,Acosta-Schmidt,"7698 Thompson Dale Apt. 846
South Joe, WI 14661",Angelahaven,idavis@example.org,90798
150670,Matthew Davis,Reed-Mcbride,"8337 Tanya Causeway Suite 185
Heatherstad, NM 55902",Thorntonstad,jenniferhernandez@example.net,121226
150671,Gregory Lynch,"Pacheco, Lee and Li","973 Williams Mountain Suite 505
Port Luistown, FM 66088",North Cynthiaberg,april43@example.net,140174
150672,Mary Patrick,Mcdonald LLC,"88870 Gregory Crescent Suite 959
Port Thomaston, AS 54158",Stevenville,johncompton@example.com,143565
150673,Daniel Reynolds,Lopez-Russell,"715 Davidson Mountain Apt. 484
Port Carolmouth, MA 81403",Markton,david07@example.net,120974
150674,Catherine Floyd,"Gamble, Gross and Hernandez","7318 Rebecca Glen Suite 628
Samanthastad, IN 19918",Lake Laura,elizabethhale@example.com,141621
150675,Jerry Ramirez,"Lopez, Petersen and Hill","1841 Ross Lake Apt. 449
Adamshaven, MH 76966",Nashshire,zliu@example.com,174027
150676,Timothy Hendrix,Kim-Thomas,"8508 Keller Glen Apt. 379
Tiffanybury, WY 19697",Marshallside,angelamurphy@example.org,164137
150677,Ryan Preston,Reyes Group,"908 James Springs Suite 008
Armstrongfort, OK 43255",East Angela,robert67@example.org,112331
150678,Stephanie Burke,"Porter, Dixon and King","482 Vanessa Valley
Davisstad, WV 34917",South Mary,taylorrobert@example.com,119491
150679,Angela Snyder,"Ho, Schmidt and Owens","2246 Johnson Burgs Apt. 705
Singletonhaven, AS 79942",Lake Joannamouth,bgray@example.com,57650
150680,Mario Knight,"Collins, Douglas and Tucker","7029 Carpenter Radial
North Tammy, SC 48022",Greenefort,joshuamitchell@example.net,70266
150681,Erika Stanley,Reilly-Burns,"54053 Frances Street Suite 485
Debrastad, NJ 44349",Fullerstad,markschmidt@example.org,94138
150682,Dawn Meyers,Guzman-Daugherty,"2244 Ashley Hollow
Sarahmouth, AS 70677",New Mary,prestonjohnston@example.org,170395
150683,Jason Cole,Sanchez-Andersen,"Unit 8510 Box 1075
DPO AE 02403",North Rachelhaven,singhrachel@example.com,54504
150684,Karen Weaver,Brock-Mcclain,"42302 Jason Wells Suite 202
West Christopher, OK 55878",Perkinsberg,oallen@example.net,65979
150685,Lori Brown,"Lin, Salazar and Newton","USS Wilson
FPO AA 94846",New April,along@example.net,135343
150686,Edward Gonzalez,Green-Garcia,"795 Jones Manor Apt. 264
Bradleyview, AZ 44104",North Vincentland,vramirez@example.org,93915
150687,William Martinez,"Hale, Fuller and Rivera","742 Thompson Forge
Port Cherylberg, MD 69075",Pacemouth,allensandra@example.com,197061
150688,Denise Patterson,Aguilar Group,"49983 Cynthia Meadow Suite 055
Gregorytown, MP 57341",Edwinmouth,erinshaw@example.com,150092
150689,Mrs. Tracy Dominguez,"Fischer, Lynn and Galloway","USNV Smith
FPO AE 60352",South Michaelshire,ujohnston@example.org,133758
150690,Edward Clark,"Howard, Vega and Roach","14740 Melinda Heights
Ericahaven, WA 91262",North Michaelbury,eromero@example.com,112824
150691,Megan Henry,Pham-Lane,"2207 Carrillo Land Suite 209
Myersshire, MT 93422",Lake Shirley,sextonamy@example.net,76356
150692,Jacob Robinson,Lee-Fuentes,"2490 Roach Wells
North Jacobshire, NC 66930",South Heatherland,tiffany12@example.org,177968
150693,Rhonda Miranda,Alexander LLC,"91508 King Heights
Cabreraport, NC 27689",South Ronald,lperry@example.com,55370
150694,Kristina Galvan,Pace-Villegas,"93268 Johnson Rest Suite 845
North Alejandraberg, PR 07545",Lake Bradberg,littlelauren@example.net,133844
150695,Martha Herrera,Gonzalez Ltd,"5001 Bruce Ramp Apt. 483
Bradleyfurt, AK 27215",West Joseport,dyererica@example.org,126966
150696,Michele Schultz,Robinson Inc,"716 Christopher Station Apt. 677
Joanneland, HI 42914",Peterston,karenramos@example.com,85886
150697,Jessica Vasquez,Hernandez LLC,"8942 Scott Dam
Hallberg, TN 83222",Lake Christopherport,brett56@example.org,116080
150698,Elizabeth Vasquez,"Haynes, Hawkins and Freeman","41059 Cantu Corner Apt. 202
Tonymouth, ME 61168",Shepardmouth,singletonjennifer@example.org,197935
150699,Geoffrey Payne,Murphy and Sons,"Unit 3545 Box 1697
DPO AE 86967",East Kevin,mark26@example.net,114923
150700,Drew Stein,"Peters, Jones and Mcknight","Unit 6129 Box 2382
DPO AA 27188",North Darren,hammondwilliam@example.com,161171
150701,Brittany Wilson,Morales Inc,"613 Monica Alley
Port Thomasville, VT 44426",Garciaburgh,cesarritter@example.org,51421
150702,Heather Banks,Chang Inc,"7664 Karla Wall Suite 449
Davidfort, ID 10099",Knapptown,jwhite@example.net,110244
150703,Lauren Cruz,May-Saunders,"510 Allison Summit Apt. 393
Schneiderfort, AR 92327",Changstad,robert23@example.org,126527
150704,Sarah Black,"Stephens, Jones and Ruiz","118 Brooks Mountains
Port Austinport, AS 78141",Kimberlychester,bonniejohnson@example.net,66041
150705,Amy Pugh,Franklin Group,"652 Stevens Square
Priceside, FL 09663",Alexandraburgh,nancy74@example.net,117695
150706,Kenneth Adams,"Powers, Johnson and Smith","54587 Bates Crescent
New Suzanne, NC 06809",Lake Jonathan,matthew82@example.net,155312
150707,Tiffany Joseph,"Campbell, Bryan and Lyons","5794 Frances Views Apt. 564
West Alisonview, MA 14732",Colleenburgh,amber54@example.org,58739
150708,Brett Robinson,Dunn PLC,"27786 Anthony Coves Apt. 347
Laurastad, GU 56439",Hendersonborough,truiz@example.org,154195
150709,Martha Scott DDS,"Owens, Miller and Rojas","0580 David Plaza
Smithchester, AL 53347",South Paulbury,ashleycarey@example.com,192584
150710,Dustin Avila,Griffin-Coleman,"57490 Weaver Views Suite 564
New Jameschester, CT 22950",West Williamstad,loganangela@example.com,96341
150711,Heidi Whitehead,Smith PLC,"USNS Cooper
FPO AE 69615",Lake Tiffany,moorelaura@example.org,92802
150712,Erika Jensen,"Graham, Hodge and West","45703 Edward Land
North Roger, MA 45292",Garciahaven,ronald10@example.net,127048
150713,Lisa Smith,"Larsen, Pruitt and Foley","55680 Mejia Lights
Port Emily, SD 17292",Wheelermouth,craigalison@example.com,83261
150714,Allen Shelton,Arnold LLC,"93801 Angela Common
Heatherborough, AL 25643",West Bradport,james89@example.net,192286
150715,Jonathan Mosley,"Martin, Walters and Summers","411 King Point Suite 168
East Williamtown, LA 59744",South Timothymouth,madison64@example.com,135225
150716,Ariana Lara,Garcia-Mora,"7808 Jennings Route
East Sarah, KY 17233",Meyerburgh,christycarter@example.com,134146
150717,Christian Roberson,Campos Inc,"11841 Karen Land Apt. 775
Leeport, KS 97155",Zamorastad,dsmith@example.net,185043
150718,Erin Wolf,"Padilla, Palmer and Roman","68846 George Viaduct Apt. 235
Lake Scott, NC 55780",Lake Sharon,trujillomark@example.net,194556
150719,Bradley Carroll,"Clements, Ferguson and Smith","449 David Groves Suite 885
Lake Henryburgh, NC 86361",Williamsfurt,alicia88@example.net,116403
150720,Lauren Krause,Armstrong LLC,"5515 Moody Grove
Juliashire, MI 21786",Port Benjaminstad,fbarron@example.com,79989
150721,Kaitlyn Schwartz,Espinoza-Barr,"USCGC Ochoa
FPO AP 96191",South Jaredville,ingrameric@example.com,189395
150722,Alison Payne,Delgado-Hill,"9935 Day Shores
East Brandi, PA 06015",Weissport,melissa78@example.com,177436
150723,Lisa Barnes,Hobbs PLC,"43761 Robin Grove Apt. 530
Goodwinport, NH 08845",East Gloria,howardhensley@example.net,88362
150724,Joseph Bender,Wright Group,"349 David Extensions
New Kristenhaven, CT 48525",Hernandezchester,thorntonmatthew@example.org,181711
150725,Ariel Zimmerman,"Stewart, Garcia and Leonard","399 Christopher Passage Apt. 802
West Christian, PA 83110",Andersonburgh,audrey10@example.net,54148
150726,Sarah Luna,"Bates, Haynes and Gordon","2781 John Manor
East Catherinestad, MH 83918",Williamstown,troyjacobs@example.com,146557
150727,Jennifer Brown,Larsen-Morrow,"9966 Ryan Crescent Apt. 577
South Daleberg, CT 71502",East Calebton,aaron62@example.com,57024
150728,Clayton Meyers,Little-Owens,"91810 Kayla Plains
Washingtonland, FL 98707",Ginafurt,zmoyer@example.org,120244
150729,Sara Fowler,Mullins PLC,"4770 Thomas Highway
Barrchester, MH 70361",South Joseph,charlesrogers@example.com,123393
150730,Shirley Hoover,James LLC,"9731 Zachary Forks
New Travis, RI 68592",Lake Johnview,patrick23@example.org,190013
150731,Melinda Simon,Lopez-Jones,"803 Solis Centers
South Ashley, PW 58558",Rayton,jessica36@example.org,51642
150732,David Huynh,Ortega-Lester,"7830 Sarah Freeway Apt. 694
North Staceymouth, OR 73596",Kanemouth,amber32@example.com,71741
150733,Nicole Anderson,"Baker, Nelson and Foster","9472 Stephen Freeway
East Jennifermouth, AL 71947",Wellschester,davisjessica@example.net,87123
150734,Christina Gomez,"Marsh, Miller and Jacobs","433 Marc Throughway Suite 727
Port Michael, ID 16790",Port Corey,porterjohn@example.org,67553
150735,Brett Anderson,Lambert Group,"704 Gay Trace
Port Kathleen, KS 26396",Brookston,sharon67@example.org,133082
150736,Joann Morris,"Carter, Walton and Fisher","Unit 1606 Box 9630
DPO AA 50463",West Sabrinaville,adamsbenjamin@example.org,133293
150737,Thomas Klein,Tate and Sons,"19455 Stephanie Forge Apt. 429
Parkertown, AS 43961",South Nicoletown,jenniferblake@example.net,192439
150738,Charles Robbins,"Gonzales, Perkins and Wright","67872 Lane Mountain
Blakeburgh, PW 16015",East Alexandra,victoriadavies@example.org,139507
150739,James Li,Gardner-Gregory,"3735 Donna Park Suite 834
Christinastad, SC 18156",Cathyport,hcooper@example.com,147675
150740,Chris Lam,"Hart, Bonilla and Medina","3009 Kristen Dale Apt. 226
Lake Brad, PR 81808",West Suzanne,salexander@example.org,68098
150741,Lauren Santiago,Potts PLC,"PSC 0564, Box 0324
APO AP 66236",South Rebeccachester,paulcharles@example.net,186869
150742,Paige Perez,"Young, Martinez and Martin","94025 Aguilar Road Suite 518
Lake Nathan, IN 85034",Lake John,amiller@example.com,185919
150743,Stephanie Martinez,Gonzalez-Steele,"385 Joseph Parkways Apt. 634
Manningland, SD 15494",Port Matthewton,qjohnson@example.org,172370
150744,Christopher Martinez,"Gomez, Perez and Hernandez","6594 Baker Trail Suite 165
West Jennifer, WY 69082",North Bryan,tasha29@example.net,151060
150745,Dr. Vanessa Kirby,"Johnson, Becker and Jones","729 Tina Shores Apt. 336
New Sheryl, NY 83751",Pamelaview,rachel49@example.net,185644
150746,Julie Lee,"Woods, Lee and Allen","1340 Nelson Rue Suite 432
Allisonport, CT 30020",Leemouth,timothyjackson@example.org,124852
150747,Taylor Miller,Gonzalez PLC,"716 Wolfe Ports
Millershire, RI 13970",South Jonathanfurt,markhunter@example.com,177449
150748,Dale Hale,Gonzalez-White,"380 Moore Radial Apt. 349
Debbieside, MP 35387",Allenshire,stephaniecarter@example.net,109815
150749,Kendra Jackson,"Hill, Reyes and Yang","527 Thomas Terrace Suite 034
West Christopherstad, MS 04811",Andersonbury,charles28@example.org,184944
150750,Luis Anderson,Bailey-Lara,"PSC 1313, Box 9342
APO AA 96779",West Samantha,penningtonjoseph@example.org,86514
150751,Jennifer Smith,Rodriguez LLC,"165 Angela Roads Suite 053
Summersshire, MN 81979",Berryshire,gibsonamy@example.com,165908
150752,Sarah Mcclure,Hendricks Ltd,"91512 Mack Spurs
Port Timothychester, NH 00613",South Mallory,williampotts@example.net,174604
150753,Christopher Hall,Pearson-Moss,"3307 Jessica Passage Suite 551
Danielbury, GA 00527",West Cynthialand,russellgary@example.org,72851
150754,Timothy Dunlap,Kirby Inc,"06831 Elizabeth Greens
Maryfort, CT 78191",Lake Jacobmouth,wilsonwilliam@example.org,94113
150755,Christine Klein,Price PLC,"670 Sarah Oval
Cabreraberg, IL 57824",Mathisshire,montgomeryangela@example.net,91907
150756,Katrina Jones,Cook-Green,"Unit 0211 Box 5103
DPO AE 86177",Lake Kelly,amanda49@example.net,69312
150757,Kerry Carter,Stevens-Hodges,"54896 Smith Hill
Juliefurt, NC 55440",Valerieview,oowens@example.com,151594
150758,Adam Burton,Mclaughlin and Sons,"845 Martin Alley
South Lauramouth, CA 46248",North Jenna,woodjeffery@example.org,176289
150759,Kevin Hansen,"Mendez, Greer an