1 Box 4149
DPO AA 21732",East Lisa,michaelcontreras@example.org,196964
27429,Lauren Porter,"Flores, Lowe and King","Unit 7618 Box 5153
DPO AP 81369",Lake Loriborough,woodsnoah@example.org,118273
27430,Elizabeth Turner,Smith-Keller,"USNV Mason
FPO AA 90213",Woodsstad,tony49@example.net,132283
27431,Tina Edwards,Castro-Spencer,"2781 Cooper Glen Apt. 871
Millsside, NC 72446",Josephtown,reeddeanna@example.com,199995
27432,Cassandra Larsen,Hill-Wells,"13350 Samuel Inlet
Alexisview, OH 35237",East Roberttown,robertsonstacey@example.com,55027
27433,Kathleen Blake,Johnson Ltd,"6423 Williams Plains
South Heidi, ME 80877",Jamesland,bennettlynn@example.net,100897
27434,Steven Nolan,"Yates, Johnson and Johnson","6614 Samantha Drive
Brandonstad, AL 67581",South Nicholasshire,ryanjenkins@example.com,65321
27435,Steven Ellis,"Harris, Peterson and Carson","128 Livingston Mews
Smithburgh, LA 10838",Port Danielport,cooperjames@example.net,98470
27436,Kyle Martin,Collier Inc,"USS Coleman
FPO AA 14888",Paulland,mikayla86@example.com,54168
27437,Chad Vasquez,Salazar PLC,"85810 Campbell Mountains
Lake Laurenfurt, AR 46298",West Lisamouth,jcannon@example.com,113214
27438,Danielle Aguirre,Kelly-Walker,"92717 Samantha Crossing Suite 783
Hallland, NV 85419",South Craigborough,xbaldwin@example.com,152504
27439,Andrea Hughes,Jimenez Ltd,"1117 Austin Curve Suite 911
Robertsmouth, DE 42383",East Ashleyfurt,pbradford@example.org,181060
27440,Lee Page,Anderson PLC,"895 Price Stravenue
Gravesburgh, MS 30810",Port Tricia,nwilson@example.org,61099
27441,Brian Williams,Moon Inc,"2009 Conner Islands
Port Eriktown, MI 07543",Lake Cory,lisa50@example.org,165170
27442,Daniel Jones,Jones-Thomas,"688 Smith Parks Apt. 494
New Ryanchester, CA 35503",Maryville,chanlydia@example.com,166768
27443,Jacob Paul,Ellis Inc,"660 Natalie Drive Apt. 397
East Maryborough, AS 23125",East Francischester,wintersshelby@example.net,150309
27444,Danielle Houston,Ward and Sons,"64442 Douglas Manors
North Geoffrey, FL 26578",East Daniellefort,kingedward@example.org,197180
27445,Alexis Smith,"Edwards, Hall and Green","23405 Sara Grove Apt. 432
West Robert, IN 97646",Williamstown,bsingh@example.net,116817
27446,David Chase,Stokes-Smith,"1665 Hogan Streets Suite 865
North Jacob, OK 13861",North Christopher,johnsonkristin@example.com,54619
27447,Diamond Boyd,Wilson LLC,"9446 Lewis Stream Suite 927
West Teresa, MD 73027",Port Norma,ryancampbell@example.net,177722
27448,Robert Giles,Parks-Boone,"USNV Braun
FPO AE 12580",Devinland,michaeldrake@example.org,113542
27449,Matthew Bailey,Hill-Jones,"1032 Moore Flats
Barrettbury, GA 10711",Grantland,steelewilliam@example.net,56806
27450,Shawn Knox,"Stephens, Day and Ashley","70946 Mccarthy Well
Phillipfort, VA 86686",Cameronside,gibsonamber@example.com,56269
27451,Alexander Holden,"Snyder, Hartman and Powell","70728 Donna Pass Apt. 738
Gregoryburgh, NJ 37278",Annmouth,greenkimberly@example.net,86046
27452,Kathryn Cortez,Jones-Stone,"325 Dawn Burgs Apt. 508
Lake Peggy, MH 08370",Nicholasville,qrichardson@example.net,156612
27453,Kathryn Rhodes,Bennett Group,"3611 Heather Hill Suite 042
East Autumnberg, SC 79570",Charlesview,amy24@example.org,151641
27454,Charles Marshall,"Mitchell, Woods and Brown","USCGC Powers
FPO AP 04340",Taylorbury,kingdavid@example.com,146047
27455,Alexis Richardson,Robinson LLC,"1210 Walsh Lodge Apt. 526
East Joseph, KY 25441",Lisaport,ppearson@example.net,143228
27456,Anne Gomez,"Moore, Gutierrez and Smith","86318 Donna Glen
Moralestown, NH 29523",South Annamouth,curtisjerry@example.net,50693
27457,Eric Morales,"Whitaker, Farmer and Rodriguez","PSC 7260, Box 9645
APO AP 42218",Nealburgh,malik60@example.net,82707
27458,Andrew Russell,Moore-Freeman,"114 Armstrong Key Suite 843
West Theresatown, WA 35981",Robinsonborough,aguerrero@example.com,128720
27459,William Barnes,Walls and Sons,"948 Renee Ridge
New Katherine, HI 63392",East Dean,sellersjason@example.com,75512
27460,Jesus Barnett,Jenkins-Arias,"898 Cory Walk
East Ronald, TN 02152",Davidton,caitlinpaul@example.com,185307
27461,Samantha Gross,Miller and Sons,"35452 Smith Rest Suite 757
Rodriguezmouth, DC 11777",Bridgesmouth,timothy59@example.net,105246
27462,Eric Rogers,Smith Inc,"922 Tonya Stream Suite 400
Lake Bruceshire, DE 59216",Dominguezland,amandahughes@example.com,147179
27463,Christina Walters,"Robinson, Castillo and Freeman","584 Angela Ports
New Luis, KY 87053",New Frederick,yrussell@example.org,68966
27464,Victoria Anderson,Cabrera-Jones,"371 Bond Falls
Lake Dennis, UT 63589",South Rogerbury,ymiranda@example.com,165959
27465,Dylan Hall,"Fisher, Cross and Wong","04831 Willis Avenue
Roberthaven, VI 25785",Martinezberg,cwebb@example.net,146946
27466,Andrew Hunter,Blair-Kim,"USCGC Mcdonald
FPO AP 05534",Kellyburgh,ginamoore@example.org,55682
27467,Ross Smith,Mooney Inc,"46750 Murphy Prairie
Marcusmouth, UT 80378",West Emilyfurt,diazdana@example.org,112620
27468,Tim Williams,Gibson Ltd,"013 Cunningham Canyon Suite 457
Vincentton, WA 45862",New Jenniferstad,lewischristopher@example.net,108967
27469,Kelly Davis,Fuentes Inc,"282 Amy Square Apt. 261
North Sharonmouth, WA 73970",Ramirezton,jeffreywest@example.net,151167
27470,Sheila Smith,"Stanley, Hicks and Cook","49214 Murphy Mills Suite 209
East Cody, ID 91065",Hullton,faith73@example.org,195464
27471,Michael Gilbert,Hahn Ltd,"696 Bowen Vista Suite 047
Tracybury, ND 49143",South Pamela,omills@example.org,55326
27472,Travis Choi,Shelton and Sons,"52611 Ryan Estates
West Noahfort, WY 95894",New Jamesburgh,kelly60@example.org,115879
27473,Christopher Brooks,Koch-Friedman,"8878 Linda Harbors Suite 041
West Amber, AK 73192",Michaelmouth,chad84@example.com,171723
27474,Jean Bowman,Taylor-James,"95710 Sean Mountain Suite 552
Smithmouth, OK 76260",Kimfort,robinhernandez@example.org,196998
27475,Mason Stewart,"Sanchez, Valdez and Huang","743 Caroline Dam Apt. 534
East Amyport, NY 63657",West Sarah,donna35@example.net,196780
27476,Jessica Li,"Thompson, Walker and Romero","71854 Clarke Knolls
South Jeffreyfurt, VI 02393",Aprilborough,charlesmorse@example.com,140981
27477,Christina Green,"Palmer, Phillips and Alexander","5518 Allen Island
Jordanfort, GA 19512",Tiffanytown,svillarreal@example.com,143735
27478,Sarah Lee,Clark-Brown,"43407 Joseph Pass
Shannonland, MI 38817",Loribury,odonnellpatricia@example.net,122655
27479,Christopher Bullock,Morton Inc,"705 Teresa Cove
Lake Maria, OR 10990",Larryburgh,aaronsimpson@example.net,163410
27480,Kathy Fritz,Blake-Morris,"05544 Daniel Canyon Apt. 166
Lake Mandymouth, FM 33292",Lake Shelby,ohudson@example.org,152683
27481,Bruce Johnson,Holder-Burke,"944 Henson Cliff Apt. 389
East Kevin, NE 01792",West Austinborough,justinquinn@example.org,88976
27482,Rhonda Ward,Middleton-Gibson,"84738 Massey Fields Apt. 185
New Alexanderstad, KY 19721",Conleyport,nancycannon@example.com,192646
27483,Deborah Hughes,Hudson-Lewis,"82280 Gary Via Suite 660
Kylefurt, MO 10974",New Robertburgh,eric56@example.org,113010
27484,Elizabeth Wise,Pierce Group,"5159 Kidd Ranch Apt. 643
East Philip, NE 11333",Schneiderchester,brockashley@example.com,189668
27485,Jamie Rodriguez,"Carr, Chan and Hurst","80113 Morales Squares
Webbtown, MD 52919",South Courtney,dtaylor@example.net,60229
27486,Paul Davis,"Cox, Kelly and Davis","49418 Smith Plaza Apt. 632
North Emilyville, GU 79752",Johnsonberg,igill@example.com,135259
27487,John Hill,Foster and Sons,"429 Rojas Corner
New Melissachester, MT 44095",West Ginaside,colton69@example.org,111319
27488,Tina Fleming,"Mccall, Krueger and Adams","94685 Michael Loop
West Alexandraland, DC 96334",Brooksview,michaelfowler@example.net,140913
27489,Jerry Barnes,"Webb, Hall and Mckinney","22912 Grant Mountains
West Nicholasport, IN 62879",New Dustinchester,meyerpatricia@example.com,153711
27490,Sydney Maynard,Matthews PLC,"67316 Anderson Ports
Cortezfort, NV 64926",New Mistyville,dayrichard@example.org,117717
27491,Laurie Fischer,Kennedy-Green,"38999 Singleton Fork Suite 264
Andrewburgh, WI 24622",Escobarfurt,joshuabarnes@example.org,85462
27492,Matthew Johnson,Curry-Wilson,"8173 Newton Grove
Lake Krystalfurt, RI 71801",Steventown,daniellecox@example.org,91837
27493,Suzanne Doyle,"Berger, Erickson and Fowler","134 Leah Spring
North Elijah, MD 11743",North Williamstad,marktaylor@example.org,166925
27494,Brittany Flynn,Bush-Vaughn,"373 Edward Lake Apt. 703
Millertown, MN 83358",East Denise,sarah89@example.com,66562
27495,Carla Fischer,Boyd Group,"1864 Allison River
Meyermouth, MH 57134",Chenstad,amandapatrick@example.com,144778
27496,Christy Garcia,"Williams, Powell and Calhoun","151 Mcclain Expressway Suite 090
Taylorchester, IL 73385",Port Sue,shawderrick@example.net,161923
27497,Leslie Hernandez,Glenn Inc,"134 Peterson Corner
Martinezshire, WY 44798",Valdezville,jasonlucas@example.net,193716
27498,Angela Waller,Price PLC,"41503 Christian Manor Apt. 304
Port Larry, UT 25255",New Dawn,joseph17@example.org,91661
27499,Matthew Griffin,Ruiz Ltd,"6053 Alicia Camp Apt. 563
Sanchezmouth, AS 03578",New Travisstad,fowlermatthew@example.net,150224
27500,John Ray,Macias Group,"6053 Jones Tunnel
Cookhaven, MA 70001",North Whitney,dlove@example.org,53910
27501,Patricia Fowler,"Wright, Robinson and Murphy","072 Forbes Shores
Timothyburgh, NV 55626",Christopherburgh,shannonowens@example.com,91932
27502,Claire Hamilton,"Smith, Wheeler and Peters","9099 Perry Vista
Stephenschester, OH 14520",Port Sophiaville,williamfields@example.com,189695
27503,Andrea Jefferson,"Chapman, Garcia and Lawson","778 Cooper Mountains
Michaelside, SD 97587",Natalieshire,colonjohn@example.com,76321
27504,Dawn Patel,"Pennington, Adams and Williams","195 Meyer Crest Apt. 547
New Leahfurt, MT 67899",Stephanieborough,vmaldonado@example.org,105312
27505,Shannon Brown,Lutz-Hunt,"68986 Porter Key
East Daniel, MA 54290",Youngfort,urojas@example.com,69789
27506,Laura Donaldson,Vaughn Ltd,"USS Hayes
FPO AA 66848",Jeffreyberg,wsellers@example.net,105781
27507,Andrew Porter,"Chung, Chapman and Torres","047 Neal Trace
North Robertport, NY 71944",Lake Joel,dcarter@example.com,59131
27508,Micheal Valenzuela,"Gomez, Jones and Pittman","85538 Smith Cliff
South Susanbury, MT 56920",Longmouth,markthornton@example.net,176067
27509,Mark Burgess,Johnson LLC,"06284 Guerra Parkways Apt. 719
North Annachester, VI 13632",New Summerton,moorenicole@example.com,150238
27510,Heather Thompson,"Robertson, Huff and Hall","PSC 0218, Box 1622
APO AP 71397",New Joshua,urosales@example.org,89774
27511,Amy Mcmillan,Trujillo Group,"998 Maria Forest Apt. 314
South Johnland, NJ 26521",Blakeberg,brian34@example.org,133302
27512,Michael Crane,Brown-Jackson,"1093 Ann Drives Suite 641
East Michaelport, UT 49589",Elliottborough,benjamin04@example.org,107032
27513,Jeremy Garcia,Tucker-Ray,"38385 Martin Path Apt. 940
Thompsonville, AS 89188",East Johnton,harmondavid@example.com,153639
27514,Jeremiah Mann,Griffin-Dickerson,"853 Bell Summit Suite 843
Riveraberg, AZ 52263",Lake Doris,karen03@example.net,142039
27515,Roger Guzman,Diaz-Stephens,"3458 Nicholas Grove
Port Douglas, KS 50837",New Brian,sean64@example.org,196391
27516,Michael Mckinney,Barrett-Dean,"339 Natasha Wells
South Danielville, NJ 24531",South Tyler,xmartinez@example.com,114098
27517,James Baldwin,Schmidt-Green,"65494 Gutierrez Extensions
Port Jessicaport, SC 19906",Parrishberg,markfigueroa@example.com,183267
27518,Destiny Byrd,"Lambert, Valdez and Russell","34596 Tony Trail Apt. 794
West Rickeyshire, GU 92128",South Robert,loretta71@example.org,115583
27519,Anthony Collins,Bradshaw and Sons,"957 Carr Alley
Mckinneystad, KY 81090",East Kevintown,romerocharles@example.net,149387
27520,Ashley Tapia,Lewis-Anderson,"6959 William Oval Suite 372
Lake Monique, AZ 48448",Brianshire,millsnicholas@example.com,194380
27521,Christian Contreras,Harris Ltd,"7659 Small Greens Apt. 015
West Josephhaven, MH 37727",Howardland,popestephanie@example.org,160630
27522,Tracey Hood,"Mcfarland, Mendoza and Rhodes","785 Shelly Common Suite 810
Markfort, WY 37916",South Victoriatown,andrew03@example.com,55878
27523,Taylor Hughes,"Howell, Miller and Walker","19803 Cooper Curve
Nobleside, NV 56986",Barbaraborough,dawsonheather@example.com,186833
27524,Jillian Bailey,Morris Group,"4009 Spencer Harbors
North William, VT 95562",East Angel,showard@example.net,185818
27525,Jerry Simpson,Johnson-Bartlett,"2832 Smith Rest Apt. 557
Brookemouth, VI 21992",Gonzalezmouth,davisbarry@example.net,164960
27526,Michelle Bowman,Ray-Bennett,"51906 Gilmore Point Apt. 520
Lake Stephanie, HI 50894",Port Christopherton,caldwelllinda@example.com,157663
27527,Jeffrey Kaufman,Carlson Inc,"52847 Ashley Drive
Port Marcchester, PA 74599",Colliertown,moyertroy@example.com,80097
27528,Maria Haynes,Smith Ltd,"70395 Jones Wells Suite 867
West Katelynhaven, LA 82547",West Brentview,angelica61@example.com,189710
27529,Jeremy Young,"Pennington, Anderson and Morris","6281 Tate Plaza Apt. 778
Michaelbury, MT 54584",Port Veronicaville,wrightkathy@example.com,196173
27530,Lisa Mcdonald,"Thornton, Drake and Klein","15303 Moore Stream
Mariaburgh, CO 81911",Jeremiahberg,alexisbarr@example.org,120188
27531,Brandon Harrington,Baker Ltd,"72637 Ortiz Parkways Apt. 348
Smithton, VI 81704",Scottland,mccormickjohn@example.net,99197
27532,Cory Reed,Martin-Bryan,"Unit 5612 Box 4619
DPO AP 49480",Flemingmouth,trantimothy@example.com,56842
27533,Patricia Graham,Contreras Ltd,"19431 Gonzalez Court
North Robertside, CA 59134",New Meredith,sierra43@example.org,97411
27534,Nathan Duran,"Peterson, Colon and Walker","7715 Shelby Estate
North Steven, IL 49995",Lake Amandaview,zvazquez@example.com,173494
27535,Heather Hicks,Adams Ltd,"406 Amber Fields Suite 869
South Barbara, ME 93428",Sabrinamouth,jasmine02@example.net,199991
27536,Samuel Taylor,Gibbs Group,"82443 Summer Parkways Apt. 361
Lake Christina, AR 86314",Lake Matthew,tjones@example.org,102874
27537,Amber May,"Bowen, Adams and Stewart","47379 Cynthia Rapid Suite 562
North Stephen, WI 92220",North Stephanietown,brianawheeler@example.org,166002
27538,Caitlin Vasquez,Vaughn and Sons,"603 Ryan Rapids
Lake Kathyhaven, CA 16196",Heatherville,gmoody@example.com,141165
27539,Jay Santiago,Mcbride-Miranda,"3984 Reese Lodge
Kingmouth, AS 88083",Jeffreymouth,andrewgray@example.org,166679
27540,Nathan Dorsey,Cunningham-Brown,"7501 Jerry Valleys Apt. 212
West Bryan, IA 91819",West Amanda,robert77@example.com,54666
27541,Ann Soto,"Bailey, Scott and Walker","1189 Martinez Crescent
East Angelmouth, GA 42046",Olsonfort,jasonpeterson@example.org,52875
27542,Sarah Gonzalez,Mills-Wall,"85573 Garza Turnpike Suite 579
New Williamshire, MO 15452",North Matthew,jenkinsbrandon@example.com,112308
27543,Jason Johnson,Joyce-Fisher,"53016 Cole Ramp
Elizabethmouth, VA 99303",South Randallview,matthew78@example.org,141987
27544,Scott Young,"Ramos, Porter and Hodge","67123 Sally Fords
Robertsonshire, KS 34774",North Robertshire,uwalker@example.com,63286
27545,Robin Armstrong,"West, Davis and Martin","26253 Cooke Valleys Apt. 417
Wrightton, ID 19325",Emilyhaven,robert94@example.org,78658
27546,Kathy Davis,"Soto, Guzman and Daugherty","24438 Sarah Spur
Owensfurt, AL 16223",Andrewsport,cliffordodonnell@example.org,98055
27547,Jennifer Perry,Lopez-Nixon,"2459 Anthony Field Apt. 128
Port Caleb, NC 61577",Fletcherside,karmstrong@example.net,80836
27548,Michael Holmes,Vaughn PLC,"49469 Robin Ways Apt. 802
Campbellborough, PA 72255",Harmonton,christiansmith@example.org,80747
27549,Sean Johnson,Smith PLC,"69471 Cooper Mills
South Cherylside, GA 61159",Murraychester,clandry@example.com,73601
27550,Benjamin Taylor,Hayes-Ward,"75402 Potter Union
Joanland, IL 22429",Randyborough,allisonyoung@example.net,78085
27551,Brianna Atkins,Griffin-Graves,"USNS Miranda
FPO AP 60008",New Caitlin,amandamaldonado@example.net,121765
27552,Misty Jimenez,"Edwards, Turner and Cook","90816 James Summit Apt. 663
Guzmantown, UT 35294",Rioston,lgarcia@example.org,74440
27553,Rebecca Woods,"Mitchell, Johnson and Mullen","996 Heather Lake
Kristinshire, MH 62401",Derrickton,christine66@example.com,102273
27554,Brandon Kemp,Ross Group,"958 Kirk Lock
North Marystad, MN 48601",West Eric,stephaniegarcia@example.net,60336
27555,Adam Gonzalez,Mullins-Johnson,"43576 Renee Flat Suite 780
Ramseyhaven, NY 02263",Michaelland,navarroashley@example