, SC 98367",East Sarah,jessica60@example.org,120986
206226,Ronnie Chambers,Yu-Johnson,"58365 Alexander Fort Apt. 470
Ericatown, SD 56076",Port Scott,adam74@example.net,108405
206227,Michael Lucas,Hernandez-Young,"64055 Lewis Oval Apt. 858
Cartertown, AL 78576",Paulmouth,wilsonkrystal@example.com,51754
206228,Joseph Rhodes,Kennedy PLC,"776 Jackson Lane Apt. 665
South Sarahburgh, GA 82230",Malonemouth,holmesdaniel@example.org,88677
206229,Joel Banks,Brock-Cruz,"066 Baker Dale Apt. 596
Suttonmouth, AL 19868",South Shirley,eschaefer@example.net,140403
206230,Keith Stafford,Griffith and Sons,"314 Diaz Forge
Markside, DE 22394",East Stevenberg,kelly31@example.com,196645
206231,Carolyn Johnson,Miller Inc,"89081 Kyle Avenue
North Duane, NJ 94190",North Cynthiaport,hrobbins@example.net,159858
206232,Jeffrey Clark,Collins LLC,"95418 Justin Park Apt. 576
East Codyport, NJ 82008",Christinemouth,cmitchell@example.org,158479
206233,Jerry Lang,York-Walton,"25486 Eric Isle Apt. 525
Lake Brandonhaven, NM 39211",Davidsonmouth,camposcurtis@example.net,139805
206234,Kimberly Martin,Casey-Baker,"5201 Miller Brook
Crystalchester, LA 81296",East Shelly,rlevy@example.com,124589
206235,Christopher Nicholson,"Garcia, Robinson and Richardson","594 Lucas Port
East Jerry, FM 10444",Nancystad,eddiegentry@example.net,66186
206236,Jeff Kramer,Vincent and Sons,"4359 Johnson Pine
West Justinshire, WA 71263",Timothychester,arodriguez@example.net,192634
206237,Debra Clark,Beasley and Sons,"007 Davis Turnpike Suite 158
Joshuastad, MI 56976",Danielleside,qhernandez@example.net,93484
206238,Margaret Wright,"Gregory, Wilson and Farrell","3441 Michelle Ville
Pierceborough, AR 87408",South Amanda,patricklopez@example.org,55387
206239,Richard Sandoval,Wright Inc,"640 Gonzalez Bypass
South Donnaview, MP 39678",Austinbury,markfleming@example.com,121133
206240,Pamela Jones,Barnett-Ross,"3095 Payne Crescent Suite 739
Richardsonbury, NJ 86739",South Jerry,dakotarivera@example.com,168290
206241,Ralph Serrano,"Mcguire, Hernandez and Murray","891 Adams Corner Suite 807
Lake Shawnbury, VT 30819",Lake Cheryl,riversjennifer@example.net,70148
206242,Curtis Archer Jr.,"Gutierrez, Rivas and Martin","221 Kelli Walks
West Mary, MS 42889",Lake Adam,uwatson@example.net,114573
206243,David Garcia,"Morton, Knight and Marquez","USS Dennis
FPO AP 48677",New Morgantown,amythompson@example.com,85134
206244,Daniel Morris,Bowen PLC,"47970 Hill Ports Suite 037
South Bryceview, GA 03649",New Tiffanymouth,vjohnson@example.org,127046
206245,Paula Garcia,Reeves-Hall,"71456 Michael Freeway Apt. 932
Moranstad, CA 01306",Nataliefurt,alexander97@example.org,57318
206246,Amber Calhoun,Nielsen-Bush,"PSC 2964, Box 3231
APO AA 25827",Joelfort,shanehunt@example.net,63295
206247,Tiffany Bauer,Robertson Ltd,"39944 Jeremy Courts
South Samanthamouth, NV 69264",South Susan,reyesjerome@example.com,138137
206248,Corey Tucker,York-Manning,"PSC 6108, Box 1473
APO AE 98105",West Matthewmouth,hsmith@example.com,59221
206249,Angela Hudson,Koch and Sons,"06177 Heather Neck
Wigginsside, GA 25542",Jenniferport,jenniferzuniga@example.org,99803
206250,Kim Fischer,Stephens-Phillips,"363 Tucker Square Apt. 578
Port Teresachester, AZ 23500",Port James,uhall@example.net,130322
206251,Michael Fox,Castillo LLC,"09561 Connie Harbor
East Dennisport, SD 62321",Angelamouth,barbara91@example.org,71293
206252,Joe Bass,Mack Group,"8448 Carmen Flat Suite 559
West Nancy, RI 66622",West Pam,rachelphillips@example.net,129893
206253,Jennifer Swanson,"Howe, Ferguson and Shaffer","96941 Melissa Run
Arroyoland, NC 51329",Edwardshaven,jeffreywoodard@example.org,151581
206254,Laura Bauer,Neal Group,"9543 Dougherty Islands
Choiview, PW 99210",New Eddie,eric17@example.com,188682
206255,Dustin Esparza,"Campbell, Bailey and Floyd","5280 Jack Circle
Rileyberg, FM 14228",Margaretshire,owalker@example.org,107642
206256,Victoria Webster,Martinez PLC,"16073 Thomas Junctions
Tyronefort, VT 61010",Robersonside,jaredcook@example.org,75290
206257,Tyler Dickerson,Rodriguez Inc,"3972 Jordan Rapids
Lake Paulburgh, CA 48674",Davisfort,gonzalezrobert@example.com,158366
206258,Jennifer Kelley,Williams-Reese,"8888 Jessica Ports
New Andrewburgh, TN 01120",East Kellyland,thomas72@example.net,79579
206259,Kristie Conner,Holmes LLC,"537 Garcia Fall
Richardland, SD 44755",Robertport,kellison@example.org,130876
206260,David Miller,Chase PLC,"4831 James Cliff
Lake Morganside, CA 05285",New Jenniferberg,sherrymorgan@example.net,182574
206261,Kevin Ward,"Graham, Dunn and Kelley","09366 Cook Mission
Juliafurt, HI 20215",South Jessicatown,biancarogers@example.net,90370
206262,Theresa Tapia,Cantu-Green,"66671 Fitzgerald Mission
Port Alecville, DE 63834",West Tracey,perezsteve@example.org,199988
206263,Glenn Russo,"Smith, Becker and Williams","5096 Sarah Views Apt. 990
West Chelseaview, NC 79308",West Nicole,johnsongregory@example.net,76555
206264,Allen Gibson,Reyes-Jones,"0234 Smith Ways
West Jerry, AK 97529",Reedton,ejimenez@example.org,184865
206265,Ryan Joseph,Fox-Howard,"826 Charles Way
Lake Jenniferstad, FM 53861",Baileystad,qmerritt@example.com,171711
206266,Erin Moore,"Gay, Donaldson and Williams","31009 Ashley Mall Apt. 258
Hicksstad, MA 71080",Port Ann,thomas77@example.net,144229
206267,Amber Hamilton,Jones Group,"60062 Smith Shoal
Masonhaven, AK 37314",East Gabriel,asmith@example.com,92014
206268,Samantha Baldwin DDS,Davis-Franklin,"240 Ryan Mountain
North Christopher, ID 26424",Raytown,christopherbrennan@example.org,169203
206269,Alejandro Garza,Mcbride-Butler,"116 Mann Lights
West Lindashire, NJ 97876",New Austin,abuck@example.com,160471
206270,Christine Torres,"Williams, Johnson and Simmons","59379 Johnson Row
Gutierrezmouth, IN 43661",New Shirleyview,elizabeth95@example.com,54447
206271,Jasmin Garrett,Leonard-Diaz,"4138 Martin Walks
Floresview, IA 48737",Melissahaven,kvelasquez@example.net,88063
206272,Robin Cummings,Bowman LLC,"13314 Mcintosh Well
Douglasmouth, KS 67279",East Elijahfurt,scastro@example.com,132522
206273,Miss Gabriella Bass DDS,"Douglas, Thompson and Warren","89240 Keith Radial Apt. 949
Port Timothy, PA 20896",South Michaelfort,kelsey03@example.org,83462
206274,Sharon Garcia,"Bailey, Reilly and Levy","603 Sarah Mountains Apt. 989
Kingchester, OK 01051",New Keithstad,crystalmanning@example.com,194653
206275,Wanda Henderson,Lamb and Sons,"9575 Russell Fort
New Donaldton, SD 23201",Jenkinstown,iwillis@example.net,141993
206276,Emily Wolfe,Davis-Stephenson,"Unit 9659 Box 8795
DPO AP 62912",Josephhaven,clayton41@example.net,93938
206277,Gregg Humphrey,"Steele, Floyd and Guerrero","30475 Ray Brooks Apt. 504
Port Christopher, AL 09689",Schmidtshire,gcampos@example.org,181229
206278,Amber Jarvis,Collins-Gonzalez,"34041 Erika Shore Suite 529
Martinezton, AR 82238",East Rose,ogonzalez@example.org,190138
206279,Sierra Zimmerman,"Riley, Todd and Flores","51573 Adams Gardens
Port Gerald, MH 81258",Thomasland,april49@example.org,141615
206280,Joshua Lawrence,Lewis-Merritt,"97251 Gay Route
South Scottberg, AL 26477",Micheleberg,eric01@example.net,55489
206281,Samuel Riddle,Garcia-Riley,"16311 Michael Falls
Ashleyland, DE 00925",Kendrafurt,yholt@example.com,174937
206282,Ronald Cunningham,Webb-Garcia,"677 Joseph Corners
Stephanietown, MO 90753",North Jasonchester,jcortez@example.net,195113
206283,Cindy Pennington,Lopez Ltd,"04959 Nelson Manor
New Samuelfurt, TN 81961",Scotthaven,vritter@example.net,97963
206284,Tara Keller,Nelson Ltd,"977 Jerry Summit
South Brittany, RI 98438",Nguyenberg,bgonzales@example.org,92785
206285,Jimmy Neal,Adams-Adams,"185 Murphy Estates
North Davidbury, MN 53185",South Christopherton,moranshelby@example.net,60359
206286,James Cantrell,Hughes-Griffith,"347 James Pine Suite 609
West Andreafort, IA 62105",Lake Angelafort,qanderson@example.org,183176
206287,Courtney Sutton,Phillips and Sons,"44681 Joseph Underpass Suite 818
Tylerchester, OR 97820",Lake Sandra,paul47@example.net,124769
206288,Kimberly Ritter,Romero-Sharp,"82303 Price Via
West Katie, ID 42772",Taraport,justindavenport@example.org,122386
206289,Christie Miller,English-Mccoy,"06546 Belinda Extensions Suite 211
Feliciachester, ND 72678",Williamschester,robinsonkelly@example.com,56189
206290,Bryan Harvey,"Brown, Wise and Hebert","Unit 1708 Box 2544
DPO AE 95626",West Bethbury,kevin03@example.com,189724
206291,Kevin Santana,Richardson-Lam,"079 Gomez Island Suite 557
New Cherylfort, DC 03892",Allisonborough,shannonross@example.org,133042
206292,Janet Shaw,"Beasley, Johns and Gonzalez","34226 Freeman Bridge Suite 620
New Gregtown, OK 94685",South Kristinachester,vmoreno@example.net,142793
206293,Susan Gonzalez,Ashley Group,"482 Obrien Park
Kellyfort, TX 81640",Jacobsontown,molly65@example.org,104273
206294,Brent Morse,Wilson Group,"Unit 6334 Box 1781
DPO AP 69868",North Virginia,qrowe@example.net,199337
206295,Timothy Young,Long-Medina,"0478 Watson Station Apt. 717
Langtown, MI 17306",Escobarside,jean88@example.net,117768
206296,Jack Mcintosh MD,"Gomez, Schmidt and Cummings","3840 Schmidt Burg Suite 467
Chadfurt, AL 12548",Morrisberg,aaronlewis@example.com,54900
206297,Kelli Hernandez,Martinez-Garcia,"Unit 1416 Box 5657
DPO AA 34495",Ginaville,gerald24@example.net,58343
206298,Wanda Williams,"Leonard, Rangel and Castillo","4882 Vazquez Isle
West Lauraborough, MI 96984",Brianmouth,caldwelldaniel@example.com,65275
206299,Regina Phillips,"Evans, Zhang and Lee","13409 John Squares
Emilymouth, NV 59338",Hoffmanchester,emily95@example.org,194293
206300,George Anderson,"Mclean, Parker and Flores","USNS James
FPO AA 32459",Kylemouth,shane46@example.org,99088
206301,Robert Ward,Mccormick-Adams,"419 Gene Track Apt. 420
Lake Johnhaven, MN 52791",West Christopher,durhamcurtis@example.com,154017
206302,Gail Hurst,Shepard Group,"Unit 8577 Box 3939
DPO AE 75763",Kevinshire,matthew61@example.com,72542
206303,Jonathan Roberts,Pena LLC,"693 Richard Mews
Graybury, CA 43165",Hamptonville,kevin94@example.net,113105
206304,Amy Mendoza,Soto-Foster,"28029 Mason Crescent Suite 357
Figueroachester, PW 91820",Mistyport,gbaird@example.net,116602
206305,William Cox,Eaton-Wise,"4601 Linda Stream Suite 540
Alexandermouth, CO 59988",Port Timothy,heatherrodriguez@example.com,119205
206306,Victoria Harris,Livingston PLC,"65818 White Row Apt. 638
South Joshuaside, AL 39164",Traceyside,ydoyle@example.org,61286
206307,Kristy Ho,Berg-Johnson,"642 Michelle View Apt. 119
Farrellland, MH 88094",Gillespieport,dwalker@example.org,70174
206308,Laura Avila,Franklin Inc,"5723 Roberts Brook
New Jason, MD 89868",Trevorshire,jenna96@example.com,187176
206309,Natalie Holmes,Henry-Mccormick,"945 Christopher Meadow Suite 467
New Katherinemouth, SD 10726",Mooreview,luisponce@example.com,94347
206310,Michelle Johnson,Macias-Garcia,"USNS Perry
FPO AE 41055",North Josephmouth,kparker@example.org,100914
206311,Nathaniel Barry,Horton-Meyer,"16077 Courtney Manor
Seanborough, IL 30799",East Loriland,wrightalexa@example.net,195319
206312,John Torres,Kelly-Ramos,"0912 Christian Rue Suite 528
South Scottton, FL 03891",Hardinside,oadams@example.net,96724
206313,John Hernandez,Wiley-Young,"445 Sandoval Trace Suite 602
Kingmouth, WA 37143",Nealmouth,katherinecannon@example.net,72186
206314,Danielle Mcdonald,"Terrell, Beck and Rivera","40059 Bell Junction
West Johnland, MO 07048",Port Marcus,cervantespamela@example.net,59418
206315,Harold Johnson,"Carpenter, Wilson and Shelton","08343 Drew Trace Apt. 602
New Davidville, MT 51982",East Michael,plloyd@example.org,139661
206316,Christian Salinas,Lewis Ltd,"151 Clifford Turnpike Suite 028
New Leslieland, FM 88061",West Elizabeth,wudonald@example.org,69022
206317,Marie Collins,Young-Reyes,"02522 John Row
Patriciabury, MN 59449",Port Ryanshire,collinsjulie@example.net,76439
206318,David Jones,Rush Group,"3932 Dixon Manors Suite 176
Jamiebury, MN 47433",Jenniferberg,cisnerospriscilla@example.net,69382
206319,Vincent Roth,"Cook, Ayala and Luna","52411 Sean Well
Port Natalieland, FL 86212",Jasonland,sstone@example.com,98181
206320,Cody White,"Daniels, Gallagher and Hughes","57962 Tucker Park Apt. 339
Jacquelinestad, KY 39263",Maymouth,piercealexa@example.com,181911
206321,Joe Malone,"Flores, Gonzales and Hayes","09294 Teresa Plain
Markbury, DC 61031",Grimesfort,lewisryan@example.org,147146
206322,Jennifer Johnson,Sharp-Perry,"552 Hill Course
Port Blakefort, CA 09511",Danielsside,brittany27@example.org,159355
206323,Regina Craig,Wilson Ltd,"PSC 1156, Box 2238
APO AA 69836",North Andrewberg,gperez@example.com,149052
206324,Stuart Pruitt,"Phillips, Andrews and Brooks","3856 Davis Junctions
Johnmouth, OK 73373",Blankenshipview,thansen@example.net,194644
206325,Kathy Irwin,Johnson-Jones,"615 Michelle Forge
Johnsonstad, SD 79971",Mcleanmouth,jacksonjeanne@example.com,139056
206326,Mr. Samuel Rivera,Lamb-Ford,"554 Kevin Views Apt. 209
Erikaville, GU 23321",Mitchellland,grace90@example.org,73301
206327,David Mcmahon,"Jordan, Medina and Baird","839 Gibson Prairie Suite 538
Lindabury, MO 94728",North Jennifer,angelicajenkins@example.org,113943
206328,Sherry Barker,"Garcia, Stark and Pope","84782 Webb Island Suite 895
Robertmouth, NC 97483",Breannaberg,xbennett@example.net,169505
206329,Megan Roth,"Camacho, Foster and Bender","22015 William Shores Suite 119
East Lanceberg, GA 84569",West Laura,patrick02@example.net,111342
206330,Michael Young,"Garcia, Baldwin and Arroyo","9462 Mary Pine
South Jeffrey, NM 60043",East Rachelfurt,anthonysimmons@example.com,178864
206331,Douglas Roth,Knox Inc,"17748 Barbara Forge Suite 939
Pamelaberg, MN 45539",South Samueltown,ibarker@example.net,51692
206332,Cheryl Noble,Jones Ltd,"3902 Johnson Square Suite 879
Seanview, MS 02124",Port Lindseyport,ldorsey@example.net,58471
206333,Manuel Brown,"Johnson, Holmes and Banks","Unit 8190 Box 8268
DPO AE 95692",Thomasburgh,tammywinters@example.com,182166
206334,Victoria Gordon,Wong LLC,"191 Reed Circles
East Ashley, ND 37308",South Heather,jasonbullock@example.com,128646
206335,Daniel Hernandez,"Perry, Morgan and Robbins","383 Michael Curve
Timothyfort, KY 81895",West Stephen,jordanrivers@example.net,135786
206336,William Barnett,"Spears, Miller and Miller","82112 Alvarado Oval
Millermouth, LA 21924",Ellischester,cpatterson@example.net,169087
206337,John Brown,Weiss-Williams,"29551 Mark Branch Apt. 641
West Thomas, KS 11964",Chelseafort,kevinreeves@example.org,161803
206338,Michael Taylor,Carson PLC,"98862 Cody Cliff
Claudiaton, WA 20058",Paulburgh,jalexander@example.com,76352
206339,Ann Phillips,"Alvarez, Garza and Hunter","PSC 3101, Box 6737
APO AE 08764",Edwardstown,brendanlawrence@example.net,83369
206340,Tony Thomas,"Vance, Mills and Garza","98180 Reed Gateway Suite 262
East Lorishire, MH 54880",West Rebecca,moorejennifer@example.org,72847
206341,Gabrielle Schwartz,"Rogers, Washington and Walker","79902 Kyle Harbors
Port Dianeland, VT 52203",Edwardshire,michellerobertson@example.org,63204
206342,John Holland,"Rosales, Jennings and Hoffman","8243 Kaylee Turnpike Apt. 330
Williammouth, MS 52280",Lake Elizabethborough,lynchtammy@example.org,112713
206343,Erica Hernandez,Smith Ltd,"0146 Green Courts Apt. 319
Reyestown, KS 28355",East Kennethhaven,david95@example.org,167120
206344,Dawn Jones,Wilson-Hawkins,"81370 Blackburn Walks Apt. 920
North Michaelstad, MN 04650",East Jeffrey,rgarrett@example.org,88075
206345,Steven Morris,Sullivan-Wagner,"48725 Jacob Harbors
Dylanstad, MA 58466",Port Karenshire,kevin34@example.org,65609
206346,Mrs. Julie Rogers,"Kent, Monroe and Booth","110 Christian Tunnel Apt. 657
Benjaminville, WA 89827",New Patrick,pshaw@example.com,143706
206347,Dr. Larry Kennedy,"Hurst, Macias and Gonzalez","56948 Connor Spring
Spearschester, RI 65511",Danielleshire,braunalexander@example.org,87023
206348,Ryan Robinson,Haynes and Sons,"90094 Kristina Green Suite 046
Jamesburgh, VT 74622",Ramosfurt,jeffrey75@example.org,173904
206349,Debra Wood,Williams Group,"96704 Elliott Forest
Chavezstad, MO 40075",South Christopher,iwalters@example.net,142109
206350,Alejandro Cain,"Anderson, Green and Shields","2270 Jeffrey Springs
South Juanhaven, PW 12283",Robertside,uholmes@example.com,138245
206351,Laura Harper,"Mcmahon, Gonzales and Russell","8609 Michael Terrace
Rachelside, TN 09319",Fisherfort,williamsmark@example.com,79044
206352,Katrina Simmons,Fitzgerald