49@example.com,51992
289074,Barbara Bradford,"Patel, Olson and Lopez","9850 Thomas Ramp Apt. 558
North Stephen, OR 64990",West Ericmouth,adamvelazquez@example.net,129071
289075,Mr. Billy Walls DDS,"Medina, Wilson and Woods","506 Victoria Islands
Port Isabel, IL 23993",North Joshuatown,robinsonchristopher@example.com,94082
289076,Jessica Hickman,Roberts-Ayers,"894 Gibbs Extension
Davidchester, NY 87648",South Linda,smithlisa@example.com,149346
289077,Kelli Garcia,"Gutierrez, Diaz and Ray","00587 Trujillo Rapids
New Daniellemouth, UT 97837",New Christine,kingbenjamin@example.org,108549
289078,Lauren Simmons,"Martin, Garcia and Stephens","12372 Angela Plains
Theresamouth, MH 34468",Port Denisechester,valenciamary@example.net,67896
289079,Peter Stone,"Taylor, Peterson and Bowers","USCGC Tran
FPO AP 53261",North Ericaton,erinjones@example.net,116371
289080,Julie Miller,"Hernandez, Gray and Wu","866 Robinson Summit Suite 248
Barrymouth, CO 57027",North Jose,gmcdonald@example.net,80193
289081,Donald Scott,Jensen Inc,"2561 Brooks Brooks
Ramirezfort, AL 73247",Port Traceyside,mbeasley@example.org,78291
289082,Matthew Moore,Peters-Carroll,"76888 Martinez Orchard
South Michael, TX 77808",Matthewhaven,watsonrachel@example.net,131769
289083,Nicholas Oconnor,Gordon-Morse,"7148 Christina Lake
Port Mark, NE 06225",New Jennifer,beckeradrian@example.com,84580
289084,Sarah Nelson,Smith-Vaughan,"4685 Johnson Skyway
West Eileenberg, NY 95191",West Adrian,kelleycarol@example.net,149574
289085,Ashley Farrell,Atkins-Rodriguez,"24011 Nguyen Mission Apt. 810
South Madisonfort, WV 93157",East Kyle,grimeselizabeth@example.com,72521
289086,Joseph Aguirre,"Anderson, Johnson and Gonzales","985 Downs Grove Suite 848
Rodriguezmouth, PW 69902",Thomasbury,goodcory@example.net,172065
289087,Chase Horton,Young Ltd,"845 Bates Stream
Murraytown, PW 86298",Nortonbury,ivanpeterson@example.com,197650
289088,Ashley Johnson,Mcgrath Group,"142 Patterson Fork
Lake Shanemouth, MA 52328",Montoyashire,jimenezkaren@example.com,117990
289089,Angel Williams,Carter PLC,"0593 Scott Parks
Lake Adrian, VA 58448",Lake Katherineburgh,moralesashley@example.com,70452
289090,Brooke Day,Bowman-Johnson,"USNV Holloway
FPO AE 49326",West Tammyland,clarence25@example.com,61695
289091,Brian Romero,"Gonzalez, Fisher and Porter","076 Raymond Greens Suite 028
Lake Angelaborough, CT 95983",West Renee,gregory48@example.net,86373
289092,Walter Lang,"Schwartz, Moore and Garcia","17811 Brown Garden
Jenniferton, WV 15783",Simsstad,robinliu@example.org,187686
289093,Lance Martinez,Baker-Hansen,"Unit 1203 Box 2648
DPO AA 05376",Alvaradochester,colleenalvarez@example.net,72828
289094,Jonathan Melton,Bailey-Brown,"58608 Stewart Extensions Suite 975
Elizabethtown, AS 46072",Batesberg,michelle84@example.com,143275
289095,Kimberly Martinez,"Clark, Hart and Johnston","Unit 2075 Box 2272
DPO AE 07758",Lake Phyllis,martinezdavid@example.com,102228
289096,Rhonda Parks,Moore-Dunlap,"8977 Mercado Point
Ritamouth, MD 30781",Lake Justin,christopher20@example.net,120961
289097,Steven Bauer,"Pruitt, Hendrix and Wright","96001 Patterson Flat
Nicolestad, NE 86140",Brianborough,jrich@example.org,75490
289098,Daniel Henderson,Frazier Ltd,"282 Cline Trail Apt. 010
Alexburgh, CA 50565",East Christinaport,taylor96@example.org,179967
289099,James Solis,Nichols-Williams,"464 Jennifer Tunnel Suite 703
East Jesusfurt, MP 24730",Johnsonmouth,john46@example.net,198854
289100,Kristine Turner,Cochran PLC,"14768 Gregory Well
Christineshire, VI 43278",Port Rachelfort,bryanbenitez@example.org,111379
289101,Robert Mayer,Simmons-White,"PSC 0547, Box 4152
APO AE 24495",Angelastad,jillian02@example.com,83784
289102,Dr. Christina Phillips,"Ritter, Patel and Jacobson","5779 Anthony Well
East Diana, SC 74372",Robertview,sandra91@example.com,136897
289103,Jared Morales,Harding-Fletcher,"0621 Abigail Alley Suite 333
Clarkmouth, UT 98648",Stevenside,jonesthomas@example.com,163465
289104,Wendy Hill,Gallagher-Payne,"17995 Young Burg
New Andrea, NC 92136",Roberthaven,kevin40@example.net,196108
289105,Michael Valdez,"Lee, Moore and Martinez","08985 Baker Shores Suite 206
West Meagan, IA 76493",Christophermouth,oliviafletcher@example.net,197197
289106,Stephanie Jackson,Stone-Lawson,"4273 Jordan Road
West Curtisborough, UT 47539",Robertton,rebecca49@example.org,93353
289107,Catherine Sharp,Robinson and Sons,"92648 Vanessa Prairie
North Chloefort, PR 20366",Kevinport,claire16@example.org,144473
289108,Trevor Simpson,"White, Smith and Jennings","466 Lauren Underpass
East Katherine, OK 06898",Port Courtneyfort,john77@example.org,105269
289109,David Reyes,Newton-Evans,"5307 Christian Tunnel
West Williamtown, NH 43813",Port Andrew,nguyenjamie@example.com,51851
289110,Steven Shaw,"Choi, Byrd and Smith","5785 Jones Track
Port Helenchester, OK 12615",West Joshua,terryrhonda@example.com,161594
289111,Gregory Phillips,"Rice, Wise and Hampton","19026 Floyd Mountain Suite 002
Tracyshire, ID 83203",Heatherchester,smithdebra@example.com,99449
289112,Emily Dalton,Lopez PLC,"088 Joshua Islands Apt. 398
Smithbury, MH 71625",Port Lauren,nicole34@example.net,184153
289113,Maria Flores,Cisneros PLC,"9959 Riddle Union
New Jenny, NE 98278",Johnsontown,tamaralopez@example.org,57236
289114,David Smith,"Johnston, Valencia and Bradley","4322 Torres Wells
Stricklandview, NV 87621",Steinton,hamiltonemily@example.com,89318
289115,Katie Stokes,Phillips PLC,"9786 Lee Dam
Harrisonbury, NV 25974",Hollyville,kboyd@example.net,171552
289116,Kristin White,Stout-Swanson,"27724 Johnson Lodge Suite 531
Manningbury, SD 79027",North Matthewbury,smithkimberly@example.com,137425
289117,Cody Wilkins,Robinson Ltd,"353 Lewis Turnpike
Tannerside, NV 65142",Sancheztown,bartletttanya@example.com,105212
289118,Jeffrey Cantu,Scott PLC,"319 Schwartz Viaduct Suite 581
Port Catherine, ID 37318",Barberton,cbryan@example.org,55931
289119,Desiree Hall,"Nichols, Bell and Rivera","PSC 3806, Box 4228
APO AP 03226",Lake Jerry,bradyruben@example.org,62989
289120,Megan Barker,Proctor Ltd,"92758 Amanda Rue Suite 569
Delgadohaven, FL 51767",Dannyshire,kendra11@example.com,119202
289121,Jessica Chavez,Erickson Inc,"65323 Mcguire Oval Apt. 636
Rossside, OK 51042",Smithchester,sarahhendricks@example.org,63339
289122,Kristina Avery,"Carter, Maldonado and Aguilar","5901 Steven Plains Suite 366
Tammyport, VI 47393",Haneyside,clewis@example.org,69006
289123,Vincent Andrews,Clark PLC,"4679 Meghan Rapids Apt. 611
East Martin, KS 87782",Kimberlyfurt,olee@example.org,72655
289124,Garrett Nguyen,"Mcclure, Rivas and Coleman","574 Susan Court
Tylermouth, OR 62585",East Ashleymouth,kathleenhammond@example.org,182643
289125,Brandon Montes,Mcneil Inc,"827 Ryan Mountains
West Garrett, NV 01593",East Travis,lindaward@example.net,93198
289126,Catherine Foster,Vincent and Sons,"USNV Jackson
FPO AP 38843",Buchananstad,allencarlson@example.org,116352
289127,Robert Ellis,"Solis, Davis and Harding","PSC 8943, Box 5255
APO AP 17035",Lake Kristenview,hansonanne@example.org,55436
289128,Michael Lyons MD,Simmons PLC,"425 Alejandro Harbor Apt. 490
Fosterbury, IN 38064",New Brenda,jrodriguez@example.net,112503
289129,Kristin Mccullough,"Lynn, Hamilton and Smith","1135 White Ports Apt. 860
Connieton, AK 26255",Davenportbury,courtneycarter@example.org,171554
289130,Charles Mckinney DDS,Abbott-Curtis,"486 Salazar Mission
Cynthialand, MA 88796",Woodsfort,lesliesimpson@example.net,175713
289131,Andrea Reeves,Oconnell and Sons,"6620 Richard Station
East Nancybury, NE 89260",New Marcus,jared07@example.org,51482
289132,Juan Gomez,"Warner, Wright and Smith","77986 Kent Cliffs Apt. 923
Natashastad, OK 35182",East Sabrinashire,aaron17@example.com,113909
289133,Cynthia Gonzalez,"Johnson, French and Watson","03887 Lisa Fort Apt. 797
North Glennville, PR 37276",Christinaborough,ortizyolanda@example.com,113888
289134,Wayne Phillips,Page PLC,"PSC 7104, Box 8642
APO AA 10892",Harrisonview,natalie23@example.org,139754
289135,Shelby Horton,Barajas Ltd,"2686 Alicia Lights
Williammouth, ID 28819",North Dianeborough,daniel42@example.net,163737
289136,Rebecca White,"Adams, Parks and Smith","0805 James Rapids Apt. 441
Brendachester, NE 23707",South Renee,matthewsemily@example.com,165776
289137,Jonathan Bowers,"Quinn, Davis and Perry","47846 David Branch Apt. 187
Marissaborough, ME 74143",Monicabury,cindy96@example.net,193834
289138,Olivia Campbell,Oliver Ltd,"17208 Proctor Radial
Lindafort, IA 85322",Copelandview,hwilliams@example.net,87387
289139,Brandon Brock,"Wood, Green and Campbell","4440 Miller Circle Apt. 165
Smithview, AR 61883",East Derrick,campbellpamela@example.org,181869
289140,Gerald Price,"Thompson, Miranda and Taylor","0685 Eric Fields
New Moniquemouth, MN 40600",West Jonathan,edward32@example.org,93420
289141,Christine Patrick,Romero Ltd,"5580 John Gateway Apt. 494
Parkershire, SC 33485",Anthonybury,zwalton@example.com,104710
289142,Charles Greene,Kaiser-Wong,"890 Melissa Turnpike Suite 114
Michelleburgh, NJ 05902",Michaelbury,victoriaball@example.com,156396
289143,Frank Hicks,"Robinson, Rogers and Mendoza","95164 Patricia Bridge
Brooksview, NH 62805",North Jacquelinemouth,dereksoto@example.org,96016
289144,Michael Austin,Mendoza-Howard,"651 Stanton Isle
West Alexander, KS 00877",Martinezborough,mario65@example.net,112021
289145,Ryan Ali,Delacruz-Bradley,"51548 Julie Street Suite 768
Lake Nicole, MI 55597",Josemouth,james58@example.com,106360
289146,Kaylee Davis MD,"Gates, Cooley and Cruz","8597 Brown Walks
North Joshua, NV 89990",Nicholashaven,kwhite@example.com,134504
289147,Thomas Cooper,Sparks-Tyler,"121 Jonathan Harbor Suite 627
East Kellyside, NE 46857",Hamiltonmouth,cory37@example.net,129907
289148,Amanda Mueller,Baker PLC,"PSC 9173, Box 4048
APO AP 88011",Susanfort,isanchez@example.com,109497
289149,Allison Trevino,Evans-Johnson,"564 Brooks Bridge
Rebeccaborough, NY 74888",Scottland,lyonsalicia@example.com,184162
289150,Robert Reyes,"Morris, Smith and Greer","616 Katie Street Suite 662
Cherryborough, RI 01704",Kingfort,paulcox@example.org,80628
289151,Sherry Perkins,"Rollins, Hall and Jackson","43711 Ward Spurs
North Amy, OH 46136",North Robert,tracypatterson@example.org,132410
289152,Michelle Frazier,Webster Inc,"USS Richards
FPO AA 47417",Harrisside,lisa07@example.net,126738
289153,Jennifer Murillo,"Walker, Bradley and Wagner","7329 Stewart Trail Suite 213
Morrisonfurt, IL 75380",Lake Katie,debbieholland@example.net,176283
289154,Jason French,"Taylor, Valdez and Vargas","16145 Brewer Fork Suite 323
Port Patriciaton, AK 95598",Michaelside,holmesrichard@example.com,167613
289155,Karen Gilmore,"Hawkins, Brennan and Oliver","6951 Joseph Corner
South Mark, CT 92847",Kristenhaven,johnsonyolanda@example.net,101761
289156,Joshua Winters,"Lynn, Smith and Thomas","93138 Webb Skyway
Danielsville, DC 55433",Martinezside,michael88@example.org,96856
289157,Vincent Hopkins,Madden Ltd,"8888 Porter Canyon Suite 808
Cookfort, GA 18909",Port Johnstad,samantha62@example.org,124849
289158,Caitlin Huber,Sanders-Garcia,"68949 Moss Knolls
Melvinport, NM 31079",Whitestad,ireyes@example.com,102013
289159,Jeffrey Knight,Miller Ltd,"425 Mark Falls
Thomasmouth, NY 84738",Jamesberg,michael07@example.com,123919
289160,Mike Mclean,Lowe Inc,"PSC 1103, Box 1837
APO AE 91523",Danielland,keith08@example.com,85765
289161,Maria Taylor,Brewer-Allen,"PSC 2677, Box 9969
APO AP 29089",Kristinshire,banderson@example.org,120183
289162,Alexander Atkins,"Allen, Nichols and Tyler","PSC 0459, Box 5757
APO AP 66299",West Kimberly,jamesmontgomery@example.net,154085
289163,Cindy Sanders,"Kim, Wilson and Morse","47707 Christopher Manor
West Nicoleborough, TX 55760",Shaneborough,wrightallison@example.com,64293
289164,Kendra Neal,Solis-White,"092 Rasmussen Forks Apt. 583
Harrishaven, PR 03218",New Melinda,rosejeremy@example.net,139849
289165,Kayla Gibson,Duran-Rocha,"1487 Ware Mall
Lake Jennifer, DE 37420",Barrettport,gonzalezrobert@example.com,112256
289166,Brenda Chavez,"Morris, Nelson and Smith","6594 Baldwin Light
Lake Nicolebury, SD 65089",Lake Jillian,alan43@example.net,88106
289167,Monica Bowman,Brown-Walters,"607 Russell Spur
New Megan, CT 27346",Olsonville,shaunhutchinson@example.org,131034
289168,Jennifer Maldonado,"Barnes, Manning and Guerrero","97678 Rowe Estates Apt. 322
Scottville, AR 58456",Abbottville,chenkimberly@example.com,187349
289169,Dean Thompson,Blake Inc,"62209 Lane Coves
North Pamela, ND 92462",Richardfort,erin10@example.com,161984
289170,Jordan Tran,Rodriguez-Farmer,"422 Benjamin Avenue Suite 828
Johnsonville, IL 74567",Port Matthewland,crossmichael@example.org,118622
289171,Michael Hill,Rice and Sons,"398 Rachel Shoal Apt. 604
New Cody, OR 14943",East Brett,ericreed@example.org,90987
289172,Kylie Mccoy,Lee PLC,"544 Meredith Knoll Suite 857
Bradleyshire, PA 13662",Alvarezville,qbell@example.net,181604
289173,Mary Hodges,"King, Hernandez and Perry","31376 James Views Suite 263
Lake Virginia, MT 76403",Meyerview,hernandezrodney@example.org,62590
289174,Samuel Fox,"Thompson, Rivera and Carson","91638 Gordon Loop Apt. 544
West Patrickton, NH 59255",North Robert,kevin67@example.net,150194
289175,Leslie Ortiz,Johnson-Hamilton,"2284 Garcia Summit
Shirleymouth, OK 63363",Morrishaven,hbenitez@example.com,54542
289176,Wesley Avila,Bell and Sons,"PSC 6341, Box 5035
APO AA 10070",Lake Aaron,robinsonwilliam@example.com,83713
289177,Jeanette Morton,Porter-Williams,"06407 Romero Landing Apt. 281
Williamsside, MO 58375",Mcintoshville,klopez@example.com,88014
289178,Misty Green,Morris and Sons,"60424 James Mountains
East Davidview, OH 85094",West Robert,michaelschmidt@example.org,90597
289179,Nicole Russell,"Vance, Parks and Harris","84968 Davis Highway
Tonyborough, DE 63581",East Eric,donald95@example.com,151902
289180,Juan Ortega,Owen-Ward,"971 Nicholas Port
Stacyton, NE 53964",West Jonathanview,donnathornton@example.com,113662
289181,Sheila Keller,Cruz PLC,"PSC 5691, Box 5374
APO AE 36986",Woodschester,ecook@example.com,59807
289182,Rachel Nguyen,Shea-Clark,"USCGC Hoover
FPO AA 49478",Clintonshire,efrank@example.org,139453
289183,Daniel Phillips,"Martin, Wright and Thompson","89800 Herring Cove
Cindyport, NM 62089",Andersonbury,jay42@example.org,180043
289184,John Meadows,Adkins-Richardson,"4561 Julie Motorway
New Michael, MD 62014",Collierton,hendrickslisa@example.org,158946
289185,Robert Smith,"Holland, Hatfield and Rangel","4044 Ray Courts
Jillstad, IL 83777",North Shannonside,asmith@example.org,164380
289186,Tiffany Dougherty,Howard Group,"7808 Brown Prairie Apt. 284
Michelleview, ID 12719",South Toddville,mcintoshjason@example.org,68024
289187,Hannah Mccarty,"Carroll, Moore and Soto","07090 Steven Prairie
New Christopherhaven, WI 78099",Harveyfort,dennis52@example.net,140072
289188,Brandon James,Flores-Garcia,"PSC 5352, Box 9925
APO AA 63632",Bookerborough,catherinecoleman@example.org,193438
289189,Regina Wiley,Wiggins-Willis,"3060 Gregory Spring
Weaverburgh, OK 02496",Port Susanland,george28@example.net,90355
289190,Amanda Arnold,"Levine, Mack and Santana","44795 Carr Mountains Apt. 841
Hicksport, OR 21759",Hansonstad,cummingschristopher@example.com,139837
289191,Kathleen Pacheco,"Alvarez, Parker and Sanders","176 Ballard Passage
Lake Amandaview, RI 38346",Underwoodtown,jack67@example.net,117563
289192,Ryan Chandler,"Salinas, Patton and Mills","7035 Mayer Bypass Suite 082
Kerrimouth, PR 82865",South Caleb,natalie45@example.net,128486
289193,Eric Tapia,Ford Ltd,"4495 Fleming View
Brownbury, ID 54119",East Craig,adamsbrooke@example.net,184538
289194,Sarah Gonzalez,Leonard Ltd,"74664 Sarah Shoal Suite 634
Christopherside, CA 25684",West Peterton,ruizrobert@example.org,118360
289195,Michael Quinn,Smith-Soto,"7619 Phyllis Villages
East Brian, CT 98251",Amymouth,qfrazier@example.com,191657
289196,Charles Pitts,Jensen Inc,"4030 Hunter Wall Suite 187
West Denise, HI 06821",Thomaston,jsutton@example.net,165810
289197,Grant Garcia,Johnson Inc,"0317 Donald Spur Suite 196
Cummingstown, FL 07567",East Benjamin,coxbrian@example.net,58907
289198,Jose Munoz DDS,Carson LLC,"USNV Ibarra
FPO AE 63250",Port Lauraland,nfernandez@example.org,136249
289199,Mary Brown,"Turner, Mckay and Mccullough","20461 Matthews Islands Suite 734
South Rickyside, PA 07024",West Gary,andreaandersen@example.org,114431
289200,Amanda Wa